
 /----------------------------------------------------------------------------\
 |  yosys -- Yosys Open SYnthesis Suite                                       |
 |  Copyright (C) 2012 - 2026  Claire Xenia Wolf <claire@yosyshq.com>         |
 |  Distributed under an ISC-like license, type "license" to see terms        |
 \----------------------------------------------------------------------------/
 Yosys 0.68+136 (git sha1 c30457480-dirty, Release, Clang /usr/bin/clang++ 21.1.8)

-- Executing script file `synth/xc7_datapath_pipelined.ys' --

1. Executing SLANG frontend.
Top level design units:
    datapath_pipelined


Build succeeded: 0 errors, 0 warnings

1.1. Executing PROC_CLEAN pass (remove empty switches from decision trees).
Found and cleaned up 1 empty switch in `\datapath_pipelined.$681'.
Found and cleaned up 1 empty switch in `\datapath_pipelined.$657'.
Removing empty process `datapath_pipelined.$647'.
Found and cleaned up 1 empty switch in `\datapath_pipelined.$420'.
Found and cleaned up 1 empty switch in `\datapath_pipelined.$375'.
Found and cleaned up 1 empty switch in `\datapath_pipelined.$357'.
Found and cleaned up 1 empty switch in `\datapath_pipelined.$341'.
Found and cleaned up 1 empty switch in `\datapath_pipelined.$290'.
Found and cleaned up 1 empty switch in `\datapath_pipelined.$281'.
Found and cleaned up 1 empty switch in `\datapath_pipelined.$205'.
Found and cleaned up 1 empty switch in `\datapath_pipelined.$198'.
Removing empty process `datapath_pipelined.$173'.
Found and cleaned up 1 empty switch in `\datapath_pipelined.$50'.
Found and cleaned up 1 empty switch in `\datapath_pipelined.$31'.
Removing empty process `datapath_pipelined.$25'.
Found and cleaned up 1 empty switch in `\datapath_pipelined.$11'.
Cleaned up 13 empty switches.
<suppressed ~275 debug messages>

1.2. Executing TRIBUF pass.

1.3. Executing PROC_RMDEAD pass (remove dead branches from decision trees).
Marked 1 switch rules as full_case in process $451 in module datapath_pipelined.
Marked 1 switch rules as full_case in process $420 in module datapath_pipelined.
Marked 3 switch rules as full_case in process $375 in module datapath_pipelined.
Marked 13 switch rules as full_case in process $357 in module datapath_pipelined.
Marked 5 switch rules as full_case in process $341 in module datapath_pipelined.
Marked 11 switch rules as full_case in process $290 in module datapath_pipelined.
Marked 1 switch rules as full_case in process $281 in module datapath_pipelined.
Marked 1 switch rules as full_case in process $205 in module datapath_pipelined.
Marked 3 switch rules as full_case in process $198 in module datapath_pipelined.
Marked 1 switch rules as full_case in process $657 in module datapath_pipelined.
Marked 1 switch rules as full_case in process $71 in module datapath_pipelined.
Marked 1 switch rules as full_case in process $50 in module datapath_pipelined.
Marked 2 switch rules as full_case in process $31 in module datapath_pipelined.
Marked 1 switch rules as full_case in process $681 in module datapath_pipelined.
Marked 2 switch rules as full_case in process $11 in module datapath_pipelined.
Removed a total of 0 dead cases.

1.4. Executing PROC_PRUNE pass (remove redundant assignments in processes).
Removed 70 redundant assignments.
Promoted 0 assignments to connections.

1.5. Executing PROC_INIT pass (extract init attributes).

1.6. Executing PROC_ROM pass (convert switches to ROMs).
Converted 0 switches.
<suppressed ~51 debug messages>

1.7. Executing PROC_MUX pass (convert decision trees to multiplexers).
Creating decoders for process `\datapath_pipelined.$451'.
     1/65: $645
     2/65: $642
     3/65: $639
     4/65: $636
     5/65: $633
     6/65: $630
     7/65: $627
     8/65: $624
     9/65: $621
    10/65: $618
    11/65: $615
    12/65: $612
    13/65: $609
    14/65: $606
    15/65: $603
    16/65: $600
    17/65: $597
    18/65: $594
    19/65: $591
    20/65: $588
    21/65: $585
    22/65: $582
    23/65: $579
    24/65: $576
    25/65: $573
    26/65: $570
    27/65: $567
    28/65: $564
    29/65: $561
    30/65: $558
    31/65: $555
    32/65: $552
    33/65: $549
    34/65: $546
    35/65: $543
    36/65: $540
    37/65: $537
    38/65: $534
    39/65: $531
    40/65: $528
    41/65: $525
    42/65: $522
    43/65: $519
    44/65: $516
    45/65: $513
    46/65: $510
    47/65: $507
    48/65: $504
    49/65: $501
    50/65: $498
    51/65: $495
    52/65: $492
    53/65: $489
    54/65: $486
    55/65: $483
    56/65: $480
    57/65: $477
    58/65: $474
    59/65: $471
    60/65: $468
    61/65: $465
    62/65: $462
    63/65: $459
    64/65: $456
    65/65: $453
Creating decoders for process `\datapath_pipelined.$420'.
     1/9: $ex_mem.imm_out$429
     2/9: $ex_mem.pc_plus4_out$428
     3/9: $ex_mem.rd_out$427
     4/9: $ex_mem.rdata2_out$426
     5/9: $ex_mem.alu_result_out$425
     6/9: $ex_mem.memregpc_out$424
     7/9: $ex_mem.memr_out$423
     8/9: $ex_mem.memw_out$422
     9/9: $ex_mem.regw_out$421
Creating decoders for process `\datapath_pipelined.$375'.
     1/2: $alu_unit.zero$388
     2/2: $alu_unit.result$386
Creating decoders for process `\datapath_pipelined.$357'.
     1/7: $aluctrl.op$365
     2/7: $aluctrl.op$363
     3/7: $aluctrl.op$364
     4/7: $aluctrl.op$361
     5/7: $aluctrl.op$362
     6/7: $aluctrl.op$366
     7/7: $aluctrl.op$359
Creating decoders for process `\datapath_pipelined.$341'.
     1/3: $fw_mux.r2$344
     2/3: $fw_mux.alu_b$343
     3/3: $fw_mux.alu_a$342
Creating decoders for process `\datapath_pipelined.$290'.
     1/6: $fw_sel.fw_r2$327
     2/6: $fw_sel.fw_r2$328
     3/6: $fw_sel.fw_b$317
     4/6: $fw_sel.fw_b$318
     5/6: $fw_sel.fw_a$303
     6/6: $fw_sel.fw_a$304
Creating decoders for process `\datapath_pipelined.$281'.
     1/1: $exmem_fwd_mux.out$282
Creating decoders for process `\datapath_pipelined.$205'.
     1/19: $id_ex.pc_plus4_out$225
     2/19: $id_ex.rs2_out$224
     3/19: $id_ex.rs1_out$223
     4/19: $id_ex.rd_out$222
     5/19: $id_ex.current_pc_out$221
     6/19: $id_ex.rdata2_out$220
     7/19: $id_ex.rdata1_out$219
     8/19: $id_ex.funct7_out$218
     9/19: $id_ex.funct3_out$217
    10/19: $id_ex.imm_out$216
    11/19: $id_ex.use_br_out$215
    12/19: $id_ex.is_rish_out$214
    13/19: $id_ex.regpc_out$213
    14/19: $id_ex.memregpc_out$212
    15/19: $id_ex.branch_out$211
    16/19: $id_ex.alusrc_out$210
    17/19: $id_ex.memr_out$209
    18/19: $id_ex.memw_out$208
    19/19: $id_ex.regw_out$207
Creating decoders for process `\datapath_pipelined.$198'.
     1/2: $immgen.imm$200
     2/2: $immgen.imm$201
Creating decoders for process `\datapath_pipelined.$657'.
     1/7: $mem_wb.imm_out$664
     2/7: $mem_wb.pc_plus4_out$663
     3/7: $mem_wb.rd_out$662
     4/7: $mem_wb.alu_result_out$661
     5/7: $mem_wb.mem_rdata_out$660
     6/7: $mem_wb.memregpc_out$659
     7/7: $mem_wb.regw_out$658
Creating decoders for process `\datapath_pipelined.$71'.
     1/33: $171
     2/33: $166
     3/33: $163
     4/33: $160
     5/33: $157
     6/33: $154
     7/33: $151
     8/33: $148
     9/33: $145
    10/33: $142
    11/33: $139
    12/33: $136
    13/33: $133
    14/33: $130
    15/33: $127
    16/33: $124
    17/33: $121
    18/33: $118
    19/33: $115
    20/33: $112
    21/33: $109
    22/33: $106
    23/33: $103
    24/33: $100
    25/33: $97
    26/33: $94
    27/33: $91
    28/33: $88
    29/33: $85
    30/33: $82
    31/33: $79
    32/33: $76
    33/33: $73
Creating decoders for process `\datapath_pipelined.$50'.
     1/9: $ctrl.use_br$59
     2/9: $ctrl.is_rish$58
     3/9: $ctrl.regpc$57
     4/9: $ctrl.memregpc$56
     5/9: $ctrl.branch$55
     6/9: $ctrl.alusrc$54
     7/9: $ctrl.memr$53
     8/9: $ctrl.memw$52
     9/9: $ctrl.regw$51
Creating decoders for process `\datapath_pipelined.$31'.
     1/6: $if_id.current_pc_out$36
     2/6: $if_id.pc_plus4_out$35
     3/6: $if_id.instr_out$34
     4/6: $if_id.current_pc_out$39
     5/6: $if_id.pc_plus4_out$38
     6/6: $if_id.instr_out$37
Creating decoders for process `\datapath_pipelined.$681'.
     1/1: $wb_mux.out$682
Creating decoders for process `\datapath_pipelined.$11'.
     1/2: $pc_reg.currentaddr$13
     2/2: $pc_reg.currentaddr$14

1.8. Executing PROC_CLEAN pass (remove empty switches from decision trees).
Found and cleaned up 2 empty switches in `\datapath_pipelined.$451'.
Removing empty process `datapath_pipelined.$451'.
Found and cleaned up 1 empty switch in `\datapath_pipelined.$420'.
Removing empty process `datapath_pipelined.$420'.
Found and cleaned up 3 empty switches in `\datapath_pipelined.$375'.
Removing empty process `datapath_pipelined.$375'.
Found and cleaned up 13 empty switches in `\datapath_pipelined.$357'.
Removing empty process `datapath_pipelined.$357'.
Found and cleaned up 5 empty switches in `\datapath_pipelined.$341'.
Removing empty process `datapath_pipelined.$341'.
Found and cleaned up 11 empty switches in `\datapath_pipelined.$290'.
Removing empty process `datapath_pipelined.$290'.
Found and cleaned up 1 empty switch in `\datapath_pipelined.$281'.
Removing empty process `datapath_pipelined.$281'.
Found and cleaned up 1 empty switch in `\datapath_pipelined.$205'.
Removing empty process `datapath_pipelined.$205'.
Found and cleaned up 3 empty switches in `\datapath_pipelined.$198'.
Removing empty process `datapath_pipelined.$198'.
Found and cleaned up 1 empty switch in `\datapath_pipelined.$657'.
Removing empty process `datapath_pipelined.$657'.
Found and cleaned up 2 empty switches in `\datapath_pipelined.$71'.
Removing empty process `datapath_pipelined.$71'.
Found and cleaned up 1 empty switch in `\datapath_pipelined.$50'.
Removing empty process `datapath_pipelined.$50'.
Found and cleaned up 3 empty switches in `\datapath_pipelined.$31'.
Removing empty process `datapath_pipelined.$31'.
Found and cleaned up 1 empty switch in `\datapath_pipelined.$681'.
Removing empty process `datapath_pipelined.$681'.
Found and cleaned up 3 empty switches in `\datapath_pipelined.$11'.
Removing empty process `datapath_pipelined.$11'.
Cleaned up 51 empty switches.

1.9. Executing OPT_EXPR pass (perform const folding).
Optimizing module datapath_pipelined.
<suppressed ~32 debug messages>

2. Executing HIERARCHY pass (managing design hierarchy).

2.1. Analyzing design hierarchy..
Top module:  \datapath_pipelined

2.2. Analyzing design hierarchy..
Top module:  \datapath_pipelined
Removed 0 unused modules.

3. Executing CHECK pass (checking for obvious problems).
Checking module datapath_pipelined...
Found and reported 0 problems.

4. Executing SYNTH_XILINX pass.

4.1. Executing Verilog-2005 frontend: /home/shady_wsl/tools/oss-cad-suite/lib/../share/yosys/xilinx/cells_sim.v
Parsing Verilog input from `/home/shady_wsl/tools/oss-cad-suite/lib/../share/yosys/xilinx/cells_sim.v' to AST representation.
Generating RTLIL representation for module `\VCC'.
Generating RTLIL representation for module `\GND'.
Generating RTLIL representation for module `\IBUF'.
Generating RTLIL representation for module `\IBUFG'.
Generating RTLIL representation for module `\OBUF'.
Generating RTLIL representation for module `\IOBUF'.
Generating RTLIL representation for module `\OBUFT'.
Generating RTLIL representation for module `\BUFG'.
Generating RTLIL representation for module `\BUFGCTRL'.
Generating RTLIL representation for module `\BUFHCE'.
Generating RTLIL representation for module `\INV'.
Generating RTLIL representation for module `\LUT1'.
Generating RTLIL representation for module `\LUT2'.
Generating RTLIL representation for module `\LUT3'.
Generating RTLIL representation for module `\LUT4'.
Generating RTLIL representation for module `\LUT5'.
Generating RTLIL representation for module `\LUT6'.
Generating RTLIL representation for module `\LUT6_2'.
Generating RTLIL representation for module `\$__ABC9_LUT7'.
Generating RTLIL representation for module `\$__ABC9_LUT8'.
Generating RTLIL representation for module `\MUXCY'.
Generating RTLIL representation for module `\MUXF5'.
Generating RTLIL representation for module `\MUXF6'.
Generating RTLIL representation for module `\MUXF7'.
Generating RTLIL representation for module `\MUXF8'.
Generating RTLIL representation for module `\MUXF9'.
Generating RTLIL representation for module `\XORCY'.
Generating RTLIL representation for module `\CARRY4'.
Generating RTLIL representation for module `\CARRY8'.
Generating RTLIL representation for module `\ORCY'.
Generating RTLIL representation for module `\MULT_AND'.
Generating RTLIL representation for module `\FDRE'.
Generating RTLIL representation for module `\FDRE_1'.
Generating RTLIL representation for module `\FDSE'.
Generating RTLIL representation for module `\FDSE_1'.
Generating RTLIL representation for module `\FDRSE'.
Generating RTLIL representation for module `\FDRSE_1'.
Generating RTLIL representation for module `\FDCE'.
Generating RTLIL representation for module `\FDCE_1'.
Generating RTLIL representation for module `\FDPE'.
Generating RTLIL representation for module `\FDPE_1'.
Generating RTLIL representation for module `\FDCPE'.
Generating RTLIL representation for module `\FDCPE_1'.
Generating RTLIL representation for module `\LDCE'.
Generating RTLIL representation for module `\LDPE'.
Generating RTLIL representation for module `\LDCPE'.
Generating RTLIL representation for module `\AND2B1L'.
Generating RTLIL representation for module `\OR2L'.
Generating RTLIL representation for module `\RAM16X1S'.
Generating RTLIL representation for module `\RAM16X1S_1'.
Generating RTLIL representation for module `\RAM32X1S'.
Generating RTLIL representation for module `\RAM32X1S_1'.
Generating RTLIL representation for module `\RAM64X1S'.
Generating RTLIL representation for module `\RAM64X1S_1'.
Generating RTLIL representation for module `\RAM128X1S'.
Generating RTLIL representation for module `\RAM128X1S_1'.
Generating RTLIL representation for module `\RAM256X1S'.
Generating RTLIL representation for module `\RAM512X1S'.
Generating RTLIL representation for module `\RAM16X2S'.
Generating RTLIL representation for module `\RAM32X2S'.
Generating RTLIL representation for module `\RAM64X2S'.
Generating RTLIL representation for module `\RAM16X4S'.
Generating RTLIL representation for module `\RAM32X4S'.
Generating RTLIL representation for module `\RAM16X8S'.
Generating RTLIL representation for module `\RAM32X8S'.
Generating RTLIL representation for module `\RAM16X1D'.
Generating RTLIL representation for module `\RAM16X1D_1'.
Generating RTLIL representation for module `\RAM32X1D'.
Generating RTLIL representation for module `\RAM32X1D_1'.
Generating RTLIL representation for module `\RAM64X1D'.
Generating RTLIL representation for module `\RAM64X1D_1'.
Generating RTLIL representation for module `\RAM128X1D'.
Generating RTLIL representation for module `\RAM256X1D'.
Generating RTLIL representation for module `\RAM32M'.
Generating RTLIL representation for module `\RAM32M16'.
Generating RTLIL representation for module `\RAM64M'.
Generating RTLIL representation for module `\RAM64M8'.
Generating RTLIL representation for module `\RAM32X16DR8'.
Generating RTLIL representation for module `\RAM64X8SW'.
Generating RTLIL representation for module `\ROM16X1'.
Generating RTLIL representation for module `\ROM32X1'.
Generating RTLIL representation for module `\ROM64X1'.
Generating RTLIL representation for module `\ROM128X1'.
Generating RTLIL representation for module `\ROM256X1'.
Generating RTLIL representation for module `\SRL16'.
Generating RTLIL representation for module `\SRL16E'.
Generating RTLIL representation for module `\SRLC16'.
Generating RTLIL representation for module `\SRLC16E'.
Generating RTLIL representation for module `\SRLC32E'.
Generating RTLIL representation for module `\CFGLUT5'.
Generating RTLIL representation for module `\MULT18X18'.
Generating RTLIL representation for module `\MULT18X18S'.
Generating RTLIL representation for module `\MULT18X18SIO'.
Generating RTLIL representation for module `\DSP48A'.
Generating RTLIL representation for module `\DSP48A1'.
Generating RTLIL representation for module `\DSP48'.
Generating RTLIL representation for module `\DSP48E1'.
Generating RTLIL representation for module `\RAMB18E1'.
Generating RTLIL representation for module `\RAMB36E1'.
Successfully finished Verilog frontend.

4.2. Executing Verilog-2005 frontend: /home/shady_wsl/tools/oss-cad-suite/lib/../share/yosys/xilinx/cells_xtra.v
Parsing Verilog input from `/home/shady_wsl/tools/oss-cad-suite/lib/../share/yosys/xilinx/cells_xtra.v' to AST representation.
Generating RTLIL representation for module `\RAMB4_S1'.
Generating RTLIL representation for module `\RAMB4_S2'.
Generating RTLIL representation for module `\RAMB4_S4'.
Generating RTLIL representation for module `\RAMB4_S8'.
Generating RTLIL representation for module `\RAMB4_S16'.
Generating RTLIL representation for module `\RAMB4_S1_S1'.
Generating RTLIL representation for module `\RAMB4_S1_S2'.
Generating RTLIL representation for module `\RAMB4_S1_S4'.
Generating RTLIL representation for module `\RAMB4_S1_S8'.
Generating RTLIL representation for module `\RAMB4_S1_S16'.
Generating RTLIL representation for module `\RAMB4_S2_S2'.
Generating RTLIL representation for module `\RAMB4_S2_S4'.
Generating RTLIL representation for module `\RAMB4_S2_S8'.
Generating RTLIL representation for module `\RAMB4_S2_S16'.
Generating RTLIL representation for module `\RAMB4_S4_S4'.
Generating RTLIL representation for module `\RAMB4_S4_S8'.
Generating RTLIL representation for module `\RAMB4_S4_S16'.
Generating RTLIL representation for module `\RAMB4_S8_S8'.
Generating RTLIL representation for module `\RAMB4_S8_S16'.
Generating RTLIL representation for module `\RAMB4_S16_S16'.
Generating RTLIL representation for module `\RAMB16_S1'.
Generating RTLIL representation for module `\RAMB16_S2'.
Generating RTLIL representation for module `\RAMB16_S4'.
Generating RTLIL representation for module `\RAMB16_S9'.
Generating RTLIL representation for module `\RAMB16_S18'.
Generating RTLIL representation for module `\RAMB16_S36'.
Generating RTLIL representation for module `\RAMB16_S1_S1'.
Generating RTLIL representation for module `\RAMB16_S1_S2'.
Generating RTLIL representation for module `\RAMB16_S1_S4'.
Generating RTLIL representation for module `\RAMB16_S1_S9'.
Generating RTLIL representation for module `\RAMB16_S1_S18'.
Generating RTLIL representation for module `\RAMB16_S1_S36'.
Generating RTLIL representation for module `\RAMB16_S2_S2'.
Generating RTLIL representation for module `\RAMB16_S2_S4'.
Generating RTLIL representation for module `\RAMB16_S2_S9'.
Generating RTLIL representation for module `\RAMB16_S2_S18'.
Generating RTLIL representation for module `\RAMB16_S2_S36'.
Generating RTLIL representation for module `\RAMB16_S4_S4'.
Generating RTLIL representation for module `\RAMB16_S4_S9'.
Generating RTLIL representation for module `\RAMB16_S4_S18'.
Generating RTLIL representation for module `\RAMB16_S4_S36'.
Generating RTLIL representation for module `\RAMB16_S9_S9'.
Generating RTLIL representation for module `\RAMB16_S9_S18'.
Generating RTLIL representation for module `\RAMB16_S9_S36'.
Generating RTLIL representation for module `\RAMB16_S18_S18'.
Generating RTLIL representation for module `\RAMB16_S18_S36'.
Generating RTLIL representation for module `\RAMB16_S36_S36'.
Generating RTLIL representation for module `\RAMB16BWE_S18'.
Generating RTLIL representation for module `\RAMB16BWE_S36'.
Generating RTLIL representation for module `\RAMB16BWE_S18_S9'.
Generating RTLIL representation for module `\RAMB16BWE_S18_S18'.
Generating RTLIL representation for module `\RAMB16BWE_S36_S9'.
Generating RTLIL representation for module `\RAMB16BWE_S36_S18'.
Generating RTLIL representation for module `\RAMB16BWE_S36_S36'.
Generating RTLIL representation for module `\RAMB16BWER'.
Generating RTLIL representation for module `\RAMB8BWER'.
Generating RTLIL representation for module `\FIFO16'.
Generating RTLIL representation for module `\RAMB16'.
Generating RTLIL representation for module `\RAMB32_S64_ECC'.
Generating RTLIL representation for module `\FIFO18'.
Generating RTLIL representation for module `\FIFO18_36'.
Generating RTLIL representation for module `\FIFO36'.
Generating RTLIL representation for module `\FIFO36_72'.
Generating RTLIL representation for module `\RAMB18'.
Generating RTLIL representation for module `\RAMB36'.
Generating RTLIL representation for module `\RAMB18SDP'.
Generating RTLIL representation for module `\RAMB36SDP'.
Generating RTLIL representation for module `\FIFO18E1'.
Generating RTLIL representation for module `\FIFO36E1'.
Generating RTLIL representation for module `\FIFO18E2'.
Generating RTLIL representation for module `\FIFO36E2'.
Generating RTLIL representation for module `\RAMB18E2'.
Generating RTLIL representation for module `\RAMB36E2'.
Generating RTLIL representation for module `\URAM288'.
Generating RTLIL representation for module `\URAM288_BASE'.
Generating RTLIL representation for module `\DSP48E'.
Generating RTLIL representation for module `\DSP48E2'.
Generating RTLIL representation for module `\FDDRCPE'.
Generating RTLIL representation for module `\FDDRRSE'.
Generating RTLIL representation for module `\IFDDRCPE'.
Generating RTLIL representation for module `\IFDDRRSE'.
Generating RTLIL representation for module `\OFDDRCPE'.
Generating RTLIL representation for module `\OFDDRRSE'.
Generating RTLIL representation for module `\OFDDRTCPE'.
Generating RTLIL representation for module `\OFDDRTRSE'.
Generating RTLIL representation for module `\IDDR2'.
Generating RTLIL representation for module `\ODDR2'.
Generating RTLIL representation for module `\IDDR'.
Generating RTLIL representation for module `\IDDR_2CLK'.
Generating RTLIL representation for module `\ODDR'.
Generating RTLIL representation for module `\IDELAYCTRL'.
Generating RTLIL representation for module `\IDELAY'.
Generating RTLIL representation for module `\ISERDES'.
Generating RTLIL representation for module `\OSERDES'.
Generating RTLIL representation for module `\IODELAY'.
Generating RTLIL representation for module `\ISERDES_NODELAY'.
Generating RTLIL representation for module `\IODELAYE1'.
Generating RTLIL representation for module `\ISERDESE1'.
Generating RTLIL representation for module `\OSERDESE1'.
Generating RTLIL representation for module `\IDELAYE2'.
Generating RTLIL representation for module `\ODELAYE2'.
Generating RTLIL representation for module `\ISERDESE2'.
Generating RTLIL representation for module `\OSERDESE2'.
Generating RTLIL representation for module `\PHASER_IN'.
Generating RTLIL representation for module `\PHASER_IN_PHY'.
Generating RTLIL representation for module `\PHASER_OUT'.
Generating RTLIL representation for module `\PHASER_OUT_PHY'.
Generating RTLIL representation for module `\PHASER_REF'.
Generating RTLIL representation for module `\PHY_CONTROL'.
Generating RTLIL representation for module `\IDDRE1'.
Generating RTLIL representation for module `\ODDRE1'.
Generating RTLIL representation for module `\IDELAYE3'.
Generating RTLIL representation for module `\ODELAYE3'.
Generating RTLIL representation for module `\ISERDESE3'.
Generating RTLIL representation for module `\OSERDESE3'.
Generating RTLIL representation for module `\BITSLICE_CONTROL'.
Generating RTLIL representation for module `\RIU_OR'.
Generating RTLIL representation for module `\RX_BITSLICE'.
Generating RTLIL representation for module `\RXTX_BITSLICE'.
Generating RTLIL representation for module `\TX_BITSLICE'.
Generating RTLIL representation for module `\TX_BITSLICE_TRI'.
Generating RTLIL representation for module `\IODELAY2'.
Generating RTLIL representation for module `\IODRP2'.
Generating RTLIL representation for module `\IODRP2_MCB'.
Generating RTLIL representation for module `\ISERDES2'.
Generating RTLIL representation for module `\OSERDES2'.
Generating RTLIL representation for module `\IBUF_DLY_ADJ'.
Generating RTLIL representation for module `\IBUF_IBUFDISABLE'.
Generating RTLIL representation for module `\IBUF_INTERMDISABLE'.
Generating RTLIL representation for module `\IBUF_ANALOG'.
Generating RTLIL representation for module `\IBUFE3'.
Generating RTLIL representation for module `\IBUFDS'.
Generating RTLIL representation for module `\IBUFDS_DLY_ADJ'.
Generating RTLIL representation for module `\IBUFDS_IBUFDISABLE'.
Generating RTLIL representation for module `\IBUFDS_INTERMDISABLE'.
Generating RTLIL representation for module `\IBUFDS_DIFF_OUT'.
Generating RTLIL representation for module `\IBUFDS_DIFF_OUT_IBUFDISABLE'.
Generating RTLIL representation for module `\IBUFDS_DIFF_OUT_INTERMDISABLE'.
Generating RTLIL representation for module `\IBUFDSE3'.
Generating RTLIL representation for module `\IBUFDS_DPHY'.
Generating RTLIL representation for module `\IBUFGDS'.
Generating RTLIL representation for module `\IBUFGDS_DIFF_OUT'.
Generating RTLIL representation for module `\IOBUF_DCIEN'.
Generating RTLIL representation for module `\IOBUF_INTERMDISABLE'.
Generating RTLIL representation for module `\IOBUFE3'.
Generating RTLIL representation for module `\IOBUFDS'.
Generating RTLIL representation for module `\IOBUFDS_DCIEN'.
Generating RTLIL representation for module `\IOBUFDS_INTERMDISABLE'.
Generating RTLIL representation for module `\IOBUFDS_DIFF_OUT'.
Generating RTLIL representation for module `\IOBUFDS_DIFF_OUT_DCIEN'.
Generating RTLIL representation for module `\IOBUFDS_DIFF_OUT_INTERMDISABLE'.
Generating RTLIL representation for module `\IOBUFDSE3'.
Generating RTLIL representation for module `\OBUFDS'.
Generating RTLIL representation for module `\OBUFDS_DPHY'.
Generating RTLIL representation for module `\OBUFTDS'.
Generating RTLIL representation for module `\KEEPER'.
Generating RTLIL representation for module `\PULLDOWN'.
Generating RTLIL representation for module `\PULLUP'.
Generating RTLIL representation for module `\DCIRESET'.
Generating RTLIL representation for module `\HPIO_VREF'.
Generating RTLIL representation for module `\BUFGCE'.
Generating RTLIL representation for module `\BUFGCE_1'.
Generating RTLIL representation for module `\BUFGMUX'.
Generating RTLIL representation for module `\BUFGMUX_1'.
Generating RTLIL representation for module `\BUFGMUX_CTRL'.
Generating RTLIL representation for module `\BUFGMUX_VIRTEX4'.
Generating RTLIL representation for module `\BUFG_GT'.
Generating RTLIL representation for module `\BUFG_GT_SYNC'.
Generating RTLIL representation for module `\BUFG_PS'.
Generating RTLIL representation for module `\BUFGCE_DIV'.
Generating RTLIL representation for module `\BUFH'.
Generating RTLIL representation for module `\BUFIO2'.
Generating RTLIL representation for module `\BUFIO2_2CLK'.
Generating RTLIL representation for module `\BUFIO2FB'.
Generating RTLIL representation for module `\BUFPLL'.
Generating RTLIL representation for module `\BUFPLL_MCB'.
Generating RTLIL representation for module `\BUFIO'.
Generating RTLIL representation for module `\BUFIODQS'.
Generating RTLIL representation for module `\BUFR'.
Generating RTLIL representation for module `\BUFMR'.
Generating RTLIL representation for module `\BUFMRCE'.
Generating RTLIL representation for module `\DCM'.
Generating RTLIL representation for module `\DCM_SP'.
Generating RTLIL representation for module `\DCM_CLKGEN'.
Generating RTLIL representation for module `\DCM_ADV'.
Generating RTLIL representation for module `\DCM_BASE'.
Generating RTLIL representation for module `\DCM_PS'.
Generating RTLIL representation for module `\PMCD'.
Generating RTLIL representation for module `\PLL_ADV'.
Generating RTLIL representation for module `\PLL_BASE'.
Generating RTLIL representation for module `\MMCM_ADV'.
Generating RTLIL representation for module `\MMCM_BASE'.
Generating RTLIL representation for module `\MMCME2_ADV'.
Generating RTLIL representation for module `\MMCME2_BASE'.
Generating RTLIL representation for module `\PLLE2_ADV'.
Generating RTLIL representation for module `\PLLE2_BASE'.
Generating RTLIL representation for module `\MMCME3_ADV'.
Generating RTLIL representation for module `\MMCME3_BASE'.
Generating RTLIL representation for module `\PLLE3_ADV'.
Generating RTLIL representation for module `\PLLE3_BASE'.
Generating RTLIL representation for module `\MMCME4_ADV'.
Generating RTLIL representation for module `\MMCME4_BASE'.
Generating RTLIL representation for module `\PLLE4_ADV'.
Generating RTLIL representation for module `\PLLE4_BASE'.
Generating RTLIL representation for module `\BUFT'.
Generating RTLIL representation for module `\IN_FIFO'.
Generating RTLIL representation for module `\OUT_FIFO'.
Generating RTLIL representation for module `\HARD_SYNC'.
Generating RTLIL representation for module `\STARTUP_SPARTAN3'.
Generating RTLIL representation for module `\STARTUP_SPARTAN3E'.
Generating RTLIL representation for module `\STARTUP_SPARTAN3A'.
Generating RTLIL representation for module `\STARTUP_SPARTAN6'.
Generating RTLIL representation for module `\STARTUP_VIRTEX4'.
Generating RTLIL representation for module `\STARTUP_VIRTEX5'.
Generating RTLIL representation for module `\STARTUP_VIRTEX6'.
Generating RTLIL representation for module `\STARTUPE2'.
Generating RTLIL representation for module `\STARTUPE3'.
Generating RTLIL representation for module `\CAPTURE_SPARTAN3'.
Generating RTLIL representation for module `\CAPTURE_SPARTAN3A'.
Generating RTLIL representation for module `\CAPTURE_VIRTEX4'.
Generating RTLIL representation for module `\CAPTURE_VIRTEX5'.
Generating RTLIL representation for module `\CAPTURE_VIRTEX6'.
Generating RTLIL representation for module `\CAPTUREE2'.
Generating RTLIL representation for module `\ICAP_SPARTAN3A'.
Generating RTLIL representation for module `\ICAP_SPARTAN6'.
Generating RTLIL representation for module `\ICAP_VIRTEX4'.
Generating RTLIL representation for module `\ICAP_VIRTEX5'.
Generating RTLIL representation for module `\ICAP_VIRTEX6'.
Generating RTLIL representation for module `\ICAPE2'.
Generating RTLIL representation for module `\ICAPE3'.
Generating RTLIL representation for module `\BSCAN_SPARTAN3'.
Generating RTLIL representation for module `\BSCAN_SPARTAN3A'.
Generating RTLIL representation for module `\BSCAN_SPARTAN6'.
Generating RTLIL representation for module `\BSCAN_VIRTEX4'.
Generating RTLIL representation for module `\BSCAN_VIRTEX5'.
Generating RTLIL representation for module `\BSCAN_VIRTEX6'.
Generating RTLIL representation for module `\BSCANE2'.
Generating RTLIL representation for module `\DNA_PORT'.
Generating RTLIL representation for module `\DNA_PORTE2'.
Generating RTLIL representation for module `\FRAME_ECC_VIRTEX4'.
Generating RTLIL representation for module `\FRAME_ECC_VIRTEX5'.
Generating RTLIL representation for module `\FRAME_ECC_VIRTEX6'.
Generating RTLIL representation for module `\FRAME_ECCE2'.
Generating RTLIL representation for module `\FRAME_ECCE3'.
Generating RTLIL representation for module `\FRAME_ECCE4'.
Generating RTLIL representation for module `\USR_ACCESS_VIRTEX4'.
Generating RTLIL representation for module `\USR_ACCESS_VIRTEX5'.
Generating RTLIL representation for module `\USR_ACCESS_VIRTEX6'.
Generating RTLIL representation for module `\USR_ACCESSE2'.
Generating RTLIL representation for module `\POST_CRC_INTERNAL'.
Generating RTLIL representation for module `\SUSPEND_SYNC'.
Generating RTLIL representation for module `\KEY_CLEAR'.
Generating RTLIL representation for module `\MASTER_JTAG'.
Generating RTLIL representation for module `\SPI_ACCESS'.
Generating RTLIL representation for module `\EFUSE_USR'.
Generating RTLIL representation for module `\SYSMON'.
Generating RTLIL representation for module `\XADC'.
Generating RTLIL representation for module `\SYSMONE1'.
Generating RTLIL representation for module `\SYSMONE4'.
Generating RTLIL representation for module `\GTPA1_DUAL'.
Generating RTLIL representation for module `\GT11_CUSTOM'.
Generating RTLIL representation for module `\GT11_DUAL'.
Generating RTLIL representation for module `\GT11CLK'.
Generating RTLIL representation for module `\GT11CLK_MGT'.
Generating RTLIL representation for module `\GTP_DUAL'.
Generating RTLIL representation for module `\GTX_DUAL'.
Generating RTLIL representation for module `\CRC32'.
Generating RTLIL representation for module `\CRC64'.
Generating RTLIL representation for module `\GTHE1_QUAD'.
Generating RTLIL representation for module `\GTXE1'.
Generating RTLIL representation for module `\IBUFDS_GTXE1'.
Generating RTLIL representation for module `\IBUFDS_GTHE1'.
Generating RTLIL representation for module `\GTHE2_CHANNEL'.
Generating RTLIL representation for module `\GTHE2_COMMON'.
Generating RTLIL representation for module `\GTPE2_CHANNEL'.
Generating RTLIL representation for module `\GTPE2_COMMON'.
Generating RTLIL representation for module `\GTXE2_CHANNEL'.
Generating RTLIL representation for module `\GTXE2_COMMON'.
Generating RTLIL representation for module `\IBUFDS_GTE2'.
Generating RTLIL representation for module `\GTHE3_CHANNEL'.
Generating RTLIL representation for module `\GTHE3_COMMON'.
Generating RTLIL representation for module `\GTYE3_CHANNEL'.
Generating RTLIL representation for module `\GTYE3_COMMON'.
Generating RTLIL representation for module `\IBUFDS_GTE3'.
Generating RTLIL representation for module `\OBUFDS_GTE3'.
Generating RTLIL representation for module `\OBUFDS_GTE3_ADV'.
Generating RTLIL representation for module `\GTHE4_CHANNEL'.
Generating RTLIL representation for module `\GTHE4_COMMON'.
Generating RTLIL representation for module `\GTYE4_CHANNEL'.
Generating RTLIL representation for module `\GTYE4_COMMON'.
Generating RTLIL representation for module `\IBUFDS_GTE4'.
Generating RTLIL representation for module `\OBUFDS_GTE4'.
Generating RTLIL representation for module `\OBUFDS_GTE4_ADV'.
Generating RTLIL representation for module `\GTM_DUAL'.
Generating RTLIL representation for module `\IBUFDS_GTM'.
Generating RTLIL representation for module `\OBUFDS_GTM'.
Generating RTLIL representation for module `\OBUFDS_GTM_ADV'.
Generating RTLIL representation for module `\HSDAC'.
Generating RTLIL representation for module `\HSADC'.
Generating RTLIL representation for module `\RFDAC'.
Generating RTLIL representation for module `\RFADC'.
Generating RTLIL representation for module `\PCIE_A1'.
Generating RTLIL representation for module `\PCIE_EP'.
Generating RTLIL representation for module `\PCIE_2_0'.
Generating RTLIL representation for module `\PCIE_2_1'.
Generating RTLIL representation for module `\PCIE_3_0'.
Generating RTLIL representation for module `\PCIE_3_1'.
Generating RTLIL representation for module `\PCIE40E4'.
Generating RTLIL representation for module `\PCIE4CE4'.
Generating RTLIL representation for module `\EMAC'.
Generating RTLIL representation for module `\TEMAC'.
Generating RTLIL representation for module `\TEMAC_SINGLE'.
Generating RTLIL representation for module `\CMAC'.
Generating RTLIL representation for module `\CMACE4'.
Generating RTLIL representation for module `\MCB'.
Generating RTLIL representation for module `\HBM_REF_CLK'.
Generating RTLIL representation for module `\HBM_SNGLBLI_INTF_APB'.
Generating RTLIL representation for module `\HBM_SNGLBLI_INTF_AXI'.
Generating RTLIL representation for module `\HBM_ONE_STACK_INTF'.
Generating RTLIL representation for module `\HBM_TWO_STACK_INTF'.
Generating RTLIL representation for module `\PPC405_ADV'.
Generating RTLIL representation for module `\PPC440'.
Generating RTLIL representation for module `\PS7'.
Generating RTLIL representation for module `\PS8'.
Generating RTLIL representation for module `\ILKN'.
Generating RTLIL representation for module `\ILKNE4'.
Generating RTLIL representation for module `\VCU'.
Generating RTLIL representation for module `\FE'.
Successfully finished Verilog frontend.

4.3. Executing HIERARCHY pass (managing design hierarchy).

4.3.1. Analyzing design hierarchy..
Top module:  \datapath_pipelined

4.3.2. Analyzing design hierarchy..
Top module:  \datapath_pipelined
Removed 0 unused modules.

4.4. Executing PROC pass (convert processes to netlists).

4.4.1. Executing PROC_CLEAN pass (remove empty switches from decision trees).
Cleaned up 0 empty switches.

4.4.2. Executing PROC_RMDEAD pass (remove dead branches from decision trees).
Removed a total of 0 dead cases.

4.4.3. Executing PROC_PRUNE pass (remove redundant assignments in processes).
Removed 0 redundant assignments.
Promoted 0 assignments to connections.

4.4.4. Executing PROC_INIT pass (extract init attributes).

4.4.5. Executing PROC_ARST pass (detect async resets in processes).

4.4.6. Executing PROC_ROM pass (convert switches to ROMs).
Converted 0 switches.

4.4.7. Executing PROC_MUX pass (convert decision trees to multiplexers).

4.4.8. Executing PROC_DLATCH pass (convert process syncs to latches).

4.4.9. Executing PROC_DFF pass (convert process syncs to FFs).

4.4.10. Executing PROC_MEMWR pass (convert process memory writes to cells).

4.4.11. Executing PROC_CLEAN pass (remove empty switches from decision trees).
Cleaned up 0 empty switches.

4.4.12. Executing OPT_EXPR pass (perform const folding).
Optimizing module datapath_pipelined.

4.5. Executing TRIBUF pass.

4.6. Executing DEMINOUT pass (demote inout ports to input or output).

4.7. Executing OPT_EXPR pass (perform const folding).
Optimizing module datapath_pipelined.

4.8. Executing OPT_CLEAN pass (remove unused cells and wires).
Finding unused cells or wires in module \datapath_pipelined..
Removed 6 unused cells and 391 unused wires.
<suppressed ~223 debug messages>

4.9. Executing CHECK pass (checking for obvious problems).
Checking module datapath_pipelined...
Found and reported 0 problems.

4.10. Executing OPT pass (performing simple optimizations).

4.10.1. Executing OPT_EXPR pass (perform const folding).
Optimizing module datapath_pipelined.

4.10.2. Executing OPT_MERGE pass (detect identical cells).
Finding identical cells in module `\datapath_pipelined'.
Computing hashes of 580 cells of `\datapath_pipelined'.
Finding duplicate cells in `\datapath_pipelined'.
Computing hashes of 540 cells of `\datapath_pipelined'.
Finding duplicate cells in `\datapath_pipelined'.
Computing hashes of 535 cells of `\datapath_pipelined'.
Finding duplicate cells in `\datapath_pipelined'.
Computing hashes of 533 cells of `\datapath_pipelined'.
Finding duplicate cells in `\datapath_pipelined'.
<suppressed ~141 debug messages>
Removed a total of 47 cells.

4.10.3. Executing OPT_MUXTREE pass (detect dead branches in mux trees).
Running muxtree optimizer on module \datapath_pipelined..
  Creating internal representation of mux trees.
  Evaluating internal representation of mux trees.
  Analyzing evaluation results.
    dead port 1/2 on $mux $procmux$654.
    dead port 1/2 on $mux $procmux$649.
    dead port 1/2 on $mux $procmux$644.
    dead port 1/2 on $mux $procmux$676.
    dead port 2/2 on $mux $procmux$443.
    dead port 1/2 on $mux $procmux$367.
    dead port 1/2 on $mux $procmux$357.
    dead port 1/2 on $mux $procmux$347.
    dead port 2/2 on $mux $procmux$329.
    dead port 1/2 on $mux $procmux$318.
    dead port 2/2 on $mux $procmux$315.
    dead port 2/2 on $mux $procmux$313.
    dead port 1/2 on $mux $procmux$299.
    dead port 2/2 on $mux $procmux$296.
    dead port 2/2 on $mux $procmux$294.
    dead port 1/2 on $mux $procmux$292.
    dead port 1/2 on $mux $procmux$278.
    dead port 2/2 on $mux $procmux$275.
    dead port 1/2 on $mux $procmux$261.
    dead port 2/2 on $mux $procmux$258.
    dead port 2/2 on $mux $procmux$256.
    dead port 1/2 on $mux $procmux$244.
Removed 22 multiplexer ports.
<suppressed ~549 debug messages>

4.10.4. Executing OPT_REDUCE pass (consolidate $*mux and $reduce_* inputs).
  Optimizing cells in module \datapath_pipelined.
    Consolidated identical input bits for $mux cell $646:
      Old ports: A=0, B=32'11111111111111111111111111111111, Y=$646y
      New ports: A=1'0, B=1'1, Y=$646y [0]
      New connections: $646y [31:1] = { $646y [0] $646y [0] $646y [0] $646y [0] $646y [0] $646y [0] $646y [0] $646y [0] $646y [0] $646y [0] $646y [0] $646y [0] $646y [0] $646y [0] $646y [0] $646y [0] $646y [0] $646y [0] $646y [0] $646y [0] $646y [0] $646y [0] $646y [0] $646y [0] $646y [0] $646y [0] $646y [0] $646y [0] $646y [0] $646y [0] $646y [0] }
    Consolidated identical input bits for $mux cell $643:
      Old ports: A=0, B=32'11111111111111111111111111111111, Y=$643y
      New ports: A=1'0, B=1'1, Y=$643y [0]
      New connections: $643y [31:1] = { $643y [0] $643y [0] $643y [0] $643y [0] $643y [0] $643y [0] $643y [0] $643y [0] $643y [0] $643y [0] $643y [0] $643y [0] $643y [0] $643y [0] $643y [0] $643y [0] $643y [0] $643y [0] $643y [0] $643y [0] $643y [0] $643y [0] $643y [0] $643y [0] $643y [0] $643y [0] $643y [0] $643y [0] $643y [0] $643y [0] $643y [0] }
    Consolidated identical input bits for $mux cell $640:
      Old ports: A=0, B=32'11111111111111111111111111111111, Y=$640y
      New ports: A=1'0, B=1'1, Y=$640y [0]
      New connections: $640y [31:1] = { $640y [0] $640y [0] $640y [0] $640y [0] $640y [0] $640y [0] $640y [0] $640y [0] $640y [0] $640y [0] $640y [0] $640y [0] $640y [0] $640y [0] $640y [0] $640y [0] $640y [0] $640y [0] $640y [0] $640y [0] $640y [0] $640y [0] $640y [0] $640y [0] $640y [0] $640y [0] $640y [0] $640y [0] $640y [0] $640y [0] $640y [0] }
    Consolidated identical input bits for $mux cell $637:
      Old ports: A=0, B=32'11111111111111111111111111111111, Y=$637y
      New ports: A=1'0, B=1'1, Y=$637y [0]
      New connections: $637y [31:1] = { $637y [0] $637y [0] $637y [0] $637y [0] $637y [0] $637y [0] $637y [0] $637y [0] $637y [0] $637y [0] $637y [0] $637y [0] $637y [0] $637y [0] $637y [0] $637y [0] $637y [0] $637y [0] $637y [0] $637y [0] $637y [0] $637y [0] $637y [0] $637y [0] $637y [0] $637y [0] $637y [0] $637y [0] $637y [0] $637y [0] $637y [0] }
    Consolidated identical input bits for $mux cell $634:
      Old ports: A=0, B=32'11111111111111111111111111111111, Y=$634y
      New ports: A=1'0, B=1'1, Y=$634y [0]
      New connections: $634y [31:1] = { $634y [0] $634y [0] $634y [0] $634y [0] $634y [0] $634y [0] $634y [0] $634y [0] $634y [0] $634y [0] $634y [0] $634y [0] $634y [0] $634y [0] $634y [0] $634y [0] $634y [0] $634y [0] $634y [0] $634y [0] $634y [0] $634y [0] $634y [0] $634y [0] $634y [0] $634y [0] $634y [0] $634y [0] $634y [0] $634y [0] $634y [0] }
    Consolidated identical input bits for $mux cell $631:
      Old ports: A=0, B=32'11111111111111111111111111111111, Y=$631y
      New ports: A=1'0, B=1'1, Y=$631y [0]
      New connections: $631y [31:1] = { $631y [0] $631y [0] $631y [0] $631y [0] $631y [0] $631y [0] $631y [0] $631y [0] $631y [0] $631y [0] $631y [0] $631y [0] $631y [0] $631y [0] $631y [0] $631y [0] $631y [0] $631y [0] $631y [0] $631y [0] $631y [0] $631y [0] $631y [0] $631y [0] $631y [0] $631y [0] $631y [0] $631y [0] $631y [0] $631y [0] $631y [0] }
    Consolidated identical input bits for $mux cell $628:
      Old ports: A=0, B=32'11111111111111111111111111111111, Y=$628y
      New ports: A=1'0, B=1'1, Y=$628y [0]
      New connections: $628y [31:1] = { $628y [0] $628y [0] $628y [0] $628y [0] $628y [0] $628y [0] $628y [0] $628y [0] $628y [0] $628y [0] $628y [0] $628y [0] $628y [0] $628y [0] $628y [0] $628y [0] $628y [0] $628y [0] $628y [0] $628y [0] $628y [0] $628y [0] $628y [0] $628y [0] $628y [0] $628y [0] $628y [0] $628y [0] $628y [0] $628y [0] $628y [0] }
    Consolidated identical input bits for $mux cell $625:
      Old ports: A=0, B=32'11111111111111111111111111111111, Y=$625y
      New ports: A=1'0, B=1'1, Y=$625y [0]
      New connections: $625y [31:1] = { $625y [0] $625y [0] $625y [0] $625y [0] $625y [0] $625y [0] $625y [0] $625y [0] $625y [0] $625y [0] $625y [0] $625y [0] $625y [0] $625y [0] $625y [0] $625y [0] $625y [0] $625y [0] $625y [0] $625y [0] $625y [0] $625y [0] $625y [0] $625y [0] $625y [0] $625y [0] $625y [0] $625y [0] $625y [0] $625y [0] $625y [0] }
    Consolidated identical input bits for $mux cell $622:
      Old ports: A=0, B=32'11111111111111111111111111111111, Y=$622y
      New ports: A=1'0, B=1'1, Y=$622y [0]
      New connections: $622y [31:1] = { $622y [0] $622y [0] $622y [0] $622y [0] $622y [0] $622y [0] $622y [0] $622y [0] $622y [0] $622y [0] $622y [0] $622y [0] $622y [0] $622y [0] $622y [0] $622y [0] $622y [0] $622y [0] $622y [0] $622y [0] $622y [0] $622y [0] $622y [0] $622y [0] $622y [0] $622y [0] $622y [0] $622y [0] $622y [0] $622y [0] $622y [0] }
    Consolidated identical input bits for $mux cell $619:
      Old ports: A=0, B=32'11111111111111111111111111111111, Y=$619y
      New ports: A=1'0, B=1'1, Y=$619y [0]
      New connections: $619y [31:1] = { $619y [0] $619y [0] $619y [0] $619y [0] $619y [0] $619y [0] $619y [0] $619y [0] $619y [0] $619y [0] $619y [0] $619y [0] $619y [0] $619y [0] $619y [0] $619y [0] $619y [0] $619y [0] $619y [0] $619y [0] $619y [0] $619y [0] $619y [0] $619y [0] $619y [0] $619y [0] $619y [0] $619y [0] $619y [0] $619y [0] $619y [0] }
    Consolidated identical input bits for $mux cell $616:
      Old ports: A=0, B=32'11111111111111111111111111111111, Y=$616y
      New ports: A=1'0, B=1'1, Y=$616y [0]
      New connections: $616y [31:1] = { $616y [0] $616y [0] $616y [0] $616y [0] $616y [0] $616y [0] $616y [0] $616y [0] $616y [0] $616y [0] $616y [0] $616y [0] $616y [0] $616y [0] $616y [0] $616y [0] $616y [0] $616y [0] $616y [0] $616y [0] $616y [0] $616y [0] $616y [0] $616y [0] $616y [0] $616y [0] $616y [0] $616y [0] $616y [0] $616y [0] $616y [0] }
    Consolidated identical input bits for $mux cell $613:
      Old ports: A=0, B=32'11111111111111111111111111111111, Y=$613y
      New ports: A=1'0, B=1'1, Y=$613y [0]
      New connections: $613y [31:1] = { $613y [0] $613y [0] $613y [0] $613y [0] $613y [0] $613y [0] $613y [0] $613y [0] $613y [0] $613y [0] $613y [0] $613y [0] $613y [0] $613y [0] $613y [0] $613y [0] $613y [0] $613y [0] $613y [0] $613y [0] $613y [0] $613y [0] $613y [0] $613y [0] $613y [0] $613y [0] $613y [0] $613y [0] $613y [0] $613y [0] $613y [0] }
    Consolidated identical input bits for $mux cell $610:
      Old ports: A=0, B=32'11111111111111111111111111111111, Y=$610y
      New ports: A=1'0, B=1'1, Y=$610y [0]
      New connections: $610y [31:1] = { $610y [0] $610y [0] $610y [0] $610y [0] $610y [0] $610y [0] $610y [0] $610y [0] $610y [0] $610y [0] $610y [0] $610y [0] $610y [0] $610y [0] $610y [0] $610y [0] $610y [0] $610y [0] $610y [0] $610y [0] $610y [0] $610y [0] $610y [0] $610y [0] $610y [0] $610y [0] $610y [0] $610y [0] $610y [0] $610y [0] $610y [0] }
    Consolidated identical input bits for $mux cell $607:
      Old ports: A=0, B=32'11111111111111111111111111111111, Y=$607y
      New ports: A=1'0, B=1'1, Y=$607y [0]
      New connections: $607y [31:1] = { $607y [0] $607y [0] $607y [0] $607y [0] $607y [0] $607y [0] $607y [0] $607y [0] $607y [0] $607y [0] $607y [0] $607y [0] $607y [0] $607y [0] $607y [0] $607y [0] $607y [0] $607y [0] $607y [0] $607y [0] $607y [0] $607y [0] $607y [0] $607y [0] $607y [0] $607y [0] $607y [0] $607y [0] $607y [0] $607y [0] $607y [0] }
    Consolidated identical input bits for $mux cell $604:
      Old ports: A=0, B=32'11111111111111111111111111111111, Y=$604y
      New ports: A=1'0, B=1'1, Y=$604y [0]
      New connections: $604y [31:1] = { $604y [0] $604y [0] $604y [0] $604y [0] $604y [0] $604y [0] $604y [0] $604y [0] $604y [0] $604y [0] $604y [0] $604y [0] $604y [0] $604y [0] $604y [0] $604y [0] $604y [0] $604y [0] $604y [0] $604y [0] $604y [0] $604y [0] $604y [0] $604y [0] $604y [0] $604y [0] $604y [0] $604y [0] $604y [0] $604y [0] $604y [0] }
    Consolidated identical input bits for $mux cell $601:
      Old ports: A=0, B=32'11111111111111111111111111111111, Y=$601y
      New ports: A=1'0, B=1'1, Y=$601y [0]
      New connections: $601y [31:1] = { $601y [0] $601y [0] $601y [0] $601y [0] $601y [0] $601y [0] $601y [0] $601y [0] $601y [0] $601y [0] $601y [0] $601y [0] $601y [0] $601y [0] $601y [0] $601y [0] $601y [0] $601y [0] $601y [0] $601y [0] $601y [0] $601y [0] $601y [0] $601y [0] $601y [0] $601y [0] $601y [0] $601y [0] $601y [0] $601y [0] $601y [0] }
    Consolidated identical input bits for $mux cell $598:
      Old ports: A=0, B=32'11111111111111111111111111111111, Y=$598y
      New ports: A=1'0, B=1'1, Y=$598y [0]
      New connections: $598y [31:1] = { $598y [0] $598y [0] $598y [0] $598y [0] $598y [0] $598y [0] $598y [0] $598y [0] $598y [0] $598y [0] $598y [0] $598y [0] $598y [0] $598y [0] $598y [0] $598y [0] $598y [0] $598y [0] $598y [0] $598y [0] $598y [0] $598y [0] $598y [0] $598y [0] $598y [0] $598y [0] $598y [0] $598y [0] $598y [0] $598y [0] $598y [0] }
    Consolidated identical input bits for $mux cell $595:
      Old ports: A=0, B=32'11111111111111111111111111111111, Y=$595y
      New ports: A=1'0, B=1'1, Y=$595y [0]
      New connections: $595y [31:1] = { $595y [0] $595y [0] $595y [0] $595y [0] $595y [0] $595y [0] $595y [0] $595y [0] $595y [0] $595y [0] $595y [0] $595y [0] $595y [0] $595y [0] $595y [0] $595y [0] $595y [0] $595y [0] $595y [0] $595y [0] $595y [0] $595y [0] $595y [0] $595y [0] $595y [0] $595y [0] $595y [0] $595y [0] $595y [0] $595y [0] $595y [0] }
    Consolidated identical input bits for $mux cell $592:
      Old ports: A=0, B=32'11111111111111111111111111111111, Y=$592y
      New ports: A=1'0, B=1'1, Y=$592y [0]
      New connections: $592y [31:1] = { $592y [0] $592y [0] $592y [0] $592y [0] $592y [0] $592y [0] $592y [0] $592y [0] $592y [0] $592y [0] $592y [0] $592y [0] $592y [0] $592y [0] $592y [0] $592y [0] $592y [0] $592y [0] $592y [0] $592y [0] $592y [0] $592y [0] $592y [0] $592y [0] $592y [0] $592y [0] $592y [0] $592y [0] $592y [0] $592y [0] $592y [0] }
    Consolidated identical input bits for $mux cell $589:
      Old ports: A=0, B=32'11111111111111111111111111111111, Y=$589y
      New ports: A=1'0, B=1'1, Y=$589y [0]
      New connections: $589y [31:1] = { $589y [0] $589y [0] $589y [0] $589y [0] $589y [0] $589y [0] $589y [0] $589y [0] $589y [0] $589y [0] $589y [0] $589y [0] $589y [0] $589y [0] $589y [0] $589y [0] $589y [0] $589y [0] $589y [0] $589y [0] $589y [0] $589y [0] $589y [0] $589y [0] $589y [0] $589y [0] $589y [0] $589y [0] $589y [0] $589y [0] $589y [0] }
    Consolidated identical input bits for $mux cell $586:
      Old ports: A=0, B=32'11111111111111111111111111111111, Y=$586y
      New ports: A=1'0, B=1'1, Y=$586y [0]
      New connections: $586y [31:1] = { $586y [0] $586y [0] $586y [0] $586y [0] $586y [0] $586y [0] $586y [0] $586y [0] $586y [0] $586y [0] $586y [0] $586y [0] $586y [0] $586y [0] $586y [0] $586y [0] $586y [0] $586y [0] $586y [0] $586y [0] $586y [0] $586y [0] $586y [0] $586y [0] $586y [0] $586y [0] $586y [0] $586y [0] $586y [0] $586y [0] $586y [0] }
    Consolidated identical input bits for $mux cell $583:
      Old ports: A=0, B=32'11111111111111111111111111111111, Y=$583y
      New ports: A=1'0, B=1'1, Y=$583y [0]
      New connections: $583y [31:1] = { $583y [0] $583y [0] $583y [0] $583y [0] $583y [0] $583y [0] $583y [0] $583y [0] $583y [0] $583y [0] $583y [0] $583y [0] $583y [0] $583y [0] $583y [0] $583y [0] $583y [0] $583y [0] $583y [0] $583y [0] $583y [0] $583y [0] $583y [0] $583y [0] $583y [0] $583y [0] $583y [0] $583y [0] $583y [0] $583y [0] $583y [0] }
    Consolidated identical input bits for $mux cell $580:
      Old ports: A=0, B=32'11111111111111111111111111111111, Y=$580y
      New ports: A=1'0, B=1'1, Y=$580y [0]
      New connections: $580y [31:1] = { $580y [0] $580y [0] $580y [0] $580y [0] $580y [0] $580y [0] $580y [0] $580y [0] $580y [0] $580y [0] $580y [0] $580y [0] $580y [0] $580y [0] $580y [0] $580y [0] $580y [0] $580y [0] $580y [0] $580y [0] $580y [0] $580y [0] $580y [0] $580y [0] $580y [0] $580y [0] $580y [0] $580y [0] $580y [0] $580y [0] $580y [0] }
    Consolidated identical input bits for $mux cell $577:
      Old ports: A=0, B=32'11111111111111111111111111111111, Y=$577y
      New ports: A=1'0, B=1'1, Y=$577y [0]
      New connections: $577y [31:1] = { $577y [0] $577y [0] $577y [0] $577y [0] $577y [0] $577y [0] $577y [0] $577y [0] $577y [0] $577y [0] $577y [0] $577y [0] $577y [0] $577y [0] $577y [0] $577y [0] $577y [0] $577y [0] $577y [0] $577y [0] $577y [0] $577y [0] $577y [0] $577y [0] $577y [0] $577y [0] $577y [0] $577y [0] $577y [0] $577y [0] $577y [0] }
    Consolidated identical input bits for $mux cell $574:
      Old ports: A=0, B=32'11111111111111111111111111111111, Y=$574y
      New ports: A=1'0, B=1'1, Y=$574y [0]
      New connections: $574y [31:1] = { $574y [0] $574y [0] $574y [0] $574y [0] $574y [0] $574y [0] $574y [0] $574y [0] $574y [0] $574y [0] $574y [0] $574y [0] $574y [0] $574y [0] $574y [0] $574y [0] $574y [0] $574y [0] $574y [0] $574y [0] $574y [0] $574y [0] $574y [0] $574y [0] $574y [0] $574y [0] $574y [0] $574y [0] $574y [0] $574y [0] $574y [0] }
    Consolidated identical input bits for $mux cell $571:
      Old ports: A=0, B=32'11111111111111111111111111111111, Y=$571y
      New ports: A=1'0, B=1'1, Y=$571y [0]
      New connections: $571y [31:1] = { $571y [0] $571y [0] $571y [0] $571y [0] $571y [0] $571y [0] $571y [0] $571y [0] $571y [0] $571y [0] $571y [0] $571y [0] $571y [0] $571y [0] $571y [0] $571y [0] $571y [0] $571y [0] $571y [0] $571y [0] $571y [0] $571y [0] $571y [0] $571y [0] $571y [0] $571y [0] $571y [0] $571y [0] $571y [0] $571y [0] $571y [0] }
    Consolidated identical input bits for $mux cell $568:
      Old ports: A=0, B=32'11111111111111111111111111111111, Y=$568y
      New ports: A=1'0, B=1'1, Y=$568y [0]
      New connections: $568y [31:1] = { $568y [0] $568y [0] $568y [0] $568y [0] $568y [0] $568y [0] $568y [0] $568y [0] $568y [0] $568y [0] $568y [0] $568y [0] $568y [0] $568y [0] $568y [0] $568y [0] $568y [0] $568y [0] $568y [0] $568y [0] $568y [0] $568y [0] $568y [0] $568y [0] $568y [0] $568y [0] $568y [0] $568y [0] $568y [0] $568y [0] $568y [0] }
    Consolidated identical input bits for $mux cell $565:
      Old ports: A=0, B=32'11111111111111111111111111111111, Y=$565y
      New ports: A=1'0, B=1'1, Y=$565y [0]
      New connections: $565y [31:1] = { $565y [0] $565y [0] $565y [0] $565y [0] $565y [0] $565y [0] $565y [0] $565y [0] $565y [0] $565y [0] $565y [0] $565y [0] $565y [0] $565y [0] $565y [0] $565y [0] $565y [0] $565y [0] $565y [0] $565y [0] $565y [0] $565y [0] $565y [0] $565y [0] $565y [0] $565y [0] $565y [0] $565y [0] $565y [0] $565y [0] $565y [0] }
    Consolidated identical input bits for $mux cell $562:
      Old ports: A=0, B=32'11111111111111111111111111111111, Y=$562y
      New ports: A=1'0, B=1'1, Y=$562y [0]
      New connections: $562y [31:1] = { $562y [0] $562y [0] $562y [0] $562y [0] $562y [0] $562y [0] $562y [0] $562y [0] $562y [0] $562y [0] $562y [0] $562y [0] $562y [0] $562y [0] $562y [0] $562y [0] $562y [0] $562y [0] $562y [0] $562y [0] $562y [0] $562y [0] $562y [0] $562y [0] $562y [0] $562y [0] $562y [0] $562y [0] $562y [0] $562y [0] $562y [0] }
    Consolidated identical input bits for $mux cell $559:
      Old ports: A=0, B=32'11111111111111111111111111111111, Y=$559y
      New ports: A=1'0, B=1'1, Y=$559y [0]
      New connections: $559y [31:1] = { $559y [0] $559y [0] $559y [0] $559y [0] $559y [0] $559y [0] $559y [0] $559y [0] $559y [0] $559y [0] $559y [0] $559y [0] $559y [0] $559y [0] $559y [0] $559y [0] $559y [0] $559y [0] $559y [0] $559y [0] $559y [0] $559y [0] $559y [0] $559y [0] $559y [0] $559y [0] $559y [0] $559y [0] $559y [0] $559y [0] $559y [0] }
    Consolidated identical input bits for $mux cell $556:
      Old ports: A=0, B=32'11111111111111111111111111111111, Y=$556y
      New ports: A=1'0, B=1'1, Y=$556y [0]
      New connections: $556y [31:1] = { $556y [0] $556y [0] $556y [0] $556y [0] $556y [0] $556y [0] $556y [0] $556y [0] $556y [0] $556y [0] $556y [0] $556y [0] $556y [0] $556y [0] $556y [0] $556y [0] $556y [0] $556y [0] $556y [0] $556y [0] $556y [0] $556y [0] $556y [0] $556y [0] $556y [0] $556y [0] $556y [0] $556y [0] $556y [0] $556y [0] $556y [0] }
    Consolidated identical input bits for $mux cell $553:
      Old ports: A=0, B=32'11111111111111111111111111111111, Y=$553y
      New ports: A=1'0, B=1'1, Y=$553y [0]
      New connections: $553y [31:1] = { $553y [0] $553y [0] $553y [0] $553y [0] $553y [0] $553y [0] $553y [0] $553y [0] $553y [0] $553y [0] $553y [0] $553y [0] $553y [0] $553y [0] $553y [0] $553y [0] $553y [0] $553y [0] $553y [0] $553y [0] $553y [0] $553y [0] $553y [0] $553y [0] $553y [0] $553y [0] $553y [0] $553y [0] $553y [0] $553y [0] $553y [0] }
    Consolidated identical input bits for $mux cell $550:
      Old ports: A=0, B=32'11111111111111111111111111111111, Y=$550y
      New ports: A=1'0, B=1'1, Y=$550y [0]
      New connections: $550y [31:1] = { $550y [0] $550y [0] $550y [0] $550y [0] $550y [0] $550y [0] $550y [0] $550y [0] $550y [0] $550y [0] $550y [0] $550y [0] $550y [0] $550y [0] $550y [0] $550y [0] $550y [0] $550y [0] $550y [0] $550y [0] $550y [0] $550y [0] $550y [0] $550y [0] $550y [0] $550y [0] $550y [0] $550y [0] $550y [0] $550y [0] $550y [0] }
    Consolidated identical input bits for $mux cell $547:
      Old ports: A=0, B=32'11111111111111111111111111111111, Y=$547y
      New ports: A=1'0, B=1'1, Y=$547y [0]
      New connections: $547y [31:1] = { $547y [0] $547y [0] $547y [0] $547y [0] $547y [0] $547y [0] $547y [0] $547y [0] $547y [0] $547y [0] $547y [0] $547y [0] $547y [0] $547y [0] $547y [0] $547y [0] $547y [0] $547y [0] $547y [0] $547y [0] $547y [0] $547y [0] $547y [0] $547y [0] $547y [0] $547y [0] $547y [0] $547y [0] $547y [0] $547y [0] $547y [0] }
    Consolidated identical input bits for $mux cell $544:
      Old ports: A=0, B=32'11111111111111111111111111111111, Y=$544y
      New ports: A=1'0, B=1'1, Y=$544y [0]
      New connections: $544y [31:1] = { $544y [0] $544y [0] $544y [0] $544y [0] $544y [0] $544y [0] $544y [0] $544y [0] $544y [0] $544y [0] $544y [0] $544y [0] $544y [0] $544y [0] $544y [0] $544y [0] $544y [0] $544y [0] $544y [0] $544y [0] $544y [0] $544y [0] $544y [0] $544y [0] $544y [0] $544y [0] $544y [0] $544y [0] $544y [0] $544y [0] $544y [0] }
    Consolidated identical input bits for $mux cell $541:
      Old ports: A=0, B=32'11111111111111111111111111111111, Y=$541y
      New ports: A=1'0, B=1'1, Y=$541y [0]
      New connections: $541y [31:1] = { $541y [0] $541y [0] $541y [0] $541y [0] $541y [0] $541y [0] $541y [0] $541y [0] $541y [0] $541y [0] $541y [0] $541y [0] $541y [0] $541y [0] $541y [0] $541y [0] $541y [0] $541y [0] $541y [0] $541y [0] $541y [0] $541y [0] $541y [0] $541y [0] $541y [0] $541y [0] $541y [0] $541y [0] $541y [0] $541y [0] $541y [0] }
    Consolidated identical input bits for $mux cell $538:
      Old ports: A=0, B=32'11111111111111111111111111111111, Y=$538y
      New ports: A=1'0, B=1'1, Y=$538y [0]
      New connections: $538y [31:1] = { $538y [0] $538y [0] $538y [0] $538y [0] $538y [0] $538y [0] $538y [0] $538y [0] $538y [0] $538y [0] $538y [0] $538y [0] $538y [0] $538y [0] $538y [0] $538y [0] $538y [0] $538y [0] $538y [0] $538y [0] $538y [0] $538y [0] $538y [0] $538y [0] $538y [0] $538y [0] $538y [0] $538y [0] $538y [0] $538y [0] $538y [0] }
    Consolidated identical input bits for $mux cell $535:
      Old ports: A=0, B=32'11111111111111111111111111111111, Y=$535y
      New ports: A=1'0, B=1'1, Y=$535y [0]
      New connections: $535y [31:1] = { $535y [0] $535y [0] $535y [0] $535y [0] $535y [0] $535y [0] $535y [0] $535y [0] $535y [0] $535y [0] $535y [0] $535y [0] $535y [0] $535y [0] $535y [0] $535y [0] $535y [0] $535y [0] $535y [0] $535y [0] $535y [0] $535y [0] $535y [0] $535y [0] $535y [0] $535y [0] $535y [0] $535y [0] $535y [0] $535y [0] $535y [0] }
    Consolidated identical input bits for $mux cell $532:
      Old ports: A=0, B=32'11111111111111111111111111111111, Y=$532y
      New ports: A=1'0, B=1'1, Y=$532y [0]
      New connections: $532y [31:1] = { $532y [0] $532y [0] $532y [0] $532y [0] $532y [0] $532y [0] $532y [0] $532y [0] $532y [0] $532y [0] $532y [0] $532y [0] $532y [0] $532y [0] $532y [0] $532y [0] $532y [0] $532y [0] $532y [0] $532y [0] $532y [0] $532y [0] $532y [0] $532y [0] $532y [0] $532y [0] $532y [0] $532y [0] $532y [0] $532y [0] $532y [0] }
    Consolidated identical input bits for $mux cell $529:
      Old ports: A=0, B=32'11111111111111111111111111111111, Y=$529y
      New ports: A=1'0, B=1'1, Y=$529y [0]
      New connections: $529y [31:1] = { $529y [0] $529y [0] $529y [0] $529y [0] $529y [0] $529y [0] $529y [0] $529y [0] $529y [0] $529y [0] $529y [0] $529y [0] $529y [0] $529y [0] $529y [0] $529y [0] $529y [0] $529y [0] $529y [0] $529y [0] $529y [0] $529y [0] $529y [0] $529y [0] $529y [0] $529y [0] $529y [0] $529y [0] $529y [0] $529y [0] $529y [0] }
    Consolidated identical input bits for $mux cell $526:
      Old ports: A=0, B=32'11111111111111111111111111111111, Y=$526y
      New ports: A=1'0, B=1'1, Y=$526y [0]
      New connections: $526y [31:1] = { $526y [0] $526y [0] $526y [0] $526y [0] $526y [0] $526y [0] $526y [0] $526y [0] $526y [0] $526y [0] $526y [0] $526y [0] $526y [0] $526y [0] $526y [0] $526y [0] $526y [0] $526y [0] $526y [0] $526y [0] $526y [0] $526y [0] $526y [0] $526y [0] $526y [0] $526y [0] $526y [0] $526y [0] $526y [0] $526y [0] $526y [0] }
    Consolidated identical input bits for $mux cell $523:
      Old ports: A=0, B=32'11111111111111111111111111111111, Y=$523y
      New ports: A=1'0, B=1'1, Y=$523y [0]
      New connections: $523y [31:1] = { $523y [0] $523y [0] $523y [0] $523y [0] $523y [0] $523y [0] $523y [0] $523y [0] $523y [0] $523y [0] $523y [0] $523y [0] $523y [0] $523y [0] $523y [0] $523y [0] $523y [0] $523y [0] $523y [0] $523y [0] $523y [0] $523y [0] $523y [0] $523y [0] $523y [0] $523y [0] $523y [0] $523y [0] $523y [0] $523y [0] $523y [0] }
    Consolidated identical input bits for $mux cell $520:
      Old ports: A=0, B=32'11111111111111111111111111111111, Y=$520y
      New ports: A=1'0, B=1'1, Y=$520y [0]
      New connections: $520y [31:1] = { $520y [0] $520y [0] $520y [0] $520y [0] $520y [0] $520y [0] $520y [0] $520y [0] $520y [0] $520y [0] $520y [0] $520y [0] $520y [0] $520y [0] $520y [0] $520y [0] $520y [0] $520y [0] $520y [0] $520y [0] $520y [0] $520y [0] $520y [0] $520y [0] $520y [0] $520y [0] $520y [0] $520y [0] $520y [0] $520y [0] $520y [0] }
    Consolidated identical input bits for $mux cell $517:
      Old ports: A=0, B=32'11111111111111111111111111111111, Y=$517y
      New ports: A=1'0, B=1'1, Y=$517y [0]
      New connections: $517y [31:1] = { $517y [0] $517y [0] $517y [0] $517y [0] $517y [0] $517y [0] $517y [0] $517y [0] $517y [0] $517y [0] $517y [0] $517y [0] $517y [0] $517y [0] $517y [0] $517y [0] $517y [0] $517y [0] $517y [0] $517y [0] $517y [0] $517y [0] $517y [0] $517y [0] $517y [0] $517y [0] $517y [0] $517y [0] $517y [0] $517y [0] $517y [0] }
    Consolidated identical input bits for $mux cell $514:
      Old ports: A=0, B=32'11111111111111111111111111111111, Y=$514y
      New ports: A=1'0, B=1'1, Y=$514y [0]
      New connections: $514y [31:1] = { $514y [0] $514y [0] $514y [0] $514y [0] $514y [0] $514y [0] $514y [0] $514y [0] $514y [0] $514y [0] $514y [0] $514y [0] $514y [0] $514y [0] $514y [0] $514y [0] $514y [0] $514y [0] $514y [0] $514y [0] $514y [0] $514y [0] $514y [0] $514y [0] $514y [0] $514y [0] $514y [0] $514y [0] $514y [0] $514y [0] $514y [0] }
    Consolidated identical input bits for $mux cell $511:
      Old ports: A=0, B=32'11111111111111111111111111111111, Y=$511y
      New ports: A=1'0, B=1'1, Y=$511y [0]
      New connections: $511y [31:1] = { $511y [0] $511y [0] $511y [0] $511y [0] $511y [0] $511y [0] $511y [0] $511y [0] $511y [0] $511y [0] $511y [0] $511y [0] $511y [0] $511y [0] $511y [0] $511y [0] $511y [0] $511y [0] $511y [0] $511y [0] $511y [0] $511y [0] $511y [0] $511y [0] $511y [0] $511y [0] $511y [0] $511y [0] $511y [0] $511y [0] $511y [0] }
    Consolidated identical input bits for $mux cell $508:
      Old ports: A=0, B=32'11111111111111111111111111111111, Y=$508y
      New ports: A=1'0, B=1'1, Y=$508y [0]
      New connections: $508y [31:1] = { $508y [0] $508y [0] $508y [0] $508y [0] $508y [0] $508y [0] $508y [0] $508y [0] $508y [0] $508y [0] $508y [0] $508y [0] $508y [0] $508y [0] $508y [0] $508y [0] $508y [0] $508y [0] $508y [0] $508y [0] $508y [0] $508y [0] $508y [0] $508y [0] $508y [0] $508y [0] $508y [0] $508y [0] $508y [0] $508y [0] $508y [0] }
    Consolidated identical input bits for $mux cell $505:
      Old ports: A=0, B=32'11111111111111111111111111111111, Y=$505y
      New ports: A=1'0, B=1'1, Y=$505y [0]
      New connections: $505y [31:1] = { $505y [0] $505y [0] $505y [0] $505y [0] $505y [0] $505y [0] $505y [0] $505y [0] $505y [0] $505y [0] $505y [0] $505y [0] $505y [0] $505y [0] $505y [0] $505y [0] $505y [0] $505y [0] $505y [0] $505y [0] $505y [0] $505y [0] $505y [0] $505y [0] $505y [0] $505y [0] $505y [0] $505y [0] $505y [0] $505y [0] $505y [0] }
    Consolidated identical input bits for $mux cell $502:
      Old ports: A=0, B=32'11111111111111111111111111111111, Y=$502y
      New ports: A=1'0, B=1'1, Y=$502y [0]
      New connections: $502y [31:1] = { $502y [0] $502y [0] $502y [0] $502y [0] $502y [0] $502y [0] $502y [0] $502y [0] $502y [0] $502y [0] $502y [0] $502y [0] $502y [0] $502y [0] $502y [0] $502y [0] $502y [0] $502y [0] $502y [0] $502y [0] $502y [0] $502y [0] $502y [0] $502y [0] $502y [0] $502y [0] $502y [0] $502y [0] $502y [0] $502y [0] $502y [0] }
    Consolidated identical input bits for $mux cell $499:
      Old ports: A=0, B=32'11111111111111111111111111111111, Y=$499y
      New ports: A=1'0, B=1'1, Y=$499y [0]
      New connections: $499y [31:1] = { $499y [0] $499y [0] $499y [0] $499y [0] $499y [0] $499y [0] $499y [0] $499y [0] $499y [0] $499y [0] $499y [0] $499y [0] $499y [0] $499y [0] $499y [0] $499y [0] $499y [0] $499y [0] $499y [0] $499y [0] $499y [0] $499y [0] $499y [0] $499y [0] $499y [0] $499y [0] $499y [0] $499y [0] $499y [0] $499y [0] $499y [0] }
    Consolidated identical input bits for $mux cell $496:
      Old ports: A=0, B=32'11111111111111111111111111111111, Y=$496y
      New ports: A=1'0, B=1'1, Y=$496y [0]
      New connections: $496y [31:1] = { $496y [0] $496y [0] $496y [0] $496y [0] $496y [0] $496y [0] $496y [0] $496y [0] $496y [0] $496y [0] $496y [0] $496y [0] $496y [0] $496y [0] $496y [0] $496y [0] $496y [0] $496y [0] $496y [0] $496y [0] $496y [0] $496y [0] $496y [0] $496y [0] $496y [0] $496y [0] $496y [0] $496y [0] $496y [0] $496y [0] $496y [0] }
    Consolidated identical input bits for $mux cell $493:
      Old ports: A=0, B=32'11111111111111111111111111111111, Y=$493y
      New ports: A=1'0, B=1'1, Y=$493y [0]
      New connections: $493y [31:1] = { $493y [0] $493y [0] $493y [0] $493y [0] $493y [0] $493y [0] $493y [0] $493y [0] $493y [0] $493y [0] $493y [0] $493y [0] $493y [0] $493y [0] $493y [0] $493y [0] $493y [0] $493y [0] $493y [0] $493y [0] $493y [0] $493y [0] $493y [0] $493y [0] $493y [0] $493y [0] $493y [0] $493y [0] $493y [0] $493y [0] $493y [0] }
    Consolidated identical input bits for $mux cell $490:
      Old ports: A=0, B=32'11111111111111111111111111111111, Y=$490y
      New ports: A=1'0, B=1'1, Y=$490y [0]
      New connections: $490y [31:1] = { $490y [0] $490y [0] $490y [0] $490y [0] $490y [0] $490y [0] $490y [0] $490y [0] $490y [0] $490y [0] $490y [0] $490y [0] $490y [0] $490y [0] $490y [0] $490y [0] $490y [0] $490y [0] $490y [0] $490y [0] $490y [0] $490y [0] $490y [0] $490y [0] $490y [0] $490y [0] $490y [0] $490y [0] $490y [0] $490y [0] $490y [0] }
    Consolidated identical input bits for $mux cell $487:
      Old ports: A=0, B=32'11111111111111111111111111111111, Y=$487y
      New ports: A=1'0, B=1'1, Y=$487y [0]
      New connections: $487y [31:1] = { $487y [0] $487y [0] $487y [0] $487y [0] $487y [0] $487y [0] $487y [0] $487y [0] $487y [0] $487y [0] $487y [0] $487y [0] $487y [0] $487y [0] $487y [0] $487y [0] $487y [0] $487y [0] $487y [0] $487y [0] $487y [0] $487y [0] $487y [0] $487y [0] $487y [0] $487y [0] $487y [0] $487y [0] $487y [0] $487y [0] $487y [0] }
    Consolidated identical input bits for $mux cell $484:
      Old ports: A=0, B=32'11111111111111111111111111111111, Y=$484y
      New ports: A=1'0, B=1'1, Y=$484y [0]
      New connections: $484y [31:1] = { $484y [0] $484y [0] $484y [0] $484y [0] $484y [0] $484y [0] $484y [0] $484y [0] $484y [0] $484y [0] $484y [0] $484y [0] $484y [0] $484y [0] $484y [0] $484y [0] $484y [0] $484y [0] $484y [0] $484y [0] $484y [0] $484y [0] $484y [0] $484y [0] $484y [0] $484y [0] $484y [0] $484y [0] $484y [0] $484y [0] $484y [0] }
    Consolidated identical input bits for $mux cell $481:
      Old ports: A=0, B=32'11111111111111111111111111111111, Y=$481y
      New ports: A=1'0, B=1'1, Y=$481y [0]
      New connections: $481y [31:1] = { $481y [0] $481y [0] $481y [0] $481y [0] $481y [0] $481y [0] $481y [0] $481y [0] $481y [0] $481y [0] $481y [0] $481y [0] $481y [0] $481y [0] $481y [0] $481y [0] $481y [0] $481y [0] $481y [0] $481y [0] $481y [0] $481y [0] $481y [0] $481y [0] $481y [0] $481y [0] $481y [0] $481y [0] $481y [0] $481y [0] $481y [0] }
    Consolidated identical input bits for $mux cell $478:
      Old ports: A=0, B=32'11111111111111111111111111111111, Y=$478y
      New ports: A=1'0, B=1'1, Y=$478y [0]
      New connections: $478y [31:1] = { $478y [0] $478y [0] $478y [0] $478y [0] $478y [0] $478y [0] $478y [0] $478y [0] $478y [0] $478y [0] $478y [0] $478y [0] $478y [0] $478y [0] $478y [0] $478y [0] $478y [0] $478y [0] $478y [0] $478y [0] $478y [0] $478y [0] $478y [0] $478y [0] $478y [0] $478y [0] $478y [0] $478y [0] $478y [0] $478y [0] $478y [0] }
    Consolidated identical input bits for $mux cell $475:
      Old ports: A=0, B=32'11111111111111111111111111111111, Y=$475y
      New ports: A=1'0, B=1'1, Y=$475y [0]
      New connections: $475y [31:1] = { $475y [0] $475y [0] $475y [0] $475y [0] $475y [0] $475y [0] $475y [0] $475y [0] $475y [0] $475y [0] $475y [0] $475y [0] $475y [0] $475y [0] $475y [0] $475y [0] $475y [0] $475y [0] $475y [0] $475y [0] $475y [0] $475y [0] $475y [0] $475y [0] $475y [0] $475y [0] $475y [0] $475y [0] $475y [0] $475y [0] $475y [0] }
    Consolidated identical input bits for $mux cell $472:
      Old ports: A=0, B=32'11111111111111111111111111111111, Y=$472y
      New ports: A=1'0, B=1'1, Y=$472y [0]
      New connections: $472y [31:1] = { $472y [0] $472y [0] $472y [0] $472y [0] $472y [0] $472y [0] $472y [0] $472y [0] $472y [0] $472y [0] $472y [0] $472y [0] $472y [0] $472y [0] $472y [0] $472y [0] $472y [0] $472y [0] $472y [0] $472y [0] $472y [0] $472y [0] $472y [0] $472y [0] $472y [0] $472y [0] $472y [0] $472y [0] $472y [0] $472y [0] $472y [0] }
    Consolidated identical input bits for $mux cell $469:
      Old ports: A=0, B=32'11111111111111111111111111111111, Y=$469y
      New ports: A=1'0, B=1'1, Y=$469y [0]
      New connections: $469y [31:1] = { $469y [0] $469y [0] $469y [0] $469y [0] $469y [0] $469y [0] $469y [0] $469y [0] $469y [0] $469y [0] $469y [0] $469y [0] $469y [0] $469y [0] $469y [0] $469y [0] $469y [0] $469y [0] $469y [0] $469y [0] $469y [0] $469y [0] $469y [0] $469y [0] $469y [0] $469y [0] $469y [0] $469y [0] $469y [0] $469y [0] $469y [0] }
    Consolidated identical input bits for $mux cell $466:
      Old ports: A=0, B=32'11111111111111111111111111111111, Y=$466y
      New ports: A=1'0, B=1'1, Y=$466y [0]
      New connections: $466y [31:1] = { $466y [0] $466y [0] $466y [0] $466y [0] $466y [0] $466y [0] $466y [0] $466y [0] $466y [0] $466y [0] $466y [0] $466y [0] $466y [0] $466y [0] $466y [0] $466y [0] $466y [0] $466y [0] $466y [0] $466y [0] $466y [0] $466y [0] $466y [0] $466y [0] $466y [0] $466y [0] $466y [0] $466y [0] $466y [0] $466y [0] $466y [0] }
    Consolidated identical input bits for $mux cell $463:
      Old ports: A=0, B=32'11111111111111111111111111111111, Y=$463y
      New ports: A=1'0, B=1'1, Y=$463y [0]
      New connections: $463y [31:1] = { $463y [0] $463y [0] $463y [0] $463y [0] $463y [0] $463y [0] $463y [0] $463y [0] $463y [0] $463y [0] $463y [0] $463y [0] $463y [0] $463y [0] $463y [0] $463y [0] $463y [0] $463y [0] $463y [0] $463y [0] $463y [0] $463y [0] $463y [0] $463y [0] $463y [0] $463y [0] $463y [0] $463y [0] $463y [0] $463y [0] $463y [0] }
    Consolidated identical input bits for $mux cell $460:
      Old ports: A=0, B=32'11111111111111111111111111111111, Y=$460y
      New ports: A=1'0, B=1'1, Y=$460y [0]
      New connections: $460y [31:1] = { $460y [0] $460y [0] $460y [0] $460y [0] $460y [0] $460y [0] $460y [0] $460y [0] $460y [0] $460y [0] $460y [0] $460y [0] $460y [0] $460y [0] $460y [0] $460y [0] $460y [0] $460y [0] $460y [0] $460y [0] $460y [0] $460y [0] $460y [0] $460y [0] $460y [0] $460y [0] $460y [0] $460y [0] $460y [0] $460y [0] $460y [0] }
    Consolidated identical input bits for $mux cell $457:
      Old ports: A=0, B=32'11111111111111111111111111111111, Y=$457y
      New ports: A=1'0, B=1'1, Y=$457y [0]
      New connections: $457y [31:1] = { $457y [0] $457y [0] $457y [0] $457y [0] $457y [0] $457y [0] $457y [0] $457y [0] $457y [0] $457y [0] $457y [0] $457y [0] $457y [0] $457y [0] $457y [0] $457y [0] $457y [0] $457y [0] $457y [0] $457y [0] $457y [0] $457y [0] $457y [0] $457y [0] $457y [0] $457y [0] $457y [0] $457y [0] $457y [0] $457y [0] $457y [0] }
    Consolidated identical input bits for $mux cell $454:
      Old ports: A=0, B=32'11111111111111111111111111111111, Y=$454y
      New ports: A=1'0, B=1'1, Y=$454y [0]
      New connections: $454y [31:1] = { $454y [0] $454y [0] $454y [0] $454y [0] $454y [0] $454y [0] $454y [0] $454y [0] $454y [0] $454y [0] $454y [0] $454y [0] $454y [0] $454y [0] $454y [0] $454y [0] $454y [0] $454y [0] $454y [0] $454y [0] $454y [0] $454y [0] $454y [0] $454y [0] $454y [0] $454y [0] $454y [0] $454y [0] $454y [0] $454y [0] $454y [0] }
    New ctrl vector for $pmux cell $procmux$607: $auto$opt_reduce.cc:137:opt_pmux$1779
    New ctrl vector for $pmux cell $procmux$602: $auto$opt_reduce.cc:137:opt_pmux$1781
    New ctrl vector for $pmux cell $procmux$596: { $auto$opt_reduce.cc:137:opt_pmux$1783 $procmux$637_CMP $procmux$638_CMP }
    New ctrl vector for $pmux cell $procmux$592: $auto$opt_reduce.cc:137:opt_pmux$1785
    New ctrl vector for $pmux cell $procmux$587: $auto$opt_reduce.cc:137:opt_pmux$1787
    New ctrl vector for $pmux cell $procmux$633: $auto$opt_reduce.cc:137:opt_pmux$1789
    Consolidated identical input bits for $mux cell $172:
      Old ports: A=0, B=32'11111111111111111111111111111111, Y=$172y
      New ports: A=1'0, B=1'1, Y=$172y [0]
      New connections: $172y [31:1] = { $172y [0] $172y [0] $172y [0] $172y [0] $172y [0] $172y [0] $172y [0] $172y [0] $172y [0] $172y [0] $172y [0] $172y [0] $172y [0] $172y [0] $172y [0] $172y [0] $172y [0] $172y [0] $172y [0] $172y [0] $172y [0] $172y [0] $172y [0] $172y [0] $172y [0] $172y [0] $172y [0] $172y [0] $172y [0] $172y [0] $172y [0] }
    Consolidated identical input bits for $mux cell $167:
      Old ports: A=0, B=32'11111111111111111111111111111111, Y=$167y
      New ports: A=1'0, B=1'1, Y=$167y [0]
      New connections: $167y [31:1] = { $167y [0] $167y [0] $167y [0] $167y [0] $167y [0] $167y [0] $167y [0] $167y [0] $167y [0] $167y [0] $167y [0] $167y [0] $167y [0] $167y [0] $167y [0] $167y [0] $167y [0] $167y [0] $167y [0] $167y [0] $167y [0] $167y [0] $167y [0] $167y [0] $167y [0] $167y [0] $167y [0] $167y [0] $167y [0] $167y [0] $167y [0] }
    Consolidated identical input bits for $mux cell $164:
      Old ports: A=0, B=32'11111111111111111111111111111111, Y=$164y
      New ports: A=1'0, B=1'1, Y=$164y [0]
      New connections: $164y [31:1] = { $164y [0] $164y [0] $164y [0] $164y [0] $164y [0] $164y [0] $164y [0] $164y [0] $164y [0] $164y [0] $164y [0] $164y [0] $164y [0] $164y [0] $164y [0] $164y [0] $164y [0] $164y [0] $164y [0] $164y [0] $164y [0] $164y [0] $164y [0] $164y [0] $164y [0] $164y [0] $164y [0] $164y [0] $164y [0] $164y [0] $164y [0] }
    Consolidated identical input bits for $mux cell $161:
      Old ports: A=0, B=32'11111111111111111111111111111111, Y=$161y
      New ports: A=1'0, B=1'1, Y=$161y [0]
      New connections: $161y [31:1] = { $161y [0] $161y [0] $161y [0] $161y [0] $161y [0] $161y [0] $161y [0] $161y [0] $161y [0] $161y [0] $161y [0] $161y [0] $161y [0] $161y [0] $161y [0] $161y [0] $161y [0] $161y [0] $161y [0] $161y [0] $161y [0] $161y [0] $161y [0] $161y [0] $161y [0] $161y [0] $161y [0] $161y [0] $161y [0] $161y [0] $161y [0] }
    Consolidated identical input bits for $mux cell $158:
      Old ports: A=0, B=32'11111111111111111111111111111111, Y=$158y
      New ports: A=1'0, B=1'1, Y=$158y [0]
      New connections: $158y [31:1] = { $158y [0] $158y [0] $158y [0] $158y [0] $158y [0] $158y [0] $158y [0] $158y [0] $158y [0] $158y [0] $158y [0] $158y [0] $158y [0] $158y [0] $158y [0] $158y [0] $158y [0] $158y [0] $158y [0] $158y [0] $158y [0] $158y [0] $158y [0] $158y [0] $158y [0] $158y [0] $158y [0] $158y [0] $158y [0] $158y [0] $158y [0] }
    Consolidated identical input bits for $mux cell $155:
      Old ports: A=0, B=32'11111111111111111111111111111111, Y=$155y
      New ports: A=1'0, B=1'1, Y=$155y [0]
      New connections: $155y [31:1] = { $155y [0] $155y [0] $155y [0] $155y [0] $155y [0] $155y [0] $155y [0] $155y [0] $155y [0] $155y [0] $155y [0] $155y [0] $155y [0] $155y [0] $155y [0] $155y [0] $155y [0] $155y [0] $155y [0] $155y [0] $155y [0] $155y [0] $155y [0] $155y [0] $155y [0] $155y [0] $155y [0] $155y [0] $155y [0] $155y [0] $155y [0] }
    Consolidated identical input bits for $mux cell $152:
      Old ports: A=0, B=32'11111111111111111111111111111111, Y=$152y
      New ports: A=1'0, B=1'1, Y=$152y [0]
      New connections: $152y [31:1] = { $152y [0] $152y [0] $152y [0] $152y [0] $152y [0] $152y [0] $152y [0] $152y [0] $152y [0] $152y [0] $152y [0] $152y [0] $152y [0] $152y [0] $152y [0] $152y [0] $152y [0] $152y [0] $152y [0] $152y [0] $152y [0] $152y [0] $152y [0] $152y [0] $152y [0] $152y [0] $152y [0] $152y [0] $152y [0] $152y [0] $152y [0] }
    Consolidated identical input bits for $mux cell $149:
      Old ports: A=0, B=32'11111111111111111111111111111111, Y=$149y
      New ports: A=1'0, B=1'1, Y=$149y [0]
      New connections: $149y [31:1] = { $149y [0] $149y [0] $149y [0] $149y [0] $149y [0] $149y [0] $149y [0] $149y [0] $149y [0] $149y [0] $149y [0] $149y [0] $149y [0] $149y [0] $149y [0] $149y [0] $149y [0] $149y [0] $149y [0] $149y [0] $149y [0] $149y [0] $149y [0] $149y [0] $149y [0] $149y [0] $149y [0] $149y [0] $149y [0] $149y [0] $149y [0] }
    Consolidated identical input bits for $mux cell $146:
      Old ports: A=0, B=32'11111111111111111111111111111111, Y=$146y
      New ports: A=1'0, B=1'1, Y=$146y [0]
      New connections: $146y [31:1] = { $146y [0] $146y [0] $146y [0] $146y [0] $146y [0] $146y [0] $146y [0] $146y [0] $146y [0] $146y [0] $146y [0] $146y [0] $146y [0] $146y [0] $146y [0] $146y [0] $146y [0] $146y [0] $146y [0] $146y [0] $146y [0] $146y [0] $146y [0] $146y [0] $146y [0] $146y [0] $146y [0] $146y [0] $146y [0] $146y [0] $146y [0] }
    Consolidated identical input bits for $mux cell $143:
      Old ports: A=0, B=32'11111111111111111111111111111111, Y=$143y
      New ports: A=1'0, B=1'1, Y=$143y [0]
      New connections: $143y [31:1] = { $143y [0] $143y [0] $143y [0] $143y [0] $143y [0] $143y [0] $143y [0] $143y [0] $143y [0] $143y [0] $143y [0] $143y [0] $143y [0] $143y [0] $143y [0] $143y [0] $143y [0] $143y [0] $143y [0] $143y [0] $143y [0] $143y [0] $143y [0] $143y [0] $143y [0] $143y [0] $143y [0] $143y [0] $143y [0] $143y [0] $143y [0] }
    Consolidated identical input bits for $mux cell $140:
      Old ports: A=0, B=32'11111111111111111111111111111111, Y=$140y
      New ports: A=1'0, B=1'1, Y=$140y [0]
      New connections: $140y [31:1] = { $140y [0] $140y [0] $140y [0] $140y [0] $140y [0] $140y [0] $140y [0] $140y [0] $140y [0] $140y [0] $140y [0] $140y [0] $140y [0] $140y [0] $140y [0] $140y [0] $140y [0] $140y [0] $140y [0] $140y [0] $140y [0] $140y [0] $140y [0] $140y [0] $140y [0] $140y [0] $140y [0] $140y [0] $140y [0] $140y [0] $140y [0] }
    Consolidated identical input bits for $mux cell $137:
      Old ports: A=0, B=32'11111111111111111111111111111111, Y=$137y
      New ports: A=1'0, B=1'1, Y=$137y [0]
      New connections: $137y [31:1] = { $137y [0] $137y [0] $137y [0] $137y [0] $137y [0] $137y [0] $137y [0] $137y [0] $137y [0] $137y [0] $137y [0] $137y [0] $137y [0] $137y [0] $137y [0] $137y [0] $137y [0] $137y [0] $137y [0] $137y [0] $137y [0] $137y [0] $137y [0] $137y [0] $137y [0] $137y [0] $137y [0] $137y [0] $137y [0] $137y [0] $137y [0] }
    Consolidated identical input bits for $mux cell $134:
      Old ports: A=0, B=32'11111111111111111111111111111111, Y=$134y
      New ports: A=1'0, B=1'1, Y=$134y [0]
      New connections: $134y [31:1] = { $134y [0] $134y [0] $134y [0] $134y [0] $134y [0] $134y [0] $134y [0] $134y [0] $134y [0] $134y [0] $134y [0] $134y [0] $134y [0] $134y [0] $134y [0] $134y [0] $134y [0] $134y [0] $134y [0] $134y [0] $134y [0] $134y [0] $134y [0] $134y [0] $134y [0] $134y [0] $134y [0] $134y [0] $134y [0] $134y [0] $134y [0] }
    Consolidated identical input bits for $mux cell $131:
      Old ports: A=0, B=32'11111111111111111111111111111111, Y=$131y
      New ports: A=1'0, B=1'1, Y=$131y [0]
      New connections: $131y [31:1] = { $131y [0] $131y [0] $131y [0] $131y [0] $131y [0] $131y [0] $131y [0] $131y [0] $131y [0] $131y [0] $131y [0] $131y [0] $131y [0] $131y [0] $131y [0] $131y [0] $131y [0] $131y [0] $131y [0] $131y [0] $131y [0] $131y [0] $131y [0] $131y [0] $131y [0] $131y [0] $131y [0] $131y [0] $131y [0] $131y [0] $131y [0] }
    Consolidated identical input bits for $mux cell $128:
      Old ports: A=0, B=32'11111111111111111111111111111111, Y=$128y
      New ports: A=1'0, B=1'1, Y=$128y [0]
      New connections: $128y [31:1] = { $128y [0] $128y [0] $128y [0] $128y [0] $128y [0] $128y [0] $128y [0] $128y [0] $128y [0] $128y [0] $128y [0] $128y [0] $128y [0] $128y [0] $128y [0] $128y [0] $128y [0] $128y [0] $128y [0] $128y [0] $128y [0] $128y [0] $128y [0] $128y [0] $128y [0] $128y [0] $128y [0] $128y [0] $128y [0] $128y [0] $128y [0] }
    Consolidated identical input bits for $mux cell $125:
      Old ports: A=0, B=32'11111111111111111111111111111111, Y=$125y
      New ports: A=1'0, B=1'1, Y=$125y [0]
      New connections: $125y [31:1] = { $125y [0] $125y [0] $125y [0] $125y [0] $125y [0] $125y [0] $125y [0] $125y [0] $125y [0] $125y [0] $125y [0] $125y [0] $125y [0] $125y [0] $125y [0] $125y [0] $125y [0] $125y [0] $125y [0] $125y [0] $125y [0] $125y [0] $125y [0] $125y [0] $125y [0] $125y [0] $125y [0] $125y [0] $125y [0] $125y [0] $125y [0] }
    Consolidated identical input bits for $mux cell $122:
      Old ports: A=0, B=32'11111111111111111111111111111111, Y=$122y
      New ports: A=1'0, B=1'1, Y=$122y [0]
      New connections: $122y [31:1] = { $122y [0] $122y [0] $122y [0] $122y [0] $122y [0] $122y [0] $122y [0] $122y [0] $122y [0] $122y [0] $122y [0] $122y [0] $122y [0] $122y [0] $122y [0] $122y [0] $122y [0] $122y [0] $122y [0] $122y [0] $122y [0] $122y [0] $122y [0] $122y [0] $122y [0] $122y [0] $122y [0] $122y [0] $122y [0] $122y [0] $122y [0] }
    Consolidated identical input bits for $mux cell $119:
      Old ports: A=0, B=32'11111111111111111111111111111111, Y=$119y
      New ports: A=1'0, B=1'1, Y=$119y [0]
      New connections: $119y [31:1] = { $119y [0] $119y [0] $119y [0] $119y [0] $119y [0] $119y [0] $119y [0] $119y [0] $119y [0] $119y [0] $119y [0] $119y [0] $119y [0] $119y [0] $119y [0] $119y [0] $119y [0] $119y [0] $119y [0] $119y [0] $119y [0] $119y [0] $119y [0] $119y [0] $119y [0] $119y [0] $119y [0] $119y [0] $119y [0] $119y [0] $119y [0] }
    Consolidated identical input bits for $mux cell $116:
      Old ports: A=0, B=32'11111111111111111111111111111111, Y=$116y
      New ports: A=1'0, B=1'1, Y=$116y [0]
      New connections: $116y [31:1] = { $116y [0] $116y [0] $116y [0] $116y [0] $116y [0] $116y [0] $116y [0] $116y [0] $116y [0] $116y [0] $116y [0] $116y [0] $116y [0] $116y [0] $116y [0] $116y [0] $116y [0] $116y [0] $116y [0] $116y [0] $116y [0] $116y [0] $116y [0] $116y [0] $116y [0] $116y [0] $116y [0] $116y [0] $116y [0] $116y [0] $116y [0] }
    Consolidated identical input bits for $mux cell $113:
      Old ports: A=0, B=32'11111111111111111111111111111111, Y=$113y
      New ports: A=1'0, B=1'1, Y=$113y [0]
      New connections: $113y [31:1] = { $113y [0] $113y [0] $113y [0] $113y [0] $113y [0] $113y [0] $113y [0] $113y [0] $113y [0] $113y [0] $113y [0] $113y [0] $113y [0] $113y [0] $113y [0] $113y [0] $113y [0] $113y [0] $113y [0] $113y [0] $113y [0] $113y [0] $113y [0] $113y [0] $113y [0] $113y [0] $113y [0] $113y [0] $113y [0] $113y [0] $113y [0] }
    Consolidated identical input bits for $mux cell $110:
      Old ports: A=0, B=32'11111111111111111111111111111111, Y=$110y
      New ports: A=1'0, B=1'1, Y=$110y [0]
      New connections: $110y [31:1] = { $110y [0] $110y [0] $110y [0] $110y [0] $110y [0] $110y [0] $110y [0] $110y [0] $110y [0] $110y [0] $110y [0] $110y [0] $110y [0] $110y [0] $110y [0] $110y [0] $110y [0] $110y [0] $110y [0] $110y [0] $110y [0] $110y [0] $110y [0] $110y [0] $110y [0] $110y [0] $110y [0] $110y [0] $110y [0] $110y [0] $110y [0] }
    Consolidated identical input bits for $mux cell $107:
      Old ports: A=0, B=32'11111111111111111111111111111111, Y=$107y
      New ports: A=1'0, B=1'1, Y=$107y [0]
      New connections: $107y [31:1] = { $107y [0] $107y [0] $107y [0] $107y [0] $107y [0] $107y [0] $107y [0] $107y [0] $107y [0] $107y [0] $107y [0] $107y [0] $107y [0] $107y [0] $107y [0] $107y [0] $107y [0] $107y [0] $107y [0] $107y [0] $107y [0] $107y [0] $107y [0] $107y [0] $107y [0] $107y [0] $107y [0] $107y [0] $107y [0] $107y [0] $107y [0] }
    Consolidated identical input bits for $mux cell $104:
      Old ports: A=0, B=32'11111111111111111111111111111111, Y=$104y
      New ports: A=1'0, B=1'1, Y=$104y [0]
      New connections: $104y [31:1] = { $104y [0] $104y [0] $104y [0] $104y [0] $104y [0] $104y [0] $104y [0] $104y [0] $104y [0] $104y [0] $104y [0] $104y [0] $104y [0] $104y [0] $104y [0] $104y [0] $104y [0] $104y [0] $104y [0] $104y [0] $104y [0] $104y [0] $104y [0] $104y [0] $104y [0] $104y [0] $104y [0] $104y [0] $104y [0] $104y [0] $104y [0] }
    Consolidated identical input bits for $mux cell $101:
      Old ports: A=0, B=32'11111111111111111111111111111111, Y=$101y
      New ports: A=1'0, B=1'1, Y=$101y [0]
      New connections: $101y [31:1] = { $101y [0] $101y [0] $101y [0] $101y [0] $101y [0] $101y [0] $101y [0] $101y [0] $101y [0] $101y [0] $101y [0] $101y [0] $101y [0] $101y [0] $101y [0] $101y [0] $101y [0] $101y [0] $101y [0] $101y [0] $101y [0] $101y [0] $101y [0] $101y [0] $101y [0] $101y [0] $101y [0] $101y [0] $101y [0] $101y [0] $101y [0] }
    Consolidated identical input bits for $mux cell $98:
      Old ports: A=0, B=32'11111111111111111111111111111111, Y=$98y
      New ports: A=1'0, B=1'1, Y=$98y [0]
      New connections: $98y [31:1] = { $98y [0] $98y [0] $98y [0] $98y [0] $98y [0] $98y [0] $98y [0] $98y [0] $98y [0] $98y [0] $98y [0] $98y [0] $98y [0] $98y [0] $98y [0] $98y [0] $98y [0] $98y [0] $98y [0] $98y [0] $98y [0] $98y [0] $98y [0] $98y [0] $98y [0] $98y [0] $98y [0] $98y [0] $98y [0] $98y [0] $98y [0] }
    Consolidated identical input bits for $mux cell $95:
      Old ports: A=0, B=32'11111111111111111111111111111111, Y=$95y
      New ports: A=1'0, B=1'1, Y=$95y [0]
      New connections: $95y [31:1] = { $95y [0] $95y [0] $95y [0] $95y [0] $95y [0] $95y [0] $95y [0] $95y [0] $95y [0] $95y [0] $95y [0] $95y [0] $95y [0] $95y [0] $95y [0] $95y [0] $95y [0] $95y [0] $95y [0] $95y [0] $95y [0] $95y [0] $95y [0] $95y [0] $95y [0] $95y [0] $95y [0] $95y [0] $95y [0] $95y [0] $95y [0] }
    Consolidated identical input bits for $mux cell $92:
      Old ports: A=0, B=32'11111111111111111111111111111111, Y=$92y
      New ports: A=1'0, B=1'1, Y=$92y [0]
      New connections: $92y [31:1] = { $92y [0] $92y [0] $92y [0] $92y [0] $92y [0] $92y [0] $92y [0] $92y [0] $92y [0] $92y [0] $92y [0] $92y [0] $92y [0] $92y [0] $92y [0] $92y [0] $92y [0] $92y [0] $92y [0] $92y [0] $92y [0] $92y [0] $92y [0] $92y [0] $92y [0] $92y [0] $92y [0] $92y [0] $92y [0] $92y [0] $92y [0] }
    Consolidated identical input bits for $mux cell $89:
      Old ports: A=0, B=32'11111111111111111111111111111111, Y=$89y
      New ports: A=1'0, B=1'1, Y=$89y [0]
      New connections: $89y [31:1] = { $89y [0] $89y [0] $89y [0] $89y [0] $89y [0] $89y [0] $89y [0] $89y [0] $89y [0] $89y [0] $89y [0] $89y [0] $89y [0] $89y [0] $89y [0] $89y [0] $89y [0] $89y [0] $89y [0] $89y [0] $89y [0] $89y [0] $89y [0] $89y [0] $89y [0] $89y [0] $89y [0] $89y [0] $89y [0] $89y [0] $89y [0] }
    Consolidated identical input bits for $mux cell $86:
      Old ports: A=0, B=32'11111111111111111111111111111111, Y=$86y
      New ports: A=1'0, B=1'1, Y=$86y [0]
      New connections: $86y [31:1] = { $86y [0] $86y [0] $86y [0] $86y [0] $86y [0] $86y [0] $86y [0] $86y [0] $86y [0] $86y [0] $86y [0] $86y [0] $86y [0] $86y [0] $86y [0] $86y [0] $86y [0] $86y [0] $86y [0] $86y [0] $86y [0] $86y [0] $86y [0] $86y [0] $86y [0] $86y [0] $86y [0] $86y [0] $86y [0] $86y [0] $86y [0] }
    Consolidated identical input bits for $mux cell $83:
      Old ports: A=0, B=32'11111111111111111111111111111111, Y=$83y
      New ports: A=1'0, B=1'1, Y=$83y [0]
      New connections: $83y [31:1] = { $83y [0] $83y [0] $83y [0] $83y [0] $83y [0] $83y [0] $83y [0] $83y [0] $83y [0] $83y [0] $83y [0] $83y [0] $83y [0] $83y [0] $83y [0] $83y [0] $83y [0] $83y [0] $83y [0] $83y [0] $83y [0] $83y [0] $83y [0] $83y [0] $83y [0] $83y [0] $83y [0] $83y [0] $83y [0] $83y [0] $83y [0] }
    Consolidated identical input bits for $mux cell $80:
      Old ports: A=0, B=32'11111111111111111111111111111111, Y=$80y
      New ports: A=1'0, B=1'1, Y=$80y [0]
      New connections: $80y [31:1] = { $80y [0] $80y [0] $80y [0] $80y [0] $80y [0] $80y [0] $80y [0] $80y [0] $80y [0] $80y [0] $80y [0] $80y [0] $80y [0] $80y [0] $80y [0] $80y [0] $80y [0] $80y [0] $80y [0] $80y [0] $80y [0] $80y [0] $80y [0] $80y [0] $80y [0] $80y [0] $80y [0] $80y [0] $80y [0] $80y [0] $80y [0] }
    Consolidated identical input bits for $mux cell $77:
      Old ports: A=0, B=32'11111111111111111111111111111111, Y=$77y
      New ports: A=1'0, B=1'1, Y=$77y [0]
      New connections: $77y [31:1] = { $77y [0] $77y [0] $77y [0] $77y [0] $77y [0] $77y [0] $77y [0] $77y [0] $77y [0] $77y [0] $77y [0] $77y [0] $77y [0] $77y [0] $77y [0] $77y [0] $77y [0] $77y [0] $77y [0] $77y [0] $77y [0] $77y [0] $77y [0] $77y [0] $77y [0] $77y [0] $77y [0] $77y [0] $77y [0] $77y [0] $77y [0] }
    Consolidated identical input bits for $mux cell $74:
      Old ports: A=0, B=32'11111111111111111111111111111111, Y=$74y
      New ports: A=1'0, B=1'1, Y=$74y [0]
      New connections: $74y [31:1] = { $74y [0] $74y [0] $74y [0] $74y [0] $74y [0] $74y [0] $74y [0] $74y [0] $74y [0] $74y [0] $74y [0] $74y [0] $74y [0] $74y [0] $74y [0] $74y [0] $74y [0] $74y [0] $74y [0] $74y [0] $74y [0] $74y [0] $74y [0] $74y [0] $74y [0] $74y [0] $74y [0] $74y [0] $74y [0] $74y [0] $74y [0] }
  Optimizing cells in module \datapath_pipelined.
Performed a total of 104 changes.

4.10.5. Executing OPT_MERGE pass (detect identical cells).
Finding identical cells in module `\datapath_pipelined'.
Computing hashes of 517 cells of `\datapath_pipelined'.
Finding duplicate cells in `\datapath_pipelined'.
Computing hashes of 422 cells of `\datapath_pipelined'.
Finding duplicate cells in `\datapath_pipelined'.
Computing hashes of 327 cells of `\datapath_pipelined'.
Finding duplicate cells in `\datapath_pipelined'.
<suppressed ~570 debug messages>
Removed a total of 190 cells.

4.10.6. Executing OPT_DFF pass (perform DFF optimizations).

4.10.7. Executing OPT_CLEAN pass (remove unused cells and wires).
Finding unused cells or wires in module \datapath_pipelined..
Removed 0 unused cells and 259 unused wires.
<suppressed ~1 debug messages>

4.10.8. Executing OPT_EXPR pass (perform const folding).
Optimizing module datapath_pipelined.

4.10.9. Rerunning OPT passes. (Maybe there is more to do..)

4.10.10. Executing OPT_MUXTREE pass (detect dead branches in mux trees).
Running muxtree optimizer on module \datapath_pipelined..
  Creating internal representation of mux trees.
  Evaluating internal representation of mux trees.
  Analyzing evaluation results.
Removed 0 multiplexer ports.
<suppressed ~147 debug messages>

4.10.11. Executing OPT_REDUCE pass (consolidate $*mux and $reduce_* inputs).
  Optimizing cells in module \datapath_pipelined.
Performed a total of 0 changes.

4.10.12. Executing OPT_MERGE pass (detect identical cells).
Finding identical cells in module `\datapath_pipelined'.
Computing hashes of 327 cells of `\datapath_pipelined'.
Finding duplicate cells in `\datapath_pipelined'.
Removed a total of 0 cells.

4.10.13. Executing OPT_DFF pass (perform DFF optimizations).

4.10.14. Executing OPT_CLEAN pass (remove unused cells and wires).
Finding unused cells or wires in module \datapath_pipelined..

4.10.15. Executing OPT_EXPR pass (perform const folding).
Optimizing module datapath_pipelined.

4.10.16. Finished fast OPT passes. (There is nothing left to do.)

4.11. Executing FSM pass (extract and optimize FSM).

4.11.1. Executing FSM_DETECT pass (finding FSMs in design).
Not marking datapath_pipelined.id_ex.memregpc_out as FSM state register:
    Users of register don't seem to benefit from recoding.

4.11.2. Executing FSM_EXTRACT pass (extracting FSM from design).

4.11.3. Executing FSM_OPT pass (simple optimizations of FSMs).

4.11.4. Executing OPT_CLEAN pass (remove unused cells and wires).
Finding unused cells or wires in module \datapath_pipelined..

4.11.5. Executing FSM_OPT pass (simple optimizations of FSMs).

4.11.6. Executing FSM_RECODE pass (re-assigning FSM state encoding).

4.11.7. Executing FSM_INFO pass (dumping all available information on FSM cells).

4.11.8. Executing FSM_MAP pass (mapping FSMs to basic logic).

4.12. Executing OPT pass (performing simple optimizations).

4.12.1. Executing OPT_EXPR pass (perform const folding).
Optimizing module datapath_pipelined.

4.12.2. Executing OPT_MERGE pass (detect identical cells).
Finding identical cells in module `\datapath_pipelined'.
Computing hashes of 327 cells of `\datapath_pipelined'.
Finding duplicate cells in `\datapath_pipelined'.
Removed a total of 0 cells.

4.12.3. Executing OPT_MUXTREE pass (detect dead branches in mux trees).
Running muxtree optimizer on module \datapath_pipelined..
  Creating internal representation of mux trees.
  Evaluating internal representation of mux trees.
  Analyzing evaluation results.
Removed 0 multiplexer ports.
<suppressed ~147 debug messages>

4.12.4. Executing OPT_REDUCE pass (consolidate $*mux and $reduce_* inputs).
  Optimizing cells in module \datapath_pipelined.
Performed a total of 0 changes.

4.12.5. Executing OPT_MERGE pass (detect identical cells).
Finding identical cells in module `\datapath_pipelined'.
Computing hashes of 327 cells of `\datapath_pipelined'.
Finding duplicate cells in `\datapath_pipelined'.
Removed a total of 0 cells.

4.12.6. Executing OPT_DFF pass (perform DFF optimizations).
Adding SRST signal on $driver$pc_reg.currentaddr ($dff) from module datapath_pipelined (D = $pc_reg.currentaddr$13, Q = \pc_reg.currentaddr, rval = 0).
Adding EN signal on $auto$ff.cc:337:slice$1790 ($sdff) from module datapath_pipelined (D = \pc_reg.nextaddr, Q = \pc_reg.currentaddr).
Adding SRST signal on $driver$if_id.instr_out ($dff) from module datapath_pipelined (D = $if_id.instr_out$34, Q = \if_id.instr_out, rval = 0).
Adding EN signal on $auto$ff.cc:337:slice$1792 ($sdff) from module datapath_pipelined (D = \if_id.instr_in, Q = \if_id.instr_out).
Adding SRST signal on $driver$if_id.pc_plus4_out ($dff) from module datapath_pipelined (D = $if_id.pc_plus4_out$35, Q = \if_id.pc_plus4_out, rval = 0).
Adding EN signal on $auto$ff.cc:337:slice$1794 ($sdff) from module datapath_pipelined (D = \if_id.pc_plus4_in, Q = \if_id.pc_plus4_out).
Adding SRST signal on $driver$if_id.current_pc_out ($dff) from module datapath_pipelined (D = $if_id.current_pc_out$36, Q = \if_id.current_pc_out, rval = 0).
Adding EN signal on $auto$ff.cc:337:slice$1796 ($sdff) from module datapath_pipelined (D = \pc_reg.currentaddr, Q = \if_id.current_pc_out).
Adding SRST signal on $driver$mem_wb.imm_out ($dff) from module datapath_pipelined (D = \ex_mem.imm_out, Q = \mem_wb.imm_out, rval = 0).
Adding SRST signal on $driver$ex_mem.regw_out ($dff) from module datapath_pipelined (D = \id_ex.regw_out, Q = \ex_mem.regw_out, rval = 1'0).
Adding SRST signal on $driver$ex_mem.memw_out ($dff) from module datapath_pipelined (D = \id_ex.memw_out, Q = \ex_mem.memw_out, rval = 1'0).
Adding SRST signal on $driver$ex_mem.memregpc_out ($dff) from module datapath_pipelined (D = \id_ex.memregpc_out, Q = \ex_mem.memregpc_out, rval = 2'00).
Adding SRST signal on $driver$ex_mem.alu_result_out ($dff) from module datapath_pipelined (D = \ex_mem.alu_result_in, Q = \ex_mem.alu_result_out, rval = 0).
Adding SRST signal on $driver$ex_mem.rdata2_out ($dff) from module datapath_pipelined (D = \ex_mem.rdata2_in, Q = \ex_mem.rdata2_out, rval = 0).
Adding SRST signal on $driver$ex_mem.rd_out ($dff) from module datapath_pipelined (D = \id_ex.rd_out, Q = \ex_mem.rd_out, rval = 5'00000).
Adding SRST signal on $driver$ex_mem.pc_plus4_out ($dff) from module datapath_pipelined (D = \id_ex.pc_plus4_out, Q = \ex_mem.pc_plus4_out, rval = 0).
Adding SRST signal on $driver$ex_mem.imm_out ($dff) from module datapath_pipelined (D = \id_ex.imm_out, Q = \ex_mem.imm_out, rval = 0).
Adding SRST signal on $driver$mem_wb.regw_out ($dff) from module datapath_pipelined (D = \ex_mem.regw_out, Q = \mem_wb.regw_out, rval = 1'0).
Adding SRST signal on $driver$mem_wb.memregpc_out ($dff) from module datapath_pipelined (D = \ex_mem.memregpc_out, Q = \mem_wb.memregpc_out, rval = 2'00).
Adding SRST signal on $driver$mem_wb.mem_rdata_out ($dff) from module datapath_pipelined (D = \exmem_fwd_mux.mem, Q = \mem_wb.mem_rdata_out, rval = 0).
Adding SRST signal on $driver$mem_wb.alu_result_out ($dff) from module datapath_pipelined (D = \ex_mem.alu_result_out, Q = \mem_wb.alu_result_out, rval = 0).
Adding SRST signal on $driver$mem_wb.rd_out ($dff) from module datapath_pipelined (D = \ex_mem.rd_out, Q = \mem_wb.rd_out, rval = 5'00000).
Adding SRST signal on $driver$mem_wb.pc_plus4_out ($dff) from module datapath_pipelined (D = \ex_mem.pc_plus4_out, Q = \mem_wb.pc_plus4_out, rval = 0).
Adding SRST signal on $driver$id_ex.regw_out ($dff) from module datapath_pipelined (D = \id_ex.regw_in, Q = \id_ex.regw_out, rval = 1'0).
Adding SRST signal on $driver$id_ex.memw_out ($dff) from module datapath_pipelined (D = \id_ex.memw_in, Q = \id_ex.memw_out, rval = 1'0).
Adding SRST signal on $driver$id_ex.memr_out ($dff) from module datapath_pipelined (D = \id_ex.memr_in, Q = \id_ex.memr_out, rval = 1'0).
Adding SRST signal on $driver$id_ex.alusrc_out ($dff) from module datapath_pipelined (D = \id_ex.alusrc_in, Q = \id_ex.alusrc_out, rval = 1'0).
Adding SRST signal on $driver$id_ex.branch_out ($dff) from module datapath_pipelined (D = \id_ex.branch_in, Q = \id_ex.branch_out, rval = 1'0).
Adding SRST signal on $driver$id_ex.memregpc_out ($dff) from module datapath_pipelined (D = \id_ex.memregpc_in, Q = \id_ex.memregpc_out, rval = 2'00).
Adding SRST signal on $driver$id_ex.regpc_out ($dff) from module datapath_pipelined (D = \id_ex.regpc_in, Q = \id_ex.regpc_out, rval = 1'0).
Adding SRST signal on $driver$id_ex.is_rish_out ($dff) from module datapath_pipelined (D = \id_ex.is_rish_in, Q = \id_ex.is_rish_out, rval = 1'0).
Adding SRST signal on $driver$id_ex.use_br_out ($dff) from module datapath_pipelined (D = \id_ex.use_br_in, Q = \id_ex.use_br_out, rval = 1'0).
Adding SRST signal on $driver$id_ex.imm_out ($dff) from module datapath_pipelined (D = \id_ex.imm_in, Q = \id_ex.imm_out, rval = 0).
Adding SRST signal on $driver$id_ex.funct3_out ($dff) from module datapath_pipelined (D = \if_id.instr_out [14:12], Q = \id_ex.funct3_out, rval = 3'000).
Adding SRST signal on $driver$id_ex.funct7_out ($dff) from module datapath_pipelined (D = \if_id.instr_out [31:25], Q = \id_ex.funct7_out, rval = 7'0000000).
Adding SRST signal on $driver$id_ex.rdata1_out ($dff) from module datapath_pipelined (D = $178y, Q = \id_ex.rdata1_out, rval = 0).
Adding SRST signal on $driver$id_ex.rdata2_out ($dff) from module datapath_pipelined (D = $185y, Q = \id_ex.rdata2_out, rval = 0).
Adding SRST signal on $driver$id_ex.current_pc_out ($dff) from module datapath_pipelined (D = \if_id.current_pc_out, Q = \id_ex.current_pc_out, rval = 0).
Adding SRST signal on $driver$id_ex.rd_out ($dff) from module datapath_pipelined (D = \if_id.instr_out [11:7], Q = \id_ex.rd_out, rval = 5'00000).
Adding SRST signal on $driver$id_ex.rs1_out ($dff) from module datapath_pipelined (D = \if_id.instr_out [19:15], Q = \id_ex.rs1_out, rval = 5'00000).
Adding SRST signal on $driver$id_ex.rs2_out ($dff) from module datapath_pipelined (D = \if_id.instr_out [24:20], Q = \id_ex.rs2_out, rval = 5'00000).
Adding SRST signal on $driver$id_ex.pc_plus4_out ($dff) from module datapath_pipelined (D = \if_id.pc_plus4_out, Q = \id_ex.pc_plus4_out, rval = 0).

4.12.7. Executing OPT_CLEAN pass (remove unused cells and wires).
Finding unused cells or wires in module \datapath_pipelined..
Removed 44 unused cells and 48 unused wires.
<suppressed ~51 debug messages>

4.12.8. Executing OPT_EXPR pass (perform const folding).
Optimizing module datapath_pipelined.

4.12.9. Rerunning OPT passes. (Maybe there is more to do..)

4.12.10. Executing OPT_MUXTREE pass (detect dead branches in mux trees).
Running muxtree optimizer on module \datapath_pipelined..
  Creating internal representation of mux trees.
  Evaluating internal representation of mux trees.
  Analyzing evaluation results.
Removed 0 multiplexer ports.
<suppressed ~79 debug messages>

4.12.11. Executing OPT_REDUCE pass (consolidate $*mux and $reduce_* inputs).
  Optimizing cells in module \datapath_pipelined.
Performed a total of 0 changes.

4.12.12. Executing OPT_MERGE pass (detect identical cells).
Finding identical cells in module `\datapath_pipelined'.
Computing hashes of 285 cells of `\datapath_pipelined'.
Finding duplicate cells in `\datapath_pipelined'.
Removed a total of 0 cells.

4.12.13. Executing OPT_DFF pass (perform DFF optimizations).

4.12.14. Executing OPT_CLEAN pass (remove unused cells and wires).
Finding unused cells or wires in module \datapath_pipelined..

4.12.15. Executing OPT_EXPR pass (perform const folding).
Optimizing module datapath_pipelined.

4.12.16. Finished fast OPT passes. (There is nothing left to do.)

4.13. Executing WREDUCE pass (reducing word size of cells).
Removed top 26 address bits (of 32) from memory init port datapath_pipelined.$473 (dmem.datas).
Removed top 26 address bits (of 32) from memory init port datapath_pipelined.$611 (dmem.datas).
Removed top 26 address bits (of 32) from memory init port datapath_pipelined.$479 (dmem.datas).
Removed top 26 address bits (of 32) from memory init port datapath_pipelined.$599 (dmem.datas).
Removed top 26 address bits (of 32) from memory init port datapath_pipelined.$521 (dmem.datas).
Removed top 26 address bits (of 32) from memory init port datapath_pipelined.$596 (dmem.datas).
Removed top 26 address bits (of 32) from memory init port datapath_pipelined.$470 (dmem.datas).
Removed top 26 address bits (of 32) from memory init port datapath_pipelined.$593 (dmem.datas).
Removed top 26 address bits (of 32) from memory init port datapath_pipelined.$503 (dmem.datas).
Removed top 26 address bits (of 32) from memory init port datapath_pipelined.$590 (dmem.datas).
Removed top 26 address bits (of 32) from memory init port datapath_pipelined.$467 (dmem.datas).
Removed top 26 address bits (of 32) from memory init port datapath_pipelined.$506 (dmem.datas).
Removed top 26 address bits (of 32) from memory init port datapath_pipelined.$587 (dmem.datas).
Removed top 26 address bits (of 32) from memory init port datapath_pipelined.$533 (dmem.datas).
Removed top 26 address bits (of 32) from memory init port datapath_pipelined.$584 (dmem.datas).
Removed top 26 address bits (of 32) from memory init port datapath_pipelined.$464 (dmem.datas).
Removed top 26 address bits (of 32) from memory init port datapath_pipelined.$581 (dmem.datas).
Removed top 26 address bits (of 32) from memory init port datapath_pipelined.$500 (dmem.datas).
Removed top 26 address bits (of 32) from memory init port datapath_pipelined.$578 (dmem.datas).
Removed top 26 address bits (of 32) from memory init port datapath_pipelined.$461 (dmem.datas).
Removed top 26 address bits (of 32) from memory init port datapath_pipelined.$575 (dmem.datas).
Removed top 26 address bits (of 32) from memory init port datapath_pipelined.$518 (dmem.datas).
Removed top 26 address bits (of 32) from memory init port datapath_pipelined.$572 (dmem.datas).
Removed top 26 address bits (of 32) from memory init port datapath_pipelined.$458 (dmem.datas).
Removed top 26 address bits (of 32) from memory init port datapath_pipelined.$614 (dmem.datas).
Removed top 26 address bits (of 32) from memory init port datapath_pipelined.$509 (dmem.datas).
Removed top 26 address bits (of 32) from memory init port datapath_pipelined.$617 (dmem.datas).
Removed top 26 address bits (of 32) from memory init port datapath_pipelined.$482 (dmem.datas).
Removed top 26 address bits (of 32) from memory init port datapath_pipelined.$620 (dmem.datas).
Removed top 26 address bits (of 32) from memory init port datapath_pipelined.$524 (dmem.datas).
Removed top 26 address bits (of 32) from memory init port datapath_pipelined.$569 (dmem.datas).
Removed top 26 address bits (of 32) from memory init port datapath_pipelined.$623 (dmem.datas).
Removed top 26 address bits (of 32) from memory init port datapath_pipelined.$485 (dmem.datas).
Removed top 26 address bits (of 32) from memory init port datapath_pipelined.$626 (dmem.datas).
Removed top 26 address bits (of 32) from memory init port datapath_pipelined.$512 (dmem.datas).
Removed top 26 address bits (of 32) from memory init port datapath_pipelined.$497 (dmem.datas).
Removed top 26 address bits (of 32) from memory init port datapath_pipelined.$602 (dmem.datas).
Removed top 26 address bits (of 32) from memory init port datapath_pipelined.$605 (dmem.datas).
Removed top 26 address bits (of 32) from memory init port datapath_pipelined.$476 (dmem.datas).
Removed top 26 address bits (of 32) from memory init port datapath_pipelined.$608 (dmem.datas).
Removed top 26 address bits (of 32) from memory init port datapath_pipelined.$530 (dmem.datas).
Removed top 26 address bits (of 32) from memory init port datapath_pipelined.$566 (dmem.datas).
Removed top 26 address bits (of 32) from memory init port datapath_pipelined.$455 (dmem.datas).
Removed top 26 address bits (of 32) from memory init port datapath_pipelined.$563 (dmem.datas).
Removed top 26 address bits (of 32) from memory init port datapath_pipelined.$527 (dmem.datas).
Removed top 26 address bits (of 32) from memory init port datapath_pipelined.$452 (dmem.datas).
Removed top 27 address bits (of 32) from memory init port datapath_pipelined.$165 (regfile.registers).
Removed top 27 address bits (of 32) from memory init port datapath_pipelined.$162 (regfile.registers).
Removed top 27 address bits (of 32) from memory init port datapath_pipelined.$159 (regfile.registers).
Removed top 27 address bits (of 32) from memory init port datapath_pipelined.$156 (regfile.registers).
Removed top 27 address bits (of 32) from memory init port datapath_pipelined.$153 (regfile.registers).
Removed top 27 address bits (of 32) from memory init port datapath_pipelined.$150 (regfile.registers).
Removed top 27 address bits (of 32) from memory init port datapath_pipelined.$147 (regfile.registers).
Removed top 27 address bits (of 32) from memory init port datapath_pipelined.$144 (regfile.registers).
Removed top 27 address bits (of 32) from memory init port datapath_pipelined.$141 (regfile.registers).
Removed top 27 address bits (of 32) from memory init port datapath_pipelined.$138 (regfile.registers).
Removed top 27 address bits (of 32) from memory init port datapath_pipelined.$135 (regfile.registers).
Removed top 27 address bits (of 32) from memory init port datapath_pipelined.$132 (regfile.registers).
Removed top 27 address bits (of 32) from memory init port datapath_pipelined.$129 (regfile.registers).
Removed top 27 address bits (of 32) from memory init port datapath_pipelined.$126 (regfile.registers).
Removed top 27 address bits (of 32) from memory init port datapath_pipelined.$123 (regfile.registers).
Removed top 27 address bits (of 32) from memory init port datapath_pipelined.$120 (regfile.registers).
Removed top 27 address bits (of 32) from memory init port datapath_pipelined.$117 (regfile.registers).
Removed top 27 address bits (of 32) from memory init port datapath_pipelined.$114 (regfile.registers).
Removed top 27 address bits (of 32) from memory init port datapath_pipelined.$111 (regfile.registers).
Removed top 27 address bits (of 32) from memory init port datapath_pipelined.$108 (regfile.registers).
Removed top 27 address bits (of 32) from memory init port datapath_pipelined.$105 (regfile.registers).
Removed top 27 address bits (of 32) from memory init port datapath_pipelined.$102 (regfile.registers).
Removed top 27 address bits (of 32) from memory init port datapath_pipelined.$99 (regfile.registers).
Removed top 27 address bits (of 32) from memory init port datapath_pipelined.$96 (regfile.registers).
Removed top 27 address bits (of 32) from memory init port datapath_pipelined.$93 (regfile.registers).
Removed top 27 address bits (of 32) from memory init port datapath_pipelined.$90 (regfile.registers).
Removed top 27 address bits (of 32) from memory init port datapath_pipelined.$87 (regfile.registers).
Removed top 27 address bits (of 32) from memory init port datapath_pipelined.$84 (regfile.registers).
Removed top 27 address bits (of 32) from memory init port datapath_pipelined.$81 (regfile.registers).
Removed top 27 address bits (of 32) from memory init port datapath_pipelined.$78 (regfile.registers).
Removed top 27 address bits (of 32) from memory init port datapath_pipelined.$75 (regfile.registers).
Removed top 27 address bits (of 32) from memory init port datapath_pipelined.$72 (regfile.registers).
Removed top 26 address bits (of 32) from memory init port datapath_pipelined.$629 (dmem.datas).
Removed top 26 address bits (of 32) from memory init port datapath_pipelined.$488 (dmem.datas).
Removed top 26 address bits (of 32) from memory init port datapath_pipelined.$560 (dmem.datas).
Removed top 26 address bits (of 32) from memory init port datapath_pipelined.$632 (dmem.datas).
Removed top 26 address bits (of 32) from memory init port datapath_pipelined.$635 (dmem.datas).
Removed top 26 address bits (of 32) from memory init port datapath_pipelined.$557 (dmem.datas).
Removed top 26 address bits (of 32) from memory init port datapath_pipelined.$24 (imem.instructions).
Removed top 26 address bits (of 32) from memory init port datapath_pipelined.$554 (dmem.datas).
Removed top 26 address bits (of 32) from memory init port datapath_pipelined.$494 (dmem.datas).
Removed top 26 address bits (of 32) from memory init port datapath_pipelined.$551 (dmem.datas).
Removed top 26 address bits (of 32) from memory init port datapath_pipelined.$641 (dmem.datas).
Removed top 26 address bits (of 32) from memory init port datapath_pipelined.$548 (dmem.datas).
Removed top 26 address bits (of 32) from memory init port datapath_pipelined.$545 (dmem.datas).
Removed top 26 address bits (of 32) from memory init port datapath_pipelined.$515 (dmem.datas).
Removed top 26 address bits (of 32) from memory init port datapath_pipelined.$542 (dmem.datas).
Removed top 26 address bits (of 32) from memory init port datapath_pipelined.$539 (dmem.datas).
Removed top 26 address bits (of 32) from memory init port datapath_pipelined.$638 (dmem.datas).
Removed top 26 address bits (of 32) from memory init port datapath_pipelined.$536 (dmem.datas).
Removed top 26 address bits (of 32) from memory init port datapath_pipelined.$491 (dmem.datas).
Removed top 1 bits (of 7) from FF cell datapath_pipelined.$auto$ff.cc:337:slice$1824 ($sdff).
Removed top 29 bits (of 32) from port B of cell datapath_pipelined.$20 ($add).
Removed top 31 bits (of 32) from mux cell datapath_pipelined.$382 ($mux).
Removed top 1 bits (of 4) from port B of cell datapath_pipelined.$procmux$231_CMP0 ($eq).
Removed top 1 bits (of 4) from port B of cell datapath_pipelined.$procmux$232_CMP0 ($eq).
Removed top 1 bits (of 4) from port B of cell datapath_pipelined.$procmux$233_CMP0 ($eq).
Removed top 1 bits (of 4) from port B of cell datapath_pipelined.$procmux$234_CMP0 ($eq).
Removed top 2 bits (of 4) from port B of cell datapath_pipelined.$procmux$235_CMP0 ($eq).
Removed top 2 bits (of 4) from port B of cell datapath_pipelined.$procmux$236_CMP0 ($eq).
Removed top 3 bits (of 4) from port B of cell datapath_pipelined.$procmux$237_CMP0 ($eq).
Removed top 2 bits (of 3) from port B of cell datapath_pipelined.$procmux$266_CMP0 ($eq).
Removed top 1 bits (of 3) from port B of cell datapath_pipelined.$procmux$267_CMP0 ($eq).
Removed top 3 bits (of 4) from mux cell datapath_pipelined.$procmux$289 ($mux).
Removed top 3 bits (of 4) from mux cell datapath_pipelined.$procmux$311 ($mux).
Removed top 3 bits (of 4) from mux cell datapath_pipelined.$procmux$327 ($mux).
Removed top 1 bits (of 2) from port B of cell datapath_pipelined.$procmux$334_CMP0 ($eq).
Removed top 1 bits (of 2) from port B of cell datapath_pipelined.$procmux$338_CMP0 ($eq).
Removed top 1 bits (of 2) from port B of cell datapath_pipelined.$procmux$342_CMP0 ($eq).
Removed top 1 bits (of 2) from port B of cell datapath_pipelined.$procmux$376_CMP0 ($eq).
Removed top 21 bits (of 32) from mux cell datapath_pipelined.$procmux$441 ($mux).
Removed top 1 bits (of 7) from port B of cell datapath_pipelined.$procmux$631_CMP0 ($eq).
Removed top 2 bits (of 7) from port B of cell datapath_pipelined.$procmux$636_CMP0 ($eq).
Removed top 1 bits (of 7) from port B of cell datapath_pipelined.$procmux$637_CMP0 ($eq).
Removed top 5 bits (of 7) from port B of cell datapath_pipelined.$procmux$638_CMP0 ($eq).
Removed top 2 bits (of 7) from port B of cell datapath_pipelined.$procmux$639_CMP0 ($eq).
Removed top 1 bits (of 7) from port B of cell datapath_pipelined.$procmux$640_CMP0 ($eq).
Removed top 1 bits (of 2) from port B of cell datapath_pipelined.$procmux$671_CMP0 ($eq).
Removed top 3 bits (of 4) from wire datapath_pipelined.$aluctrl.op$362.
Removed top 3 bits (of 4) from wire datapath_pipelined.$aluctrl.op$361.
Removed top 3 bits (of 4) from wire datapath_pipelined.$aluctrl.op$359.
Removed top 31 bits (of 32) from wire datapath_pipelined.$382y.

4.14. Executing PEEPOPT pass (run peephole optimizers).

4.15. Executing OPT_CLEAN pass (remove unused cells and wires).
Finding unused cells or wires in module \datapath_pipelined..
Removed 0 unused cells and 4 unused wires.
<suppressed ~1 debug messages>

4.16. Executing PMUX2SHIFTX pass.
Inspecting $pmux cell datapath_pipelined/$procmux$446.
  data width: 32 (next power-of-2 = 32, log2 = 5)
  checking ctrl signal \if_id.instr_out [6:0]
    best permutation: { \if_id.instr_out [1:0] \if_id.instr_out [6:2] }
    best xor mask: 7'1100000
      0: 7'1101111 -> 7'1111011 -> 7'0011011: { \if_id.instr_out [31] \if_id.instr_out [31] \if_id.instr_out [31] \if_id.instr_out [31] \if_id.instr_out [31] \if_id.instr_out [31] \if_id.instr_out [31] \if_id.instr_out [31] \if_id.instr_out [31] \if_id.instr_out [31] \if_id.instr_out [31] \if_id.instr_out [31] \if_id.instr_out [19:12] \if_id.instr_out [20] \if_id.instr_out [30:21] 1'0 }
      2: 7'1100011 -> 7'1111000 -> 7'0011000: { \if_id.instr_out [31] \if_id.instr_out [31] \if_id.instr_out [31] \if_id.instr_out [31] \if_id.instr_out [31] \if_id.instr_out [31] \if_id.instr_out [31] \if_id.instr_out [31] \if_id.instr_out [31] \if_id.instr_out [31] \if_id.instr_out [31] \if_id.instr_out [31] \if_id.instr_out [31] \if_id.instr_out [31] \if_id.instr_out [31] \if_id.instr_out [31] \if_id.instr_out [31] \if_id.instr_out [31] \if_id.instr_out [31] \if_id.instr_out [31] \if_id.instr_out [7] \if_id.instr_out [30:25] \if_id.instr_out [11:8] 1'0 }
      3: 7'0100011 -> 7'1101000 -> 7'0001000: { \if_id.instr_out [31] \if_id.instr_out [31] \if_id.instr_out [31] \if_id.instr_out [31] \if_id.instr_out [31] \if_id.instr_out [31] \if_id.instr_out [31] \if_id.instr_out [31] \if_id.instr_out [31] \if_id.instr_out [31] \if_id.instr_out [31] \if_id.instr_out [31] \if_id.instr_out [31] \if_id.instr_out [31] \if_id.instr_out [31] \if_id.instr_out [31] \if_id.instr_out [31] \if_id.instr_out [31] \if_id.instr_out [31] \if_id.instr_out [31] \if_id.instr_out [31:25] \if_id.instr_out [11:7] }
      4: 7'0010011 -> 7'1100100 -> 7'0000100: { \if_id.instr_out [31] \if_id.instr_out [31] \if_id.instr_out [31] \if_id.instr_out [31] \if_id.instr_out [31] \if_id.instr_out [31] \if_id.instr_out [31] \if_id.instr_out [31] \if_id.instr_out [31] \if_id.instr_out [31] \if_id.instr_out [31] \if_id.instr_out [31] \if_id.instr_out [31] \if_id.instr_out [31] \if_id.instr_out [31] \if_id.instr_out [31] \if_id.instr_out [31] \if_id.instr_out [31] \if_id.instr_out [31] \if_id.instr_out [31] \if_id.instr_out [31] $immgen.imm$200 [10:0] }
    choices: 4
    min choice: 4
    max choice: 27
    range density: 16%
    absolute density: 14%
    full case: false
    insufficient density.
Inspecting $pmux cell datapath_pipelined/$procmux$373.
  data width: 32 (next power-of-2 = 32, log2 = 5)
  checking ctrl signal \ex_mem.memregpc_out
    best permutation: \ex_mem.memregpc_out
    best xor mask: 2'00
      0: 2'11 -> 2'11 -> 2'11: \ex_mem.imm_out
      1: 2'10 -> 2'10 -> 2'10: \ex_mem.pc_plus4_out
      2: 2'01 -> 2'01 -> 2'01: \exmem_fwd_mux.mem
      3: 2'00 -> 2'00 -> 2'00: \ex_mem.alu_result_out
    choices: 4
    min choice: 0
    max choice: 3
    range density: 100%
    absolute density: 100%
    full density: 100%
    update to full case.
    new min choice: 0
    new max choice: 3
    full case: true
    created $shiftx cell $auto$pmux2shiftx.cc:714:execute$1841.
Inspecting $pmux cell datapath_pipelined/$procmux$668.
  data width: 32 (next power-of-2 = 32, log2 = 5)
  checking ctrl signal \mem_wb.memregpc_out
    best permutation: \mem_wb.memregpc_out
    best xor mask: 2'00
      0: 2'11 -> 2'11 -> 2'11: \mem_wb.imm_out
      1: 2'10 -> 2'10 -> 2'10: \mem_wb.pc_plus4_out
      2: 2'01 -> 2'01 -> 2'01: \mem_wb.mem_rdata_out
      3: 2'00 -> 2'00 -> 2'00: \mem_wb.alu_result_out
    choices: 4
    min choice: 0
    max choice: 3
    range density: 100%
    absolute density: 100%
    full density: 100%
    update to full case.
    new min choice: 0
    new max choice: 3
    full case: true
    created $shiftx cell $auto$pmux2shiftx.cc:714:execute$1843.
Inspecting $pmux cell datapath_pipelined/$procmux$265.
  data width: 4 (next power-of-2 = 4, log2 = 2)
  checking ctrl signal \id_ex.funct3_out
    best permutation: \id_ex.funct3_out
    best xor mask: 3'000
      0: 3'001 -> 3'001 -> 3'001: 4'0110
      1: 3'010 -> 3'010 -> 3'010: 4'0101
      2: 3'100 -> 3'100 -> 3'100: 4'0100
      3: 3'110 -> 3'110 -> 3'110: 4'0011
      4: 3'111 -> 3'111 -> 3'111: 4'0010
      5: 3'101 -> 3'101 -> 3'101: $aluctrl.op$363
      6: 3'000 -> 3'000 -> 3'000: { 3'000 $aluctrl.op$362 }
    choices: 7
    min choice: 0
    max choice: 7
    range density: 87%
    absolute density: 87%
    full density: 87%
    update to full case.
    new min choice: 0
    new max choice: 7
    full case: true
    created $shiftx cell $auto$pmux2shiftx.cc:714:execute$1845.
Inspecting $pmux cell datapath_pipelined/$procmux$229.
  data width: 32 (next power-of-2 = 32, log2 = 5)
  checking ctrl signal \alu_unit.op
    best permutation: \alu_unit.op
    best xor mask: 4'0000
      0: 4'1000 -> 4'1000 -> 4'1000: $385y
      1: 4'0111 -> 4'0111 -> 4'0111: $384y
      2: 4'0110 -> 4'0110 -> 4'0110: $383y
      3: 4'0101 -> 4'0101 -> 4'0101: { 31'0000000000000000000000000000000 $382y }
      4: 4'0100 -> 4'0100 -> 4'0100: $380y
      5: 4'0011 -> 4'0011 -> 4'0011: $379y
      6: 4'0010 -> 4'0010 -> 4'0010: $378y
      7: 4'0001 -> 4'0001 -> 4'0001: $377y
      8: 4'0000 -> 4'0000 -> 4'0000: $376y
    choices: 9
    min choice: 0
    max choice: 8
    range density: 100%
    absolute density: 100%
    full density: 56%
    update to full case.
    new min choice: 0
    new max choice: 15
    full case: true
    created $shiftx cell $auto$pmux2shiftx.cc:714:execute$1847.
Removed 24 unused cells and 24 unused wires.

4.17. Executing SORT pass.

4.18. Executing MEMORY_DFF pass (merging $dff cells to $memrd).
Checking read port `\dmem.datas'[0] in module `\datapath_pipelined': no output FF found.
Checking read port `\imem.instructions'[0] in module `\datapath_pipelined': merging output FF to cell.
Checking read port `\regfile.registers'[0] in module `\datapath_pipelined': merging output FF to cell.
    Write port 0: don't care on collision.
    Write port 1: don't care on collision.
    Write port 2: don't care on collision.
    Write port 3: don't care on collision.
    Write port 4: don't care on collision.
    Write port 5: don't care on collision.
    Write port 6: don't care on collision.
    Write port 7: don't care on collision.
    Write port 8: don't care on collision.
    Write port 9: don't care on collision.
    Write port 10: don't care on collision.
    Write port 11: don't care on collision.
    Write port 12: don't care on collision.
    Write port 13: don't care on collision.
    Write port 14: don't care on collision.
    Write port 15: don't care on collision.
    Write port 16: don't care on collision.
    Write port 17: don't care on collision.
    Write port 18: don't care on collision.
    Write port 19: don't care on collision.
    Write port 20: don't care on collision.
    Write port 21: don't care on collision.
    Write port 22: don't care on collision.
    Write port 23: don't care on collision.
    Write port 24: don't care on collision.
    Write port 25: don't care on collision.
    Write port 26: don't care on collision.
    Write port 27: don't care on collision.
    Write port 28: don't care on collision.
    Write port 29: don't care on collision.
    Write port 30: don't care on collision.
    Write port 31: don't care on collision.
    Write port 32: transparent.
Checking read port `\regfile.registers'[1] in module `\datapath_pipelined': merging output FF to cell.
    Write port 0: don't care on collision.
    Write port 1: don't care on collision.
    Write port 2: don't care on collision.
    Write port 3: don't care on collision.
    Write port 4: don't care on collision.
    Write port 5: don't care on collision.
    Write port 6: don't care on collision.
    Write port 7: don't care on collision.
    Write port 8: don't care on collision.
    Write port 9: don't care on collision.
    Write port 10: don't care on collision.
    Write port 11: don't care on collision.
    Write port 12: don't care on collision.
    Write port 13: don't care on collision.
    Write port 14: don't care on collision.
    Write port 15: don't care on collision.
    Write port 16: don't care on collision.
    Write port 17: don't care on collision.
    Write port 18: don't care on collision.
    Write port 19: don't care on collision.
    Write port 20: don't care on collision.
    Write port 21: don't care on collision.
    Write port 22: don't care on collision.
    Write port 23: don't care on collision.
    Write port 24: don't care on collision.
    Write port 25: don't care on collision.
    Write port 26: don't care on collision.
    Write port 27: don't care on collision.
    Write port 28: don't care on collision.
    Write port 29: don't care on collision.
    Write port 30: don't care on collision.
    Write port 31: don't care on collision.
    Write port 32: transparent.
Checking read port address `\dmem.datas'[0] in module `\datapath_pipelined': merged address FF to cell.

4.19. Executing TECHMAP pass (map to technology primitives).

4.19.1. Executing Verilog-2005 frontend: /home/shady_wsl/tools/oss-cad-suite/lib/../share/yosys/mul2dsp.v
Parsing Verilog input from `/home/shady_wsl/tools/oss-cad-suite/lib/../share/yosys/mul2dsp.v' to AST representation.
Generating RTLIL representation for module `\_80_mul'.
Generating RTLIL representation for module `\_90_soft_mul'.
Successfully finished Verilog frontend.

4.19.2. Executing Verilog-2005 frontend: /home/shady_wsl/tools/oss-cad-suite/lib/../share/yosys/xilinx/xc7_dsp_map.v
Parsing Verilog input from `/home/shady_wsl/tools/oss-cad-suite/lib/../share/yosys/xilinx/xc7_dsp_map.v' to AST representation.
Generating RTLIL representation for module `$__MUL25X18'.
Successfully finished Verilog frontend.

4.19.3. Continuing TECHMAP pass.
No more expansions possible.
<suppressed ~5 debug messages>

4.20. Executing OPT_EXPR pass (perform const folding).

4.21. Executing WREDUCE pass (reducing word size of cells).

4.22. Executing XILINX_DSP pass (pack resources into DSPs).

4.23. Executing TECHMAP pass (map to technology primitives).

4.23.1. Executing Verilog-2005 frontend: /home/shady_wsl/tools/oss-cad-suite/lib/../share/yosys/cmp2lut.v
Parsing Verilog input from `/home/shady_wsl/tools/oss-cad-suite/lib/../share/yosys/cmp2lut.v' to AST representation.
Generating RTLIL representation for module `\_90_lut_cmp_'.
Successfully finished Verilog frontend.

4.23.2. Executing Verilog-2005 frontend: /home/shady_wsl/tools/oss-cad-suite/lib/../share/yosys/cmp2lcu.v
Parsing Verilog input from `/home/shady_wsl/tools/oss-cad-suite/lib/../share/yosys/cmp2lcu.v' to AST representation.
Generating RTLIL representation for module `\_80_lcu_cmp_'.
Generating RTLIL representation for module `$__CMP2LCU'.
Successfully finished Verilog frontend.

4.23.3. Continuing TECHMAP pass.
Using template $paramod$d5de20e7d2f4e42d0bb14c5c99f5dd4d7cf7d159\_80_lcu_cmp_ for cells of type $lt.
Using template $paramod$efc6276d5269699a74f97af6fbf0bafe6acc3e19\_80_lcu_cmp_ for cells of type $gt.
Using template $paramod$45f2f108157929267f6a876bda8209e58f25e0cd$__CMP2LCU for cells of type $__CMP2LCU.
Using template $paramod$6685b98533bd405fdb66177f608eed8f76d21e8d$__CMP2LCU for cells of type $__CMP2LCU.
Using template $paramod$8a9e823e249a18cf40e8e3311ed4e0b87be604a3$__CMP2LCU for cells of type $__CMP2LCU.
Using template $paramod$3e249468c598b509b2189213d155ba6eb7f2b51e$__CMP2LCU for cells of type $__CMP2LCU.
Using template $paramod$8bd824ba2533c8480636f690575d8203304ffa5a$__CMP2LCU for cells of type $__CMP2LCU.
Using template $paramod$c7212ca15062f404a4a2b88cc72c0bba52776650$__CMP2LCU for cells of type $__CMP2LCU.
Using template $paramod$46d8cbacee00d8ff946ef2f8aaadd92906683b31$__CMP2LCU for cells of type $__CMP2LCU.
Using template $paramod$f0e75a3f09301560d3386ea17b4f2c1327bc66dd$__CMP2LCU for cells of type $__CMP2LCU.
Using template $paramod$304404e4f7c11f383c19ceb65b9570973a882e40$__CMP2LCU for cells of type $__CMP2LCU.
Using template $paramod$4ba603f7f099c7c26d77d00610446050688190ee$__CMP2LCU for cells of type $__CMP2LCU.
Using template $paramod$80f528699b7df9e1ac70774aaf402c997178d092$__CMP2LCU for cells of type $__CMP2LCU.
Using template $paramod$744a3dbaebfdf08651817a6a3870fb6e34065a4b$__CMP2LCU for cells of type $__CMP2LCU.
Using template $paramod$e31b294a0680e72a03b6421c4eff5316c662db3d$__CMP2LCU for cells of type $__CMP2LCU.
Using template $paramod$7576c1d57da290ee243a300e703225fce44b9803$__CMP2LCU for cells of type $__CMP2LCU.
Using template $paramod$53f2488f7b67c23d1fcbecae9e0ea65a2fa70428$__CMP2LCU for cells of type $__CMP2LCU.
Using template $paramod$c9ed519a964df09a49f3e136e9a8f41840e8876a$__CMP2LCU for cells of type $__CMP2LCU.
Using template $paramod$0c9c1994e65d84e02829afc11150d4ace924add3$__CMP2LCU for cells of type $__CMP2LCU.
Using template $paramod$5e58b3bd644282af0bf8b48f45207bc98dc20ef3$__CMP2LCU for cells of type $__CMP2LCU.
Using template $paramod$0a630c7ca44f699d41e14b58085cae102f4a57e6$__CMP2LCU for cells of type $__CMP2LCU.
Using template $paramod$4d196030c0f57d436091051b21d6bb5652c88bdd$__CMP2LCU for cells of type $__CMP2LCU.
Using template $paramod$a1604c510d79d890fb2868e900d37a29b4d33ee3$__CMP2LCU for cells of type $__CMP2LCU.
Using template $paramod$b20bd01da13bb71480541a66493586b32ca46765$__CMP2LCU for cells of type $__CMP2LCU.
Using template $paramod$5a250c323c4f8bfcef72ea167c7d79512a3e5405$__CMP2LCU for cells of type $__CMP2LCU.
Using template $paramod$0d1c5d55b7717105a370eb36460beba579328517$__CMP2LCU for cells of type $__CMP2LCU.
Using template $paramod$13d4153ea76e985055406d938a091c90f56b0277$__CMP2LCU for cells of type $__CMP2LCU.
Using template $paramod$363e70ff8e24ba1bf2ed3f1f4d33b8ccb7ba185e$__CMP2LCU for cells of type $__CMP2LCU.
Using template $paramod$11b8e473205c8b79e1be9acfa001660fb9d50bd1$__CMP2LCU for cells of type $__CMP2LCU.
Using template $paramod$1ca700f56654682268050c8ab6733dff28f9b2a5$__CMP2LCU for cells of type $__CMP2LCU.
Using template $paramod$94cda45a04705f83a6e7b7a966d2cbcd39ec8c26$__CMP2LCU for cells of type $__CMP2LCU.
Using template $paramod$686e7902c0bb73ab4ee57ada26ce8851342c73af$__CMP2LCU for cells of type $__CMP2LCU.
Using template $paramod$e480769f5d3ef623ff56c3d36800340fb75643ea$__CMP2LCU for cells of type $__CMP2LCU.
Using template $paramod$be320ef6745d9eeeb33444d43da2a288ef0f44d5$__CMP2LCU for cells of type $__CMP2LCU.
Using template $paramod$71110619de8135fa234c90ca2447467db547669d$__CMP2LCU for cells of type $__CMP2LCU.
Using template $paramod$54b223acb87382da9e21d725275b34aa5e4c52d1$__CMP2LCU for cells of type $__CMP2LCU.
Using template $paramod$38471edb7e30bdc6941190928d73c31f8cb982e5$__CMP2LCU for cells of type $__CMP2LCU.
Using template $paramod$efa446ef96a12a9e243554fe24eef4fdcede1df2$__CMP2LCU for cells of type $__CMP2LCU.
Using template $paramod$a6781ebb7c56c586e2d8d947dcb7aca1ee56d927$__CMP2LCU for cells of type $__CMP2LCU.
Using template $paramod$a402a57fb4f8635f34f639590edc3af926716964$__CMP2LCU for cells of type $__CMP2LCU.
Using template $paramod$54e2971e53f479d5081c818457fbe5faf0d4152b$__CMP2LCU for cells of type $__CMP2LCU.
Using template $paramod$6e395552c29a4cc17a53ca4a0c9888b692696692$__CMP2LCU for cells of type $__CMP2LCU.
Using template $paramod$9510b4ae2d2e1a5822e02239cb6f533a771aeddb$__CMP2LCU for cells of type $__CMP2LCU.
Using template $paramod$9bf1cfecaccd5accd8939bf444a2be7c77effa2e$__CMP2LCU for cells of type $__CMP2LCU.
Using template $paramod$a5a8361ebacb29a09a46635083622c4d035708f3$__CMP2LCU for cells of type $__CMP2LCU.
No more expansions possible.
<suppressed ~1169 debug messages>

4.24. Executing ALUMACC pass (create $alu and $macc cells).
Extracting $alu and $macc cells in module datapath_pipelined:
  creating $macc model for $20 ($add).
  creating $macc model for $376 ($add).
  creating $macc model for $377 ($sub).
  creating $macc model for $395 ($add).
  creating $alu model for $macc $395.
  creating $alu model for $macc $377.
  creating $alu model for $macc $376.
  creating $alu model for $macc $20.
  creating $alu cell for $20: $auto$alumacc.cc:548:replace_alu$2191
  creating $alu cell for $376: $auto$alumacc.cc:548:replace_alu$2194
  creating $alu cell for $377: $auto$alumacc.cc:548:replace_alu$2197
  creating $alu cell for $395: $auto$alumacc.cc:548:replace_alu$2200
  created 4 $alu and 0 $macc cells.

4.25. Executing SHARE pass (SAT-based resource sharing).
Found 3 cells in module datapath_pipelined that may be considered for resource sharing.
  Analyzing resource sharing options for $385 ($sshr):
    Found 1 activation_patterns using ctrl signal 1'1.
    No candidates found.
  Analyzing resource sharing options for $384 ($shr):
    Found 1 activation_patterns using ctrl signal 1'1.
    No candidates found.
  Analyzing resource sharing options for $383 ($shl):
    Found 1 activation_patterns using ctrl signal 1'1.
    No candidates found.

4.26. Executing OPT pass (performing simple optimizations).

4.26.1. Executing OPT_EXPR pass (perform const folding).
Optimizing module datapath_pipelined.
<suppressed ~32 debug messages>

4.26.2. Executing OPT_MERGE pass (detect identical cells).
Finding identical cells in module `\datapath_pipelined'.
Computing hashes of 426 cells of `\datapath_pipelined'.
Finding duplicate cells in `\datapath_pipelined'.
Removed a total of 0 cells.

4.26.3. Executing OPT_MUXTREE pass (detect dead branches in mux trees).
Running muxtree optimizer on module \datapath_pipelined..
  Creating internal representation of mux trees.
  Evaluating internal representation of mux trees.
  Analyzing evaluation results.
    dead port 1/11 on $pmux $procmux$229.
    dead port 2/11 on $pmux $procmux$229.
    dead port 3/11 on $pmux $procmux$229.
    dead port 4/11 on $pmux $procmux$229.
    dead port 5/11 on $pmux $procmux$229.
    dead port 6/11 on $pmux $procmux$229.
    dead port 7/11 on $pmux $procmux$229.
    dead port 8/11 on $pmux $procmux$229.
    dead port 9/11 on $pmux $procmux$229.
    dead port 11/11 on $pmux $procmux$229.
    dead port 1/9 on $pmux $procmux$265.
    dead port 2/9 on $pmux $procmux$265.
    dead port 3/9 on $pmux $procmux$265.
    dead port 4/9 on $pmux $procmux$265.
    dead port 5/9 on $pmux $procmux$265.
    dead port 6/9 on $pmux $procmux$265.
    dead port 7/9 on $pmux $procmux$265.
    dead port 9/9 on $pmux $procmux$265.
    dead port 1/6 on $pmux $procmux$373.
    dead port 2/6 on $pmux $procmux$373.
    dead port 3/6 on $pmux $procmux$373.
    dead port 4/6 on $pmux $procmux$373.
    dead port 6/6 on $pmux $procmux$373.
    dead port 1/6 on $pmux $procmux$668.
    dead port 2/6 on $pmux $procmux$668.
    dead port 3/6 on $pmux $procmux$668.
    dead port 4/6 on $pmux $procmux$668.
    dead port 6/6 on $pmux $procmux$668.
Removed 28 multiplexer ports.
<suppressed ~84 debug messages>

4.26.4. Executing OPT_REDUCE pass (consolidate $*mux and $reduce_* inputs).
  Optimizing cells in module \datapath_pipelined.
Performed a total of 0 changes.

4.26.5. Executing OPT_MERGE pass (detect identical cells).
Finding identical cells in module `\datapath_pipelined'.
Computing hashes of 422 cells of `\datapath_pipelined'.
Finding duplicate cells in `\datapath_pipelined'.
Removed a total of 0 cells.

4.26.6. Executing OPT_DFF pass (perform DFF optimizations).

4.26.7. Executing OPT_CLEAN pass (remove unused cells and wires).
Finding unused cells or wires in module \datapath_pipelined..
Removed 9 unused cells and 494 unused wires.
<suppressed ~13 debug messages>

4.26.8. Executing OPT_EXPR pass (perform const folding).
Optimizing module datapath_pipelined.

4.26.9. Rerunning OPT passes. (Maybe there is more to do..)

4.26.10. Executing OPT_MUXTREE pass (detect dead branches in mux trees).
Running muxtree optimizer on module \datapath_pipelined..
  Creating internal representation of mux trees.
  Evaluating internal representation of mux trees.
  Analyzing evaluation results.
Removed 0 multiplexer ports.
<suppressed ~70 debug messages>

4.26.11. Executing OPT_REDUCE pass (consolidate $*mux and $reduce_* inputs).
  Optimizing cells in module \datapath_pipelined.
Performed a total of 0 changes.

4.26.12. Executing OPT_MERGE pass (detect identical cells).
Finding identical cells in module `\datapath_pipelined'.
Computing hashes of 413 cells of `\datapath_pipelined'.
Finding duplicate cells in `\datapath_pipelined'.
Removed a total of 0 cells.

4.26.13. Executing OPT_DFF pass (perform DFF optimizations).

4.26.14. Executing OPT_CLEAN pass (remove unused cells and wires).
Finding unused cells or wires in module \datapath_pipelined..

4.26.15. Executing OPT_EXPR pass (perform const folding).
Optimizing module datapath_pipelined.

4.26.16. Finished fast OPT passes. (There is nothing left to do.)

4.27. Executing MEMORY pass.

4.27.1. Executing OPT_MEM pass (optimize memories).
datapath_pipelined.imem.instructions: removing const-1 lane 0
datapath_pipelined.imem.instructions: removing const-1 lane 1
Performed a total of 1 transformations.

4.27.2. Executing OPT_MEM_PRIORITY pass (removing unnecessary memory write priority relations).
Performed a total of 2608 transformations.

4.27.3. Executing OPT_MEM_FEEDBACK pass (finding memory read-to-write feedback paths).

4.27.4. Executing MEMORY_BMUX2ROM pass (converting muxes to ROMs).

4.27.5. Executing MEMORY_DFF pass (merging $dff cells to $memrd).

4.27.6. Executing OPT_CLEAN pass (remove unused cells and wires).
Finding unused cells or wires in module \datapath_pipelined..

4.27.7. Executing MEMORY_SHARE pass (consolidating $memrd/$memwr cells).
Consolidating write ports of memory datapath_pipelined.dmem.datas by address:
  Merging ports 0, 1 (address 6'000000).
  Merging ports 0, 2 (address 6'000000).
  Merging ports 0, 3 (address 6'000000).
  Merging ports 0, 4 (address 6'000000).
  Merging ports 0, 5 (address 6'000000).
  Merging ports 0, 6 (address 6'000000).
  Merging ports 0, 7 (address 6'000000).
  Merging ports 0, 8 (address 6'000000).
  Merging ports 0, 9 (address 6'000000).
  Merging ports 0, 10 (address 6'000000).
  Merging ports 0, 11 (address 6'000000).
  Merging ports 0, 12 (address 6'000000).
  Merging ports 0, 13 (address 6'000000).
  Merging ports 0, 14 (address 6'000000).
  Merging ports 0, 15 (address 6'000000).
  Merging ports 0, 16 (address 6'000000).
  Merging ports 0, 17 (address 6'000000).
  Merging ports 0, 18 (address 6'000000).
  Merging ports 0, 19 (address 6'000000).
  Merging ports 0, 20 (address 6'000000).
  Merging ports 0, 21 (address 6'000000).
  Merging ports 0, 22 (address 6'000000).
  Merging ports 0, 23 (address 6'000000).
  Merging ports 0, 24 (address 6'000000).
  Merging ports 0, 25 (address 6'000000).
  Merging ports 0, 26 (address 6'000000).
  Merging ports 0, 27 (address 6'000000).
  Merging ports 0, 28 (address 6'000000).
  Merging ports 0, 29 (address 6'000000).
  Merging ports 0, 30 (address 6'000000).
  Merging ports 0, 31 (address 6'000000).
  Merging ports 0, 32 (address 6'000000).
  Merging ports 34, 35 (address 6'100010).
  Merging ports 36, 37 (address 6'100100).
  Merging ports 36, 38 (address 6'100100).
  Merging ports 36, 39 (address 6'100100).
  Merging ports 40, 41 (address 6'101000).
  Merging ports 40, 42 (address 6'101000).
  Merging ports 40, 43 (address 6'101000).
  Merging ports 40, 44 (address 6'101000).
  Merging ports 40, 45 (address 6'101000).
  Merging ports 40, 46 (address 6'101000).
  Merging ports 40, 47 (address 6'101000).
  Merging ports 48, 49 (address 6'110000).
  Merging ports 48, 50 (address 6'110000).
  Merging ports 48, 51 (address 6'110000).
  Merging ports 48, 52 (address 6'110000).
  Merging ports 48, 53 (address 6'110000).
  Merging ports 48, 54 (address 6'110000).
  Merging ports 48, 55 (address 6'110000).
  Merging ports 48, 56 (address 6'110000).
  Merging ports 48, 57 (address 6'110000).
  Merging ports 48, 58 (address 6'110000).
  Merging ports 48, 59 (address 6'110000).
  Merging ports 48, 60 (address 6'110000).
  Merging ports 48, 61 (address 6'110000).
  Merging ports 48, 62 (address 6'110000).
  Merging ports 48, 63 (address 6'110000).
Consolidating write ports of memory datapath_pipelined.dmem.datas by address:
  Merging ports 1, 2 (address 6'100001).
  Merging ports 1, 3 (address 6'100000).
  Merging ports 1, 4 (address 6'100000).
  Merging ports 1, 5 (address 6'100000).
Consolidating write ports of memory datapath_pipelined.dmem.datas by address:
Consolidating read ports of memory datapath_pipelined.regfile.registers by address:
Consolidating write ports of memory datapath_pipelined.regfile.registers by address:
  Merging ports 0, 1 (address 5'00000).
  Merging ports 0, 2 (address 5'00000).
  Merging ports 0, 3 (address 5'00000).
  Merging ports 0, 4 (address 5'00000).
  Merging ports 0, 5 (address 5'00000).
  Merging ports 0, 6 (address 5'00000).
  Merging ports 0, 7 (address 5'00000).
  Merging ports 0, 8 (address 5'00000).
  Merging ports 0, 9 (address 5'00000).
  Merging ports 0, 10 (address 5'00000).
  Merging ports 0, 11 (address 5'00000).
  Merging ports 0, 12 (address 5'00000).
  Merging ports 0, 13 (address 5'00000).
  Merging ports 0, 14 (address 5'00000).
  Merging ports 0, 15 (address 5'00000).
  Merging ports 0, 16 (address 5'00000).
  Merging ports 18, 19 (address 5'10010).
  Merging ports 20, 21 (address 5'10100).
  Merging ports 20, 22 (address 5'10100).
  Merging ports 20, 23 (address 5'10100).
  Merging ports 24, 25 (address 5'11000).
  Merging ports 24, 26 (address 5'11000).
  Merging ports 24, 27 (address 5'11000).
  Merging ports 24, 28 (address 5'11000).
  Merging ports 24, 29 (address 5'11000).
  Merging ports 24, 30 (address 5'11000).
  Merging ports 24, 31 (address 5'11000).
Consolidating write ports of memory datapath_pipelined.regfile.registers by address:
  Merging ports 1, 2 (address 5'10001).
  Merging ports 1, 3 (address 5'10000).
  Merging ports 1, 4 (address 5'10000).
Consolidating write ports of memory datapath_pipelined.regfile.registers by address:
Consolidating write ports of memory datapath_pipelined.dmem.datas using sat-based resource sharing:
Consolidating write ports of memory datapath_pipelined.regfile.registers using sat-based resource sharing:

4.27.8. Executing OPT_MEM_WIDEN pass (optimize memories where all ports are wide).
Performed a total of 0 transformations.

4.27.9. Executing OPT_CLEAN pass (remove unused cells and wires).
Finding unused cells or wires in module \datapath_pipelined..

4.27.10. Executing MEMORY_COLLECT pass (generating $mem cells).

4.28. Executing OPT_CLEAN pass (remove unused cells and wires).
Finding unused cells or wires in module \datapath_pipelined..

4.29. Executing MEMORY_LIBMAP pass (mapping memories to cells).
using FF mapping for memory datapath_pipelined.regfile.registers
using FF mapping for memory datapath_pipelined.imem.instructions
using FF mapping for memory datapath_pipelined.dmem.datas
<suppressed ~610 debug messages>

4.30. Executing TECHMAP pass (map to technology primitives).

4.30.1. Executing Verilog-2005 frontend: /home/shady_wsl/tools/oss-cad-suite/lib/../share/yosys/xilinx/lutrams_xc5v_map.v
Parsing Verilog input from `/home/shady_wsl/tools/oss-cad-suite/lib/../share/yosys/xilinx/lutrams_xc5v_map.v' to AST representation.
Generating RTLIL representation for module `$__XILINX_LUTRAM_SP_'.
Generating RTLIL representation for module `$__XILINX_LUTRAM_DP_'.
Generating RTLIL representation for module `$__XILINX_LUTRAM_QP_'.
Generating RTLIL representation for module `$__XILINX_LUTRAM_OP_'.
Generating RTLIL representation for module `$__XILINX_LUTRAM_SDP_'.
Generating RTLIL representation for module `$__XILINX_LUTRAM_64X8SW_'.
Generating RTLIL representation for module `$__XILINX_LUTRAM_32X16DR8_'.
Successfully finished Verilog frontend.

4.30.2. Continuing TECHMAP pass.
No more expansions possible.
<suppressed ~9 debug messages>

4.31. Executing TECHMAP pass (map to technology primitives).

4.31.1. Executing Verilog-2005 frontend: /home/shady_wsl/tools/oss-cad-suite/lib/../share/yosys/xilinx/brams_xc6v_map.v
Parsing Verilog input from `/home/shady_wsl/tools/oss-cad-suite/lib/../share/yosys/xilinx/brams_xc6v_map.v' to AST representation.
Generating RTLIL representation for module `$__XILINX_BLOCKRAM_TDP_'.
Generating RTLIL representation for module `$__XILINX_BLOCKRAM_SDP_'.
Successfully finished Verilog frontend.

4.31.2. Continuing TECHMAP pass.
No more expansions possible.
<suppressed ~4 debug messages>

4.32. Executing OPT pass (performing simple optimizations).

4.32.1. Executing OPT_EXPR pass (perform const folding).
Optimizing module datapath_pipelined.
<suppressed ~22 debug messages>

4.32.2. Executing OPT_MERGE pass (detect identical cells).
Finding identical cells in module `\datapath_pipelined'.
Computing hashes of 298 cells of `\datapath_pipelined'.
Finding duplicate cells in `\datapath_pipelined'.
Computing hashes of 297 cells of `\datapath_pipelined'.
Finding duplicate cells in `\datapath_pipelined'.
<suppressed ~3 debug messages>
Removed a total of 1 cells.

4.32.3. Executing OPT_DFF pass (perform DFF optimizations).
Adding EN signal on $auto$ff.cc:337:slice$1791 ($sdffe) from module datapath_pipelined (D = \pc_reg.nextaddr [1:0], Q = \pc_reg.currentaddr [1:0]).

4.32.4. Executing OPT_CLEAN pass (remove unused cells and wires).
Finding unused cells or wires in module \datapath_pipelined..
Removed 0 unused cells and 16 unused wires.
<suppressed ~1 debug messages>

4.32.5. Rerunning OPT passes. (Removed registers in this run.)

4.32.6. Executing OPT_EXPR pass (perform const folding).
Optimizing module datapath_pipelined.
<suppressed ~10 debug messages>

4.32.7. Executing OPT_MERGE pass (detect identical cells).
Finding identical cells in module `\datapath_pipelined'.
Computing hashes of 300 cells of `\datapath_pipelined'.
Finding duplicate cells in `\datapath_pipelined'.
Removed a total of 0 cells.

4.32.8. Executing OPT_DFF pass (perform DFF optimizations).

4.32.9. Executing OPT_CLEAN pass (remove unused cells and wires).
Finding unused cells or wires in module \datapath_pipelined..
Removed 0 unused cells and 1 unused wires.
<suppressed ~1 debug messages>

4.32.10. Finished fast OPT passes.

4.33. Executing MEMORY_MAP pass (converting memories to logic and flip-flops).
Mapping memory \regfile.registers in module \datapath_pipelined:
  created 32 $dff cells and 0 static cells of width 32.
Extracted data FF from read port 0 of datapath_pipelined.regfile.registers: $\regfile.registers$rdreg[0]
Extracted data FF from read port 1 of datapath_pipelined.regfile.registers: $\regfile.registers$rdreg[1]
  read interface: 2 $dff and 62 $mux cells.
  write interface: 96 write mux blocks.
Mapping memory \imem.instructions in module \datapath_pipelined:
  created 64 $dff cells and 0 static cells of width 30.
Extracted data FF from read port 0 of datapath_pipelined.imem.instructions: $\imem.instructions$rdreg[0]
  read interface: 1 $dff and 63 $mux cells.
  write interface: 0 write mux blocks.
Mapping memory \dmem.datas in module \datapath_pipelined:
  created 64 $dff cells and 0 static cells of width 32.
Extracted addr FF from read port 0 of datapath_pipelined.dmem.datas: $\dmem.datas$rdreg[0]
  read interface: 1 $dff and 63 $mux cells.
  write interface: 192 write mux blocks.

4.34. Executing OPT pass (performing simple optimizations).

4.34.1. Executing OPT_EXPR pass (perform const folding).
Optimizing module datapath_pipelined.
<suppressed ~469 debug messages>

4.34.2. Executing OPT_MERGE pass (detect identical cells).
Finding identical cells in module `\datapath_pipelined'.
Computing hashes of 1161 cells of `\datapath_pipelined'.
Finding duplicate cells in `\datapath_pipelined'.
Computing hashes of 1127 cells of `\datapath_pipelined'.
Finding duplicate cells in `\datapath_pipelined'.
<suppressed ~102 debug messages>
Removed a total of 34 cells.

4.34.3. Executing OPT_MUXTREE pass (detect dead branches in mux trees).
Running muxtree optimizer on module \datapath_pipelined..
  Creating internal representation of mux trees.
  Evaluating internal representation of mux trees.
  Analyzing evaluation results.
Removed 0 multiplexer ports.
<suppressed ~495 debug messages>

4.34.4. Executing OPT_REDUCE pass (consolidate $*mux and $reduce_* inputs).
  Optimizing cells in module \datapath_pipelined.
    Consolidated identical input bits for $mux cell $memory\imem.instructions$rdmux[0][5][17]$3742:
      Old ports: A=30'001100001001111100001111000100, B=30'001101111000111110001111100100, Y=$memory\imem.instructions$rdmux[0][4][8]$b$3669
      New ports: A=2'10, B=2'01, Y={ $memory\imem.instructions$rdmux[0][4][8]$b$3669 [18] $memory\imem.instructions$rdmux[0][4][8]$b$3669 [5] }
      New connections: { $memory\imem.instructions$rdmux[0][4][8]$b$3669 [29:19] $memory\imem.instructions$rdmux[0][4][8]$b$3669 [17:6] $memory\imem.instructions$rdmux[0][4][8]$b$3669 [4:0] } = { 5'00110 $memory\imem.instructions$rdmux[0][4][8]$b$3669 [5] $memory\imem.instructions$rdmux[0][4][8]$b$3669 [5] $memory\imem.instructions$rdmux[0][4][8]$b$3669 [5] 7'1001111 $memory\imem.instructions$rdmux[0][4][8]$b$3669 [5] 12'000111100100 }
    Consolidated identical input bits for $mux cell $memory\imem.instructions$rdmux[0][5][16]$3739:
      Old ports: A=30'000110111100111110001111100100, B=30'000010001100000000001101011001, Y=$memory\imem.instructions$rdmux[0][4][8]$a$3668
      New ports: A=2'10, B=2'01, Y={ $memory\imem.instructions$rdmux[0][4][8]$a$3668 [2] $memory\imem.instructions$rdmux[0][4][8]$a$3668 [0] }
      New connections: { $memory\imem.instructions$rdmux[0][4][8]$a$3668 [29:3] $memory\imem.instructions$rdmux[0][4][8]$a$3668 [1] } = { 3'000 $memory\imem.instructions$rdmux[0][4][8]$a$3668 [2] 2'10 $memory\imem.instructions$rdmux[0][4][8]$a$3668 [2] $memory\imem.instructions$rdmux[0][4][8]$a$3668 [2] 4'1100 $memory\imem.instructions$rdmux[0][4][8]$a$3668 [2] $memory\imem.instructions$rdmux[0][4][8]$a$3668 [2] $memory\imem.instructions$rdmux[0][4][8]$a$3668 [2] $memory\imem.instructions$rdmux[0][4][8]$a$3668 [2] $memory\imem.instructions$rdmux[0][4][8]$a$3668 [2] 5'00011 $memory\imem.instructions$rdmux[0][4][8]$a$3668 [2] 1'1 $memory\imem.instructions$rdmux[0][4][8]$a$3668 [2] $memory\imem.instructions$rdmux[0][4][8]$a$3668 [0] $memory\imem.instructions$rdmux[0][4][8]$a$3668 [0] 1'0 }
    Consolidated identical input bits for $mux cell $memory\imem.instructions$rdmux[0][5][15]$3736:
      Old ports: A=30'000000001000000000001100111011, B=30'000101001101111100001111000100, Y=$memory\imem.instructions$rdmux[0][4][7]$b$3666
      New ports: A=2'01, B=2'10, Y={ $memory\imem.instructions$rdmux[0][4][7]$b$3666 [2] $memory\imem.instructions$rdmux[0][4][7]$b$3666 [0] }
      New connections: { $memory\imem.instructions$rdmux[0][4][7]$b$3666 [29:3] $memory\imem.instructions$rdmux[0][4][7]$b$3666 [1] } = { 3'000 $memory\imem.instructions$rdmux[0][4][7]$b$3666 [2] 1'0 $memory\imem.instructions$rdmux[0][4][7]$b$3666 [2] 3'001 $memory\imem.instructions$rdmux[0][4][7]$b$3666 [2] 1'0 $memory\imem.instructions$rdmux[0][4][7]$b$3666 [2] $memory\imem.instructions$rdmux[0][4][7]$b$3666 [2] $memory\imem.instructions$rdmux[0][4][7]$b$3666 [2] $memory\imem.instructions$rdmux[0][4][7]$b$3666 [2] $memory\imem.instructions$rdmux[0][4][7]$b$3666 [2] 6'000011 $memory\imem.instructions$rdmux[0][4][7]$b$3666 [2] $memory\imem.instructions$rdmux[0][4][7]$b$3666 [2] $memory\imem.instructions$rdmux[0][4][7]$b$3666 [0] $memory\imem.instructions$rdmux[0][4][7]$b$3666 [0] $memory\imem.instructions$rdmux[0][4][7]$b$3666 [0] $memory\imem.instructions$rdmux[0][4][7]$b$3666 [0] }
    Consolidated identical input bits for $mux cell $memory\imem.instructions$rdmux[0][5][14]$3733:
      Old ports: A=30'000100100011010001011011101101, B=30'000000000000000000011100000101, Y=$memory\imem.instructions$rdmux[0][4][7]$a$3665
      New ports: A=2'01, B=2'10, Y={ $memory\imem.instructions$rdmux[0][4][7]$a$3665 [8] $memory\imem.instructions$rdmux[0][4][7]$a$3665 [3] }
      New connections: { $memory\imem.instructions$rdmux[0][4][7]$a$3665 [29:9] $memory\imem.instructions$rdmux[0][4][7]$a$3665 [7:4] $memory\imem.instructions$rdmux[0][4][7]$a$3665 [2:0] } = { 3'000 $memory\imem.instructions$rdmux[0][4][7]$a$3665 [3] 2'00 $memory\imem.instructions$rdmux[0][4][7]$a$3665 [3] 3'000 $memory\imem.instructions$rdmux[0][4][7]$a$3665 [3] $memory\imem.instructions$rdmux[0][4][7]$a$3665 [3] 1'0 $memory\imem.instructions$rdmux[0][4][7]$a$3665 [3] 3'000 $memory\imem.instructions$rdmux[0][4][7]$a$3665 [3] 3'011 $memory\imem.instructions$rdmux[0][4][7]$a$3665 [3] $memory\imem.instructions$rdmux[0][4][7]$a$3665 [3] $memory\imem.instructions$rdmux[0][4][7]$a$3665 [3] 4'0101 }
    Consolidated identical input bits for $mux cell $memory\imem.instructions$rdmux[0][5][13]$3730:
      Old ports: A=30'001111100111111000001110000100, B=30'000011011110000000001110100100, Y=$memory\imem.instructions$rdmux[0][4][6]$b$3663
      New ports: A=2'10, B=2'01, Y={ $memory\imem.instructions$rdmux[0][4][6]$b$3663 [15] $memory\imem.instructions$rdmux[0][4][6]$b$3663 [5] }
      New connections: { $memory\imem.instructions$rdmux[0][4][6]$b$3663 [29:16] $memory\imem.instructions$rdmux[0][4][6]$b$3663 [14:6] $memory\imem.instructions$rdmux[0][4][6]$b$3663 [4:0] } = { 2'00 $memory\imem.instructions$rdmux[0][4][6]$b$3663 [15] $memory\imem.instructions$rdmux[0][4][6]$b$3663 [15] 2'11 $memory\imem.instructions$rdmux[0][4][6]$b$3663 [15] $memory\imem.instructions$rdmux[0][4][6]$b$3663 [5] $memory\imem.instructions$rdmux[0][4][6]$b$3663 [5] 2'11 $memory\imem.instructions$rdmux[0][4][6]$b$3663 [15] $memory\imem.instructions$rdmux[0][4][6]$b$3663 [15] $memory\imem.instructions$rdmux[0][4][6]$b$3663 [15] 14'00000111000100 }
    Consolidated identical input bits for $mux cell $memory\imem.instructions$rdmux[0][5][12]$3727:
      Old ports: A=30'000001101111000000001101100100, B=30'000000000001000010000100011000, Y=$memory\imem.instructions$rdmux[0][4][6]$a$3662
      New ports: A=2'01, B=2'10, Y=$memory\imem.instructions$rdmux[0][4][6]$a$3662 [3:2]
      New connections: { $memory\imem.instructions$rdmux[0][4][6]$a$3662 [29:4] $memory\imem.instructions$rdmux[0][4][6]$a$3662 [1:0] } = { 5'00000 $memory\imem.instructions$rdmux[0][4][6]$a$3662 [2] $memory\imem.instructions$rdmux[0][4][6]$a$3662 [2] 1'0 $memory\imem.instructions$rdmux[0][4][6]$a$3662 [2] $memory\imem.instructions$rdmux[0][4][6]$a$3662 [2] $memory\imem.instructions$rdmux[0][4][6]$a$3662 [2] 5'10000 $memory\imem.instructions$rdmux[0][4][6]$a$3662 [3] 3'000 $memory\imem.instructions$rdmux[0][4][6]$a$3662 [2] 2'10 $memory\imem.instructions$rdmux[0][4][6]$a$3662 [2] $memory\imem.instructions$rdmux[0][4][6]$a$3662 [2] $memory\imem.instructions$rdmux[0][4][6]$a$3662 [3] 2'00 }
    Consolidated identical input bits for $mux cell $memory\imem.instructions$rdmux[0][5][11]$3724:
      Old ports: A=30'000000000000000000101011000000, B=30'000000000010000010000100011000, Y=$memory\imem.instructions$rdmux[0][4][5]$b$3660
      New ports: A=2'10, B=2'01, Y={ $memory\imem.instructions$rdmux[0][4][5]$b$3660 [6] $memory\imem.instructions$rdmux[0][4][5]$b$3660 [3] }
      New connections: { $memory\imem.instructions$rdmux[0][4][5]$b$3660 [29:7] $memory\imem.instructions$rdmux[0][4][5]$b$3660 [5:4] $memory\imem.instructions$rdmux[0][4][5]$b$3660 [2:0] } = { 10'0000000000 $memory\imem.instructions$rdmux[0][4][5]$b$3660 [3] 5'00000 $memory\imem.instructions$rdmux[0][4][5]$b$3660 [3] 1'0 $memory\imem.instructions$rdmux[0][4][5]$b$3660 [6] 1'0 $memory\imem.instructions$rdmux[0][4][5]$b$3660 [6] $memory\imem.instructions$rdmux[0][4][5]$b$3660 [3] $memory\imem.instructions$rdmux[0][4][5]$b$3660 [6] 1'0 $memory\imem.instructions$rdmux[0][4][5]$b$3660 [3] 3'000 }
    Consolidated identical input bits for $mux cell $memory\imem.instructions$rdmux[0][5][10]$3721:
      Old ports: A=30'010000000001011011011010100100, B=30'000000000001000000100000001000, Y=$memory\imem.instructions$rdmux[0][4][5]$a$3659
      New ports: A=2'01, B=2'10, Y=$memory\imem.instructions$rdmux[0][4][5]$a$3659 [3:2]
      New connections: { $memory\imem.instructions$rdmux[0][4][5]$a$3659 [29:4] $memory\imem.instructions$rdmux[0][4][5]$a$3659 [1:0] } = { 1'0 $memory\imem.instructions$rdmux[0][4][5]$a$3659 [2] 11'00000000010 $memory\imem.instructions$rdmux[0][4][5]$a$3659 [2] $memory\imem.instructions$rdmux[0][4][5]$a$3659 [2] 1'0 $memory\imem.instructions$rdmux[0][4][5]$a$3659 [2] $memory\imem.instructions$rdmux[0][4][5]$a$3659 [2] $memory\imem.instructions$rdmux[0][4][5]$a$3659 [3:2] $memory\imem.instructions$rdmux[0][4][5]$a$3659 [2] 1'0 $memory\imem.instructions$rdmux[0][4][5]$a$3659 [2] 1'0 $memory\imem.instructions$rdmux[0][4][5]$a$3659 [2] 3'000 }
    Consolidated identical input bits for $mux cell $memory\imem.instructions$rdmux[0][5][9]$3718:
      Old ports: A=30'000000000010000010011001100100, B=30'000000000001000011011010000100, Y=$memory\imem.instructions$rdmux[0][4][4]$b$3657
      New ports: A=2'01, B=2'10, Y={ $memory\imem.instructions$rdmux[0][4][4]$b$3657 [7] $memory\imem.instructions$rdmux[0][4][4]$b$3657 [5] }
      New connections: { $memory\imem.instructions$rdmux[0][4][4]$b$3657 [29:8] $memory\imem.instructions$rdmux[0][4][4]$b$3657 [6] $memory\imem.instructions$rdmux[0][4][4]$b$3657 [4:0] } = { 10'0000000000 $memory\imem.instructions$rdmux[0][4][4]$b$3657 [5] $memory\imem.instructions$rdmux[0][4][4]$b$3657 [7] 5'00001 $memory\imem.instructions$rdmux[0][4][4]$b$3657 [7] 4'0110 $memory\imem.instructions$rdmux[0][4][4]$b$3657 [5] 5'00100 }
    Consolidated identical input bits for $mux cell $memory\imem.instructions$rdmux[0][5][8]$3715:
      Old ports: A=30'000000000011000011001000100100, B=30'000000000101000100101001000100, Y=$memory\imem.instructions$rdmux[0][4][4]$a$3656
      New ports: A=2'01, B=2'10, Y=$memory\imem.instructions$rdmux[0][4][4]$a$3656 [6:5]
      New connections: { $memory\imem.instructions$rdmux[0][4][4]$a$3656 [29:7] $memory\imem.instructions$rdmux[0][4][4]$a$3656 [4:0] } = { 9'000000000 $memory\imem.instructions$rdmux[0][4][4]$a$3656 [6:5] 4'1000 $memory\imem.instructions$rdmux[0][4][4]$a$3656 [6:5] $memory\imem.instructions$rdmux[0][4][4]$a$3656 [5] $memory\imem.instructions$rdmux[0][4][4]$a$3656 [6] 9'010000100 }
    Consolidated identical input bits for $mux cell $memory\imem.instructions$rdmux[0][5][7]$3712:
      Old ports: A=30'000000000011000011110111100100, B=30'000000000010000011101000000100, Y=$memory\imem.instructions$rdmux[0][4][3]$b$3654
      New ports: A=2'01, B=2'10, Y={ $memory\imem.instructions$rdmux[0][4][3]$b$3654 [9] $memory\imem.instructions$rdmux[0][4][3]$b$3654 [5] }
      New connections: { $memory\imem.instructions$rdmux[0][4][3]$b$3654 [29:10] $memory\imem.instructions$rdmux[0][4][3]$b$3654 [8:6] $memory\imem.instructions$rdmux[0][4][3]$b$3654 [4:0] } = { 11'00000000001 $memory\imem.instructions$rdmux[0][4][3]$b$3654 [5] 7'0000111 $memory\imem.instructions$rdmux[0][4][3]$b$3654 [5] $memory\imem.instructions$rdmux[0][4][3]$b$3654 [5] $memory\imem.instructions$rdmux[0][4][3]$b$3654 [5] $memory\imem.instructions$rdmux[0][4][3]$b$3654 [5] 5'00100 }
    Consolidated identical input bits for $mux cell $memory\imem.instructions$rdmux[0][5][6]$3709:
      Old ports: A=30'111111111000000000000110100100, B=30'010000001010011011010111001100, Y=$memory\imem.instructions$rdmux[0][4][3]$a$3653
      New ports: A=2'10, B=2'01, Y={ $memory\imem.instructions$rdmux[0][4][3]$a$3653 [5] $memory\imem.instructions$rdmux[0][4][3]$a$3653 [3] }
      New connections: { $memory\imem.instructions$rdmux[0][4][3]$a$3653 [29:6] $memory\imem.instructions$rdmux[0][4][3]$a$3653 [4] $memory\imem.instructions$rdmux[0][4][3]$a$3653 [2:0] } = { $memory\imem.instructions$rdmux[0][4][3]$a$3653 [5] 1'1 $memory\imem.instructions$rdmux[0][4][3]$a$3653 [5] $memory\imem.instructions$rdmux[0][4][3]$a$3653 [5] $memory\imem.instructions$rdmux[0][4][3]$a$3653 [5] $memory\imem.instructions$rdmux[0][4][3]$a$3653 [5] $memory\imem.instructions$rdmux[0][4][3]$a$3653 [5] $memory\imem.instructions$rdmux[0][4][3]$a$3653 [5] 2'10 $memory\imem.instructions$rdmux[0][4][3]$a$3653 [3] 2'00 $memory\imem.instructions$rdmux[0][4][3]$a$3653 [3] $memory\imem.instructions$rdmux[0][4][3]$a$3653 [3] 1'0 $memory\imem.instructions$rdmux[0][4][3]$a$3653 [3] $memory\imem.instructions$rdmux[0][4][3]$a$3653 [3] 1'0 $memory\imem.instructions$rdmux[0][4][3]$a$3653 [3] 3'011 $memory\imem.instructions$rdmux[0][4][3]$a$3653 [3] 4'0100 }
    Consolidated identical input bits for $mux cell $memory\imem.instructions$rdmux[0][5][5]$3706:
      Old ports: A=30'000000001010000010010101101100, B=30'000000001010000011010110001100, Y=$memory\imem.instructions$rdmux[0][4][2]$b$3651
      New ports: A=2'01, B=2'10, Y={ $memory\imem.instructions$rdmux[0][4][2]$b$3651 [7] $memory\imem.instructions$rdmux[0][4][2]$b$3651 [5] }
      New connections: { $memory\imem.instructions$rdmux[0][4][2]$b$3651 [29:8] $memory\imem.instructions$rdmux[0][4][2]$b$3651 [6] $memory\imem.instructions$rdmux[0][4][2]$b$3651 [4:0] } = { 17'00000000101000001 $memory\imem.instructions$rdmux[0][4][2]$b$3651 [7] 4'0101 $memory\imem.instructions$rdmux[0][4][2]$b$3651 [5] 5'01100 }
    Consolidated identical input bits for $mux cell $memory\imem.instructions$rdmux[0][5][4]$3703:
      Old ports: A=30'000000000010000010100100101100, B=30'000000000010000000000101000100, Y=$memory\imem.instructions$rdmux[0][4][2]$a$3650
      New ports: A=2'01, B=2'10, Y={ $memory\imem.instructions$rdmux[0][4][2]$a$3650 [6] $memory\imem.instructions$rdmux[0][4][2]$a$3650 [3] }
      New connections: { $memory\imem.instructions$rdmux[0][4][2]$a$3650 [29:7] $memory\imem.instructions$rdmux[0][4][2]$a$3650 [5:4] $memory\imem.instructions$rdmux[0][4][2]$a$3650 [2:0] } = { 16'0000000000100000 $memory\imem.instructions$rdmux[0][4][2]$a$3650 [3] 1'0 $memory\imem.instructions$rdmux[0][4][2]$a$3650 [3] 4'0010 $memory\imem.instructions$rdmux[0][4][2]$a$3650 [3] 4'0100 }
    Consolidated identical input bits for $mux cell $memory\imem.instructions$rdmux[0][5][3]$3700:
      Old ports: A=30'000000000010000011000011101100, B=30'000000000001000100100100001100, Y=$memory\imem.instructions$rdmux[0][4][1]$b$3648
      New ports: A=2'01, B=2'10, Y={ $memory\imem.instructions$rdmux[0][4][1]$b$3648 [8] $memory\imem.instructions$rdmux[0][4][1]$b$3648 [5] }
      New connections: { $memory\imem.instructions$rdmux[0][4][1]$b$3648 [29:9] $memory\imem.instructions$rdmux[0][4][1]$b$3648 [7:6] $memory\imem.instructions$rdmux[0][4][1]$b$3648 [4:0] } = { 10'0000000000 $memory\imem.instructions$rdmux[0][4][1]$b$3648 [5] $memory\imem.instructions$rdmux[0][4][1]$b$3648 [8] 3'000 $memory\imem.instructions$rdmux[0][4][1]$b$3648 [8] $memory\imem.instructions$rdmux[0][4][1]$b$3648 [5] $memory\imem.instructions$rdmux[0][4][1]$b$3648 [5] $memory\imem.instructions$rdmux[0][4][1]$b$3648 [8] 2'00 $memory\imem.instructions$rdmux[0][4][1]$b$3648 [5] $memory\imem.instructions$rdmux[0][4][1]$b$3648 [5] 5'01100 }
    Consolidated identical input bits for $mux cell $memory\imem.instructions$rdmux[0][5][2]$3697:
      Old ports: A=30'000000000010000011110010101100, B=30'000000000010000011100011001100, Y=$memory\imem.instructions$rdmux[0][4][1]$a$3647
      New ports: A=2'01, B=2'10, Y=$memory\imem.instructions$rdmux[0][4][1]$a$3647 [6:5]
      New connections: { $memory\imem.instructions$rdmux[0][4][1]$a$3647 [29:7] $memory\imem.instructions$rdmux[0][4][1]$a$3647 [4:0] } = { 19'0000000000100000111 $memory\imem.instructions$rdmux[0][4][1]$a$3647 [5] 8'00101100 }
    Consolidated identical input bits for $mux cell $memory\imem.instructions$rdmux[0][5][1]$3694:
      Old ports: A=30'000000000010000010000001101100, B=30'010000000010000010000010001100, Y=$memory\imem.instructions$rdmux[0][4][0]$b$3645
      New ports: A=2'01, B=2'10, Y={ $memory\imem.instructions$rdmux[0][4][0]$b$3645 [7] $memory\imem.instructions$rdmux[0][4][0]$b$3645 [5] }
      New connections: { $memory\imem.instructions$rdmux[0][4][0]$b$3645 [29:8] $memory\imem.instructions$rdmux[0][4][0]$b$3645 [6] $memory\imem.instructions$rdmux[0][4][0]$b$3645 [4:0] } = { 1'0 $memory\imem.instructions$rdmux[0][4][0]$b$3645 [7] 20'00000000100000100000 $memory\imem.instructions$rdmux[0][4][0]$b$3645 [5] 5'01100 }
    Consolidated identical input bits for $mux cell $memory\imem.instructions$rdmux[0][5][0]$3691:
      Old ports: A=30'000000000101000000000000100100, B=30'000000000011000000000001000100, Y=$memory\imem.instructions$rdmux[0][4][0]$a$3644
      New ports: A=2'01, B=2'10, Y=$memory\imem.instructions$rdmux[0][4][0]$a$3644 [6:5]
      New connections: { $memory\imem.instructions$rdmux[0][4][0]$a$3644 [29:7] $memory\imem.instructions$rdmux[0][4][0]$a$3644 [4:0] } = { 9'000000000 $memory\imem.instructions$rdmux[0][4][0]$a$3644 [5] $memory\imem.instructions$rdmux[0][4][0]$a$3644 [6] 17'10000000000000100 }
    Consolidated identical input bits for $mux cell $procmux$254:
      Old ports: A=4'0111, B=4'1000, Y=$aluctrl.op$363
      New ports: A=2'01, B=2'10, Y={ $aluctrl.op$363 [3] $aluctrl.op$363 [0] }
      New connections: $aluctrl.op$363 [2:1] = { $aluctrl.op$363 [0] $aluctrl.op$363 [0] }
    Consolidated identical input bits for $mux cell $procmux$344:
      Old ports: A=2'00, B=2'10, Y=$fw_sel.fw_r2$327
      New ports: A=1'0, B=1'1, Y=$fw_sel.fw_r2$327 [1]
      New connections: $fw_sel.fw_r2$327 [0] = 1'0
    Consolidated identical input bits for $mux cell $procmux$354:
      Old ports: A=2'00, B=2'10, Y=$fw_sel.fw_b$317
      New ports: A=1'0, B=1'1, Y=$fw_sel.fw_b$317 [1]
      New connections: $fw_sel.fw_b$317 [0] = 1'0
    Consolidated identical input bits for $mux cell $procmux$364:
      Old ports: A=2'00, B=2'10, Y=$fw_sel.fw_a$303
      New ports: A=1'0, B=1'1, Y=$fw_sel.fw_a$303 [1]
      New connections: $fw_sel.fw_a$303 [0] = 1'0
    Consolidated identical input bits for $mux cell $procmux$441:
      Old ports: A=\if_id.instr_out [30:20], B={ \if_id.instr_out [31] \if_id.instr_out [31] \if_id.instr_out [31] \if_id.instr_out [31] \if_id.instr_out [31] \if_id.instr_out [31] \if_id.instr_out [24:20] }, Y=$immgen.imm$200 [10:0]
      New ports: A=\if_id.instr_out [30:25], B={ \if_id.instr_out [31] \if_id.instr_out [31] \if_id.instr_out [31] \if_id.instr_out [31] \if_id.instr_out [31] \if_id.instr_out [31] }, Y=$immgen.imm$200 [10:5]
      New connections: $immgen.imm$200 [4:0] = \if_id.instr_out [24:20]
  Optimizing cells in module \datapath_pipelined.
    Consolidated identical input bits for $mux cell $memory\imem.instructions$rdmux[0][4][8]$3667:
      Old ports: A=$memory\imem.instructions$rdmux[0][4][8]$a$3668, B=$memory\imem.instructions$rdmux[0][4][8]$b$3669, Y=$memory\imem.instructions$rdmux[0][3][4]$a$3632
      New ports: A={ 4'0010 $memory\imem.instructions$rdmux[0][4][8]$a$3668 [2] $memory\imem.instructions$rdmux[0][4][8]$a$3668 [2] $memory\imem.instructions$rdmux[0][4][8]$a$3668 [0] }, B={ 1'1 $memory\imem.instructions$rdmux[0][4][8]$b$3669 [5] 1'0 $memory\imem.instructions$rdmux[0][4][8]$b$3669 [18] $memory\imem.instructions$rdmux[0][4][8]$b$3669 [5] 2'10 }, Y={ $memory\imem.instructions$rdmux[0][3][4]$a$3632 [27] $memory\imem.instructions$rdmux[0][3][4]$a$3632 [24] $memory\imem.instructions$rdmux[0][3][4]$a$3632 [20] $memory\imem.instructions$rdmux[0][3][4]$a$3632 [18] $memory\imem.instructions$rdmux[0][3][4]$a$3632 [5] $memory\imem.instructions$rdmux[0][3][4]$a$3632 [2] $memory\imem.instructions$rdmux[0][3][4]$a$3632 [0] }
      New connections: { $memory\imem.instructions$rdmux[0][3][4]$a$3632 [29:28] $memory\imem.instructions$rdmux[0][3][4]$a$3632 [26:25] $memory\imem.instructions$rdmux[0][3][4]$a$3632 [23:21] $memory\imem.instructions$rdmux[0][3][4]$a$3632 [19] $memory\imem.instructions$rdmux[0][3][4]$a$3632 [17:6] $memory\imem.instructions$rdmux[0][3][4]$a$3632 [4:3] $memory\imem.instructions$rdmux[0][3][4]$a$3632 [1] } = { 2'00 $memory\imem.instructions$rdmux[0][3][4]$a$3632 [2] $memory\imem.instructions$rdmux[0][3][4]$a$3632 [20] $memory\imem.instructions$rdmux[0][3][4]$a$3632 [5] $memory\imem.instructions$rdmux[0][3][4]$a$3632 [5] 2'10 $memory\imem.instructions$rdmux[0][3][4]$a$3632 [2] $memory\imem.instructions$rdmux[0][3][4]$a$3632 [2] $memory\imem.instructions$rdmux[0][3][4]$a$3632 [2] $memory\imem.instructions$rdmux[0][3][4]$a$3632 [2] $memory\imem.instructions$rdmux[0][3][4]$a$3632 [5] 5'00011 $memory\imem.instructions$rdmux[0][3][4]$a$3632 [2] 1'1 $memory\imem.instructions$rdmux[0][3][4]$a$3632 [0] $memory\imem.instructions$rdmux[0][3][4]$a$3632 [0] 1'0 }
    Consolidated identical input bits for $mux cell $memory\imem.instructions$rdmux[0][4][7]$3664:
      Old ports: A=$memory\imem.instructions$rdmux[0][4][7]$a$3665, B=$memory\imem.instructions$rdmux[0][4][7]$b$3666, Y=$memory\imem.instructions$rdmux[0][3][3]$b$3630
      New ports: A={ 2'00 $memory\imem.instructions$rdmux[0][4][7]$a$3665 [3] 1'1 $memory\imem.instructions$rdmux[0][4][7]$a$3665 [8] $memory\imem.instructions$rdmux[0][4][7]$a$3665 [3] $memory\imem.instructions$rdmux[0][4][7]$a$3665 [3] 3'101 }, B={ 1'1 $memory\imem.instructions$rdmux[0][4][7]$b$3666 [2] 3'001 $memory\imem.instructions$rdmux[0][4][7]$b$3666 [2] $memory\imem.instructions$rdmux[0][4][7]$b$3666 [0] $memory\imem.instructions$rdmux[0][4][7]$b$3666 [2] $memory\imem.instructions$rdmux[0][4][7]$b$3666 [0] $memory\imem.instructions$rdmux[0][4][7]$b$3666 [0] }, Y={ $memory\imem.instructions$rdmux[0][3][3]$b$3630 [21] $memory\imem.instructions$rdmux[0][3][3]$b$3630 [14] $memory\imem.instructions$rdmux[0][3][3]$b$3630 [12] $memory\imem.instructions$rdmux[0][3][3]$b$3630 [10] $memory\imem.instructions$rdmux[0][3][3]$b$3630 [8] $memory\imem.instructions$rdmux[0][3][3]$b$3630 [6] $memory\imem.instructions$rdmux[0][3][3]$b$3630 [3:0] }
      New connections: { $memory\imem.instructions$rdmux[0][3][3]$b$3630 [29:22] $memory\imem.instructions$rdmux[0][3][3]$b$3630 [20:15] $memory\imem.instructions$rdmux[0][3][3]$b$3630 [13] $memory\imem.instructions$rdmux[0][3][3]$b$3630 [11] $memory\imem.instructions$rdmux[0][3][3]$b$3630 [9] $memory\imem.instructions$rdmux[0][3][3]$b$3630 [7] $memory\imem.instructions$rdmux[0][3][3]$b$3630 [5:4] } = { 3'000 $memory\imem.instructions$rdmux[0][3][3]$b$3630 [6] 1'0 $memory\imem.instructions$rdmux[0][3][3]$b$3630 [14] $memory\imem.instructions$rdmux[0][3][3]$b$3630 [12] 1'0 $memory\imem.instructions$rdmux[0][3][3]$b$3630 [14] $memory\imem.instructions$rdmux[0][3][3]$b$3630 [12] $memory\imem.instructions$rdmux[0][3][3]$b$3630 [6] $memory\imem.instructions$rdmux[0][3][3]$b$3630 [14] $memory\imem.instructions$rdmux[0][3][3]$b$3630 [6] $memory\imem.instructions$rdmux[0][3][3]$b$3630 [14] 3'001 $memory\imem.instructions$rdmux[0][3][3]$b$3630 [6] $memory\imem.instructions$rdmux[0][3][3]$b$3630 [3] $memory\imem.instructions$rdmux[0][3][3]$b$3630 [1] }
    Consolidated identical input bits for $mux cell $memory\imem.instructions$rdmux[0][4][6]$3661:
      Old ports: A=$memory\imem.instructions$rdmux[0][4][6]$a$3662, B=$memory\imem.instructions$rdmux[0][4][6]$b$3663, Y=$memory\imem.instructions$rdmux[0][3][3]$a$3629
      New ports: A={ $memory\imem.instructions$rdmux[0][4][6]$a$3662 [2] 4'0100 $memory\imem.instructions$rdmux[0][4][6]$a$3662 [2] $memory\imem.instructions$rdmux[0][4][6]$a$3662 [2] $memory\imem.instructions$rdmux[0][4][6]$a$3662 [3:2] }, B={ $memory\imem.instructions$rdmux[0][4][6]$b$3663 [15] $memory\imem.instructions$rdmux[0][4][6]$b$3663 [5] $memory\imem.instructions$rdmux[0][4][6]$b$3663 [15] $memory\imem.instructions$rdmux[0][4][6]$b$3663 [15] 2'10 $memory\imem.instructions$rdmux[0][4][6]$b$3663 [5] 2'01 }, Y={ $memory\imem.instructions$rdmux[0][3][3]$a$3629 [23:22] $memory\imem.instructions$rdmux[0][3][3]$a$3629 [18] $memory\imem.instructions$rdmux[0][3][3]$a$3629 [15] $memory\imem.instructions$rdmux[0][3][3]$a$3629 [7:5] $memory\imem.instructions$rdmux[0][3][3]$a$3629 [3:2] }
      New connections: { $memory\imem.instructions$rdmux[0][3][3]$a$3629 [29:24] $memory\imem.instructions$rdmux[0][3][3]$a$3629 [21:19] $memory\imem.instructions$rdmux[0][3][3]$a$3629 [17:16] $memory\imem.instructions$rdmux[0][3][3]$a$3629 [14:8] $memory\imem.instructions$rdmux[0][3][3]$a$3629 [4] $memory\imem.instructions$rdmux[0][3][3]$a$3629 [1:0] } = { 2'00 $memory\imem.instructions$rdmux[0][3][3]$a$3629 [15] $memory\imem.instructions$rdmux[0][3][3]$a$3629 [15] $memory\imem.instructions$rdmux[0][3][3]$a$3629 [7] $memory\imem.instructions$rdmux[0][3][3]$a$3629 [2] $memory\imem.instructions$rdmux[0][3][3]$a$3629 [5] $memory\imem.instructions$rdmux[0][3][3]$a$3629 [2] $memory\imem.instructions$rdmux[0][3][3]$a$3629 [2] $memory\imem.instructions$rdmux[0][3][3]$a$3629 [15] $memory\imem.instructions$rdmux[0][3][3]$a$3629 [15] 1'0 $memory\imem.instructions$rdmux[0][3][3]$a$3629 [3] 3'000 $memory\imem.instructions$rdmux[0][3][3]$a$3629 [2] 1'1 $memory\imem.instructions$rdmux[0][3][3]$a$3629 [3] 2'00 }
    Consolidated identical input bits for $mux cell $memory\imem.instructions$rdmux[0][4][5]$3658:
      Old ports: A=$memory\imem.instructions$rdmux[0][4][5]$a$3659, B=$memory\imem.instructions$rdmux[0][4][5]$b$3660, Y=$memory\imem.instructions$rdmux[0][3][2]$b$3627
      New ports: A={ 1'1 $memory\imem.instructions$rdmux[0][4][5]$a$3659 [2] $memory\imem.instructions$rdmux[0][4][5]$a$3659 [3:2] 2'00 $memory\imem.instructions$rdmux[0][4][5]$a$3659 [3:2] }, B={ 1'0 $memory\imem.instructions$rdmux[0][4][5]$b$3660 [3] $memory\imem.instructions$rdmux[0][4][5]$b$3660 [6] $memory\imem.instructions$rdmux[0][4][5]$b$3660 [6] $memory\imem.instructions$rdmux[0][4][5]$b$3660 [6] $memory\imem.instructions$rdmux[0][4][5]$b$3660 [3] $memory\imem.instructions$rdmux[0][4][5]$b$3660 [3] 1'0 }, Y={ $memory\imem.instructions$rdmux[0][3][2]$b$3627 [18] $memory\imem.instructions$rdmux[0][3][2]$b$3627 [13] $memory\imem.instructions$rdmux[0][3][2]$b$3627 [11] $memory\imem.instructions$rdmux[0][3][2]$b$3627 [7:6] $memory\imem.instructions$rdmux[0][3][2]$b$3627 [4:2] }
      New connections: { $memory\imem.instructions$rdmux[0][3][2]$b$3627 [29:19] $memory\imem.instructions$rdmux[0][3][2]$b$3627 [17:14] $memory\imem.instructions$rdmux[0][3][2]$b$3627 [12] $memory\imem.instructions$rdmux[0][3][2]$b$3627 [10:8] $memory\imem.instructions$rdmux[0][3][2]$b$3627 [5] $memory\imem.instructions$rdmux[0][3][2]$b$3627 [1:0] } = { 1'0 $memory\imem.instructions$rdmux[0][3][2]$b$3627 [2] 8'00000000 $memory\imem.instructions$rdmux[0][3][2]$b$3627 [4] 1'0 $memory\imem.instructions$rdmux[0][3][2]$b$3627 [2] $memory\imem.instructions$rdmux[0][3][2]$b$3627 [2] 1'0 $memory\imem.instructions$rdmux[0][3][2]$b$3627 [2] $memory\imem.instructions$rdmux[0][3][2]$b$3627 [2] $memory\imem.instructions$rdmux[0][3][2]$b$3627 [7] $memory\imem.instructions$rdmux[0][3][2]$b$3627 [4] $memory\imem.instructions$rdmux[0][3][2]$b$3627 [2] 2'00 }
    Consolidated identical input bits for $mux cell $memory\imem.instructions$rdmux[0][4][4]$3655:
      Old ports: A=$memory\imem.instructions$rdmux[0][4][4]$a$3656, B=$memory\imem.instructions$rdmux[0][4][4]$b$3657, Y=$memory\imem.instructions$rdmux[0][3][2]$a$3626
      New ports: A={ 1'1 $memory\imem.instructions$rdmux[0][4][4]$a$3656 [5] $memory\imem.instructions$rdmux[0][4][4]$a$3656 [5] $memory\imem.instructions$rdmux[0][4][4]$a$3656 [6] 2'00 $memory\imem.instructions$rdmux[0][4][4]$a$3656 [6:5] }, B={ $memory\imem.instructions$rdmux[0][4][4]$b$3657 [7] 1'1 $memory\imem.instructions$rdmux[0][4][4]$b$3657 [7] 2'01 $memory\imem.instructions$rdmux[0][4][4]$b$3657 [7] $memory\imem.instructions$rdmux[0][4][4]$b$3657 [5] $memory\imem.instructions$rdmux[0][4][4]$b$3657 [5] }, Y={ $memory\imem.instructions$rdmux[0][3][2]$a$3626 [18] $memory\imem.instructions$rdmux[0][3][2]$a$3626 [13:10] $memory\imem.instructions$rdmux[0][3][2]$a$3626 [7:5] }
      New connections: { $memory\imem.instructions$rdmux[0][3][2]$a$3626 [29:19] $memory\imem.instructions$rdmux[0][3][2]$a$3626 [17:14] $memory\imem.instructions$rdmux[0][3][2]$a$3626 [9:8] $memory\imem.instructions$rdmux[0][3][2]$a$3626 [4:0] } = { 9'000000000 $memory\imem.instructions$rdmux[0][3][2]$a$3626 [11] $memory\imem.instructions$rdmux[0][3][2]$a$3626 [5] 3'000 $memory\imem.instructions$rdmux[0][3][2]$a$3626 [11] 7'1000100 }
    Consolidated identical input bits for $mux cell $memory\imem.instructions$rdmux[0][4][3]$3652:
      Old ports: A=$memory\imem.instructions$rdmux[0][4][3]$a$3653, B=$memory\imem.instructions$rdmux[0][4][3]$b$3654, Y=$memory\imem.instructions$rdmux[0][3][1]$b$3624
      New ports: A={ $memory\imem.instructions$rdmux[0][4][3]$a$3653 [5] 2'10 $memory\imem.instructions$rdmux[0][4][3]$a$3653 [3] 3'001 $memory\imem.instructions$rdmux[0][4][3]$a$3653 [3] $memory\imem.instructions$rdmux[0][4][3]$a$3653 [5] $memory\imem.instructions$rdmux[0][4][3]$a$3653 [3] }, B={ 2'00 $memory\imem.instructions$rdmux[0][4][3]$b$3654 [5] 2'11 $memory\imem.instructions$rdmux[0][4][3]$b$3654 [9] $memory\imem.instructions$rdmux[0][4][3]$b$3654 [5] $memory\imem.instructions$rdmux[0][4][3]$b$3654 [5] $memory\imem.instructions$rdmux[0][4][3]$b$3654 [5] 1'0 }, Y={ $memory\imem.instructions$rdmux[0][3][1]$b$3624 [22:21] $memory\imem.instructions$rdmux[0][3][1]$b$3624 [18] $memory\imem.instructions$rdmux[0][3][1]$b$3624 [12:11] $memory\imem.instructions$rdmux[0][3][1]$b$3624 [9] $memory\imem.instructions$rdmux[0][3][1]$b$3624 [7:5] $memory\imem.instructions$rdmux[0][3][1]$b$3624 [3] }
      New connections: { $memory\imem.instructions$rdmux[0][3][1]$b$3624 [29:23] $memory\imem.instructions$rdmux[0][3][1]$b$3624 [20:19] $memory\imem.instructions$rdmux[0][3][1]$b$3624 [17:13] $memory\imem.instructions$rdmux[0][3][1]$b$3624 [10] $memory\imem.instructions$rdmux[0][3][1]$b$3624 [8] $memory\imem.instructions$rdmux[0][3][1]$b$3624 [4] $memory\imem.instructions$rdmux[0][3][1]$b$3624 [2:0] } = { $memory\imem.instructions$rdmux[0][3][1]$b$3624 [22:21] $memory\imem.instructions$rdmux[0][3][1]$b$3624 [22] $memory\imem.instructions$rdmux[0][3][1]$b$3624 [22] $memory\imem.instructions$rdmux[0][3][1]$b$3624 [22] $memory\imem.instructions$rdmux[0][3][1]$b$3624 [22] $memory\imem.instructions$rdmux[0][3][1]$b$3624 [22] 1'0 $memory\imem.instructions$rdmux[0][3][1]$b$3624 [12] 1'0 $memory\imem.instructions$rdmux[0][3][1]$b$3624 [3] $memory\imem.instructions$rdmux[0][3][1]$b$3624 [3] 1'0 $memory\imem.instructions$rdmux[0][3][1]$b$3624 [12] $memory\imem.instructions$rdmux[0][3][1]$b$3624 [6] $memory\imem.instructions$rdmux[0][3][1]$b$3624 [7] 4'0100 }
    Consolidated identical input bits for $mux cell $memory\imem.instructions$rdmux[0][4][2]$3649:
      Old ports: A=$memory\imem.instructions$rdmux[0][4][2]$a$3650, B=$memory\imem.instructions$rdmux[0][4][2]$b$3651, Y=$memory\imem.instructions$rdmux[0][3][1]$a$3623
      New ports: A={ $memory\imem.instructions$rdmux[0][4][2]$a$3650 [3] 2'00 $memory\imem.instructions$rdmux[0][4][2]$a$3650 [6] $memory\imem.instructions$rdmux[0][4][2]$a$3650 [3] $memory\imem.instructions$rdmux[0][4][2]$a$3650 [3] }, B={ 2'01 $memory\imem.instructions$rdmux[0][4][2]$b$3651 [7] $memory\imem.instructions$rdmux[0][4][2]$b$3651 [5] $memory\imem.instructions$rdmux[0][4][2]$b$3651 [5] 1'1 }, Y={ $memory\imem.instructions$rdmux[0][3][1]$a$3623 [11:10] $memory\imem.instructions$rdmux[0][3][1]$a$3623 [7:5] $memory\imem.instructions$rdmux[0][3][1]$a$3623 [3] }
      New connections: { $memory\imem.instructions$rdmux[0][3][1]$a$3623 [29:12] $memory\imem.instructions$rdmux[0][3][1]$a$3623 [9:8] $memory\imem.instructions$rdmux[0][3][1]$a$3623 [4] $memory\imem.instructions$rdmux[0][3][1]$a$3623 [2:0] } = { 8'00000000 $memory\imem.instructions$rdmux[0][3][1]$a$3623 [10] 7'0100000 $memory\imem.instructions$rdmux[0][3][1]$a$3623 [3] $memory\imem.instructions$rdmux[0][3][1]$a$3623 [7] 6'010100 }
    Consolidated identical input bits for $mux cell $memory\imem.instructions$rdmux[0][4][1]$3646:
      Old ports: A=$memory\imem.instructions$rdmux[0][4][1]$a$3647, B=$memory\imem.instructions$rdmux[0][4][1]$b$3648, Y=$memory\imem.instructions$rdmux[0][3][0]$b$3621
      New ports: A={ 1'1 $memory\imem.instructions$rdmux[0][4][1]$a$3647 [5] 2'01 $memory\imem.instructions$rdmux[0][4][1]$a$3647 [6:5] }, B={ $memory\imem.instructions$rdmux[0][4][1]$b$3648 [8] 1'0 $memory\imem.instructions$rdmux[0][4][1]$b$3648 [8] $memory\imem.instructions$rdmux[0][4][1]$b$3648 [5] $memory\imem.instructions$rdmux[0][4][1]$b$3648 [5] $memory\imem.instructions$rdmux[0][4][1]$b$3648 [5] }, Y={ $memory\imem.instructions$rdmux[0][3][0]$b$3621 [11:10] $memory\imem.instructions$rdmux[0][3][0]$b$3621 [8:5] }
      New connections: { $memory\imem.instructions$rdmux[0][3][0]$b$3621 [29:12] $memory\imem.instructions$rdmux[0][3][0]$b$3621 [9] $memory\imem.instructions$rdmux[0][3][0]$b$3621 [4:0] } = { 10'0000000000 $memory\imem.instructions$rdmux[0][3][0]$b$3621 [7] $memory\imem.instructions$rdmux[0][3][0]$b$3621 [8] 3'000 $memory\imem.instructions$rdmux[0][3][0]$b$3621 [8:7] $memory\imem.instructions$rdmux[0][3][0]$b$3621 [7] 6'001100 }
    Consolidated identical input bits for $mux cell $memory\imem.instructions$rdmux[0][4][0]$3643:
      Old ports: A=$memory\imem.instructions$rdmux[0][4][0]$a$3644, B=$memory\imem.instructions$rdmux[0][4][0]$b$3645, Y=$memory\imem.instructions$rdmux[0][3][0]$a$3620
      New ports: A={ $memory\imem.instructions$rdmux[0][4][0]$a$3644 [5] $memory\imem.instructions$rdmux[0][4][0]$a$3644 [6] 2'10 $memory\imem.instructions$rdmux[0][4][0]$a$3644 [6:5] 1'0 }, B={ 3'010 $memory\imem.instructions$rdmux[0][4][0]$b$3645 [7] $memory\imem.instructions$rdmux[0][4][0]$b$3645 [5] $memory\imem.instructions$rdmux[0][4][0]$b$3645 [5] 1'1 }, Y={ $memory\imem.instructions$rdmux[0][3][0]$a$3620 [20:18] $memory\imem.instructions$rdmux[0][3][0]$a$3620 [7:5] $memory\imem.instructions$rdmux[0][3][0]$a$3620 [3] }
      New connections: { $memory\imem.instructions$rdmux[0][3][0]$a$3620 [29:21] $memory\imem.instructions$rdmux[0][3][0]$a$3620 [17:8] $memory\imem.instructions$rdmux[0][3][0]$a$3620 [4] $memory\imem.instructions$rdmux[0][3][0]$a$3620 [2:0] } = { 1'0 $memory\imem.instructions$rdmux[0][3][0]$a$3620 [7] 11'00000000000 $memory\imem.instructions$rdmux[0][3][0]$a$3620 [3] 9'000000100 }
  Optimizing cells in module \datapath_pipelined.
    Consolidated identical input bits for $mux cell $memory\imem.instructions$rdmux[0][3][4]$3631:
      Old ports: A=$memory\imem.instructions$rdmux[0][3][4]$a$3632, B=30'x, Y=$memory\imem.instructions$rdmux[0][2][2]$a$3614
      New ports: A={ $memory\imem.instructions$rdmux[0][3][4]$a$3632 [27] $memory\imem.instructions$rdmux[0][3][4]$a$3632 [24] $memory\imem.instructions$rdmux[0][3][4]$a$3632 [20] $memory\imem.instructions$rdmux[0][3][4]$a$3632 [18] 1'1 $memory\imem.instructions$rdmux[0][3][4]$a$3632 [5] $memory\imem.instructions$rdmux[0][3][4]$a$3632 [2] 1'0 $memory\imem.instructions$rdmux[0][3][4]$a$3632 [0] }, B=9'x, Y={ $memory\imem.instructions$rdmux[0][2][2]$a$3614 [27] $memory\imem.instructions$rdmux[0][2][2]$a$3614 [24] $memory\imem.instructions$rdmux[0][2][2]$a$3614 [20] $memory\imem.instructions$rdmux[0][2][2]$a$3614 [18] $memory\imem.instructions$rdmux[0][2][2]$a$3614 [6:5] $memory\imem.instructions$rdmux[0][2][2]$a$3614 [2:0] }
      New connections: { $memory\imem.instructions$rdmux[0][2][2]$a$3614 [29:28] $memory\imem.instructions$rdmux[0][2][2]$a$3614 [26:25] $memory\imem.instructions$rdmux[0][2][2]$a$3614 [23:21] $memory\imem.instructions$rdmux[0][2][2]$a$3614 [19] $memory\imem.instructions$rdmux[0][2][2]$a$3614 [17:7] $memory\imem.instructions$rdmux[0][2][2]$a$3614 [4:3] } = { $memory\imem.instructions$rdmux[0][2][2]$a$3614 [1] $memory\imem.instructions$rdmux[0][2][2]$a$3614 [1] $memory\imem.instructions$rdmux[0][2][2]$a$3614 [2] $memory\imem.instructions$rdmux[0][2][2]$a$3614 [20] $memory\imem.instructions$rdmux[0][2][2]$a$3614 [5] $memory\imem.instructions$rdmux[0][2][2]$a$3614 [5] $memory\imem.instructions$rdmux[0][2][2]$a$3614 [6] $memory\imem.instructions$rdmux[0][2][2]$a$3614 [1] $memory\imem.instructions$rdmux[0][2][2]$a$3614 [2] $memory\imem.instructions$rdmux[0][2][2]$a$3614 [2] $memory\imem.instructions$rdmux[0][2][2]$a$3614 [2] $memory\imem.instructions$rdmux[0][2][2]$a$3614 [2] $memory\imem.instructions$rdmux[0][2][2]$a$3614 [5] $memory\imem.instructions$rdmux[0][2][2]$a$3614 [1] $memory\imem.instructions$rdmux[0][2][2]$a$3614 [1] $memory\imem.instructions$rdmux[0][2][2]$a$3614 [1] $memory\imem.instructions$rdmux[0][2][2]$a$3614 [6] $memory\imem.instructions$rdmux[0][2][2]$a$3614 [6] $memory\imem.instructions$rdmux[0][2][2]$a$3614 [2] $memory\imem.instructions$rdmux[0][2][2]$a$3614 [0] $memory\imem.instructions$rdmux[0][2][2]$a$3614 [0] }
    Consolidated identical input bits for $mux cell $memory\imem.instructions$rdmux[0][3][3]$3628:
      Old ports: A=$memory\imem.instructions$rdmux[0][3][3]$a$3629, B=$memory\imem.instructions$rdmux[0][3][3]$b$3630, Y=$memory\imem.instructions$rdmux[0][2][1]$b$3612
      New ports: A={ $memory\imem.instructions$rdmux[0][3][3]$a$3629 [15] $memory\imem.instructions$rdmux[0][3][3]$a$3629 [7] $memory\imem.instructions$rdmux[0][3][3]$a$3629 [23:22] $memory\imem.instructions$rdmux[0][3][3]$a$3629 [5] $memory\imem.instructions$rdmux[0][3][3]$a$3629 [2] $memory\imem.instructions$rdmux[0][3][3]$a$3629 [2] $memory\imem.instructions$rdmux[0][3][3]$a$3629 [18] $memory\imem.instructions$rdmux[0][3][3]$a$3629 [15] $memory\imem.instructions$rdmux[0][3][3]$a$3629 [15] 1'0 $memory\imem.instructions$rdmux[0][3][3]$a$3629 [3] 2'00 $memory\imem.instructions$rdmux[0][3][3]$a$3629 [2] 1'1 $memory\imem.instructions$rdmux[0][3][3]$a$3629 [7:5] $memory\imem.instructions$rdmux[0][3][3]$a$3629 [3] $memory\imem.instructions$rdmux[0][3][3]$a$3629 [3:2] 2'00 }, B={ 2'00 $memory\imem.instructions$rdmux[0][3][3]$b$3630 [12] 1'0 $memory\imem.instructions$rdmux[0][3][3]$b$3630 [21] $memory\imem.instructions$rdmux[0][3][3]$b$3630 [14] $memory\imem.instructions$rdmux[0][3][3]$b$3630 [12] $memory\imem.instructions$rdmux[0][3][3]$b$3630 [6] $memory\imem.instructions$rdmux[0][3][3]$b$3630 [6] $memory\imem.instructions$rdmux[0][3][3]$b$3630 [14] $memory\imem.instructions$rdmux[0][3][3]$b$3630 [14] 1'0 $memory\imem.instructions$rdmux[0][3][3]$b$3630 [12] $memory\imem.instructions$rdmux[0][3][3]$b$3630 [10] 1'1 $memory\imem.instructions$rdmux[0][3][3]$b$3630 [8] $memory\imem.instructions$rdmux[0][3][3]$b$3630 [6] $memory\imem.instructions$rdmux[0][3][3]$b$3630 [6] $memory\imem.instructions$rdmux[0][3][3]$b$3630 [3] $memory\imem.instructions$rdmux[0][3][3]$b$3630 [1] $memory\imem.instructions$rdmux[0][3][3]$b$3630 [3:0] }, Y={ $memory\imem.instructions$rdmux[0][2][1]$b$3612 [27] $memory\imem.instructions$rdmux[0][2][1]$b$3612 [25] $memory\imem.instructions$rdmux[0][2][1]$b$3612 [23:18] $memory\imem.instructions$rdmux[0][2][1]$b$3612 [16:12] $memory\imem.instructions$rdmux[0][2][1]$b$3612 [10:0] }
      New connections: { $memory\imem.instructions$rdmux[0][2][1]$b$3612 [29:28] $memory\imem.instructions$rdmux[0][2][1]$b$3612 [26] $memory\imem.instructions$rdmux[0][2][1]$b$3612 [24] $memory\imem.instructions$rdmux[0][2][1]$b$3612 [17] $memory\imem.instructions$rdmux[0][2][1]$b$3612 [11] } = { 2'00 $memory\imem.instructions$rdmux[0][2][1]$b$3612 [16] $memory\imem.instructions$rdmux[0][2][1]$b$3612 [20] $memory\imem.instructions$rdmux[0][2][1]$b$3612 [15] 1'0 }
    Consolidated identical input bits for $mux cell $memory\imem.instructions$rdmux[0][3][2]$3625:
      Old ports: A=$memory\imem.instructions$rdmux[0][3][2]$a$3626, B=$memory\imem.instructions$rdmux[0][3][2]$b$3627, Y=$memory\imem.instructions$rdmux[0][2][1]$a$3611
      New ports: A={ $memory\imem.instructions$rdmux[0][3][2]$a$3626 [5] $memory\imem.instructions$rdmux[0][3][2]$a$3626 [18] 1'0 $memory\imem.instructions$rdmux[0][3][2]$a$3626 [11] $memory\imem.instructions$rdmux[0][3][2]$a$3626 [13:10] 1'1 $memory\imem.instructions$rdmux[0][3][2]$a$3626 [7:5] 3'001 }, B={ $memory\imem.instructions$rdmux[0][3][2]$b$3627 [4] $memory\imem.instructions$rdmux[0][3][2]$b$3627 [18] $memory\imem.instructions$rdmux[0][3][2]$b$3627 [2] 1'0 $memory\imem.instructions$rdmux[0][3][2]$b$3627 [13] $memory\imem.instructions$rdmux[0][3][2]$b$3627 [2] $memory\imem.instructions$rdmux[0][3][2]$b$3627 [11] $memory\imem.instructions$rdmux[0][3][2]$b$3627 [2] $memory\imem.instructions$rdmux[0][3][2]$b$3627 [7] $memory\imem.instructions$rdmux[0][3][2]$b$3627 [7:6] $memory\imem.instructions$rdmux[0][3][2]$b$3627 [2] $memory\imem.instructions$rdmux[0][3][2]$b$3627 [4:2] }, Y={ $memory\imem.instructions$rdmux[0][2][1]$a$3611 [19:18] $memory\imem.instructions$rdmux[0][2][1]$a$3611 [15:9] $memory\imem.instructions$rdmux[0][2][1]$a$3611 [7:2] }
      New connections: { $memory\imem.instructions$rdmux[0][2][1]$a$3611 [29:20] $memory\imem.instructions$rdmux[0][2][1]$a$3611 [17:16] $memory\imem.instructions$rdmux[0][2][1]$a$3611 [8] $memory\imem.instructions$rdmux[0][2][1]$a$3611 [1:0] } = { 1'0 $memory\imem.instructions$rdmux[0][2][1]$a$3611 [15] 7'0000000 $memory\imem.instructions$rdmux[0][2][1]$a$3611 [14] 1'0 $memory\imem.instructions$rdmux[0][2][1]$a$3611 [15] $memory\imem.instructions$rdmux[0][2][1]$a$3611 [4] 2'00 }
    Consolidated identical input bits for $mux cell $memory\imem.instructions$rdmux[0][3][1]$3622:
      Old ports: A=$memory\imem.instructions$rdmux[0][3][1]$a$3623, B=$memory\imem.instructions$rdmux[0][3][1]$b$3624, Y=$memory\imem.instructions$rdmux[0][2][0]$b$3609
      New ports: A={ 2'00 $memory\imem.instructions$rdmux[0][3][1]$a$3623 [10] 3'100 $memory\imem.instructions$rdmux[0][3][1]$a$3623 [3] $memory\imem.instructions$rdmux[0][3][1]$a$3623 [7] $memory\imem.instructions$rdmux[0][3][1]$a$3623 [11:10] 2'01 $memory\imem.instructions$rdmux[0][3][1]$a$3623 [7:5] $memory\imem.instructions$rdmux[0][3][1]$a$3623 [3] }, B={ $memory\imem.instructions$rdmux[0][3][1]$b$3624 [21] $memory\imem.instructions$rdmux[0][3][1]$b$3624 [22:21] $memory\imem.instructions$rdmux[0][3][1]$b$3624 [12] $memory\imem.instructions$rdmux[0][3][1]$b$3624 [18] $memory\imem.instructions$rdmux[0][3][1]$b$3624 [3] $memory\imem.instructions$rdmux[0][3][1]$b$3624 [12] $memory\imem.instructions$rdmux[0][3][1]$b$3624 [12:11] $memory\imem.instructions$rdmux[0][3][1]$b$3624 [6] $memory\imem.instructions$rdmux[0][3][1]$b$3624 [9] $memory\imem.instructions$rdmux[0][3][1]$b$3624 [7] $memory\imem.instructions$rdmux[0][3][1]$b$3624 [7:5] $memory\imem.instructions$rdmux[0][3][1]$b$3624 [3] }, Y={ $memory\imem.instructions$rdmux[0][2][0]$b$3609 [28] $memory\imem.instructions$rdmux[0][2][0]$b$3609 [22:21] $memory\imem.instructions$rdmux[0][2][0]$b$3609 [19:18] $memory\imem.instructions$rdmux[0][2][0]$b$3609 [15] $memory\imem.instructions$rdmux[0][2][0]$b$3609 [13:5] $memory\imem.instructions$rdmux[0][2][0]$b$3609 [3] }
      New connections: { $memory\imem.instructions$rdmux[0][2][0]$b$3609 [29] $memory\imem.instructions$rdmux[0][2][0]$b$3609 [27:23] $memory\imem.instructions$rdmux[0][2][0]$b$3609 [20] $memory\imem.instructions$rdmux[0][2][0]$b$3609 [17:16] $memory\imem.instructions$rdmux[0][2][0]$b$3609 [14] $memory\imem.instructions$rdmux[0][2][0]$b$3609 [4] $memory\imem.instructions$rdmux[0][2][0]$b$3609 [2:0] } = { $memory\imem.instructions$rdmux[0][2][0]$b$3609 [22] $memory\imem.instructions$rdmux[0][2][0]$b$3609 [22] $memory\imem.instructions$rdmux[0][2][0]$b$3609 [22] $memory\imem.instructions$rdmux[0][2][0]$b$3609 [22] $memory\imem.instructions$rdmux[0][2][0]$b$3609 [22] $memory\imem.instructions$rdmux[0][2][0]$b$3609 [22] 2'00 $memory\imem.instructions$rdmux[0][2][0]$b$3609 [15] 5'00100 }
    Consolidated identical input bits for $mux cell $memory\imem.instructions$rdmux[0][3][0]$3619:
      Old ports: A=$memory\imem.instructions$rdmux[0][3][0]$a$3620, B=$memory\imem.instructions$rdmux[0][3][0]$b$3621, Y=$memory\imem.instructions$rdmux[0][2][0]$a$3608
      New ports: A={ $memory\imem.instructions$rdmux[0][3][0]$a$3620 [7] $memory\imem.instructions$rdmux[0][3][0]$a$3620 [20:18] $memory\imem.instructions$rdmux[0][3][0]$a$3620 [3] 4'0000 $memory\imem.instructions$rdmux[0][3][0]$a$3620 [7:5] $memory\imem.instructions$rdmux[0][3][0]$a$3620 [3] }, B={ 2'00 $memory\imem.instructions$rdmux[0][3][0]$b$3621 [7] $memory\imem.instructions$rdmux[0][3][0]$b$3621 [8:7] $memory\imem.instructions$rdmux[0][3][0]$b$3621 [7] $memory\imem.instructions$rdmux[0][3][0]$b$3621 [11:10] $memory\imem.instructions$rdmux[0][3][0]$b$3621 [8:5] 1'1 }, Y={ $memory\imem.instructions$rdmux[0][2][0]$a$3608 [28] $memory\imem.instructions$rdmux[0][2][0]$a$3608 [20:18] $memory\imem.instructions$rdmux[0][2][0]$a$3608 [13:10] $memory\imem.instructions$rdmux[0][2][0]$a$3608 [8:5] $memory\imem.instructions$rdmux[0][2][0]$a$3608 [3] }
      New connections: { $memory\imem.instructions$rdmux[0][2][0]$a$3608 [29] $memory\imem.instructions$rdmux[0][2][0]$a$3608 [27:21] $memory\imem.instructions$rdmux[0][2][0]$a$3608 [17:14] $memory\imem.instructions$rdmux[0][2][0]$a$3608 [9] $memory\imem.instructions$rdmux[0][2][0]$a$3608 [4] $memory\imem.instructions$rdmux[0][2][0]$a$3608 [2:0] } = { 11'00000000000 $memory\imem.instructions$rdmux[0][2][0]$a$3608 [8] 5'00100 }
  Optimizing cells in module \datapath_pipelined.
    Consolidated identical input bits for $mux cell $memory\imem.instructions$rdmux[0][2][2]$3613:
      Old ports: A=$memory\imem.instructions$rdmux[0][2][2]$a$3614, B=30'x, Y=$memory\imem.instructions$rdmux[0][1][1]$a$3605
      New ports: A={ $memory\imem.instructions$rdmux[0][2][2]$a$3614 [27] $memory\imem.instructions$rdmux[0][2][2]$a$3614 [24] $memory\imem.instructions$rdmux[0][2][2]$a$3614 [20] $memory\imem.instructions$rdmux[0][2][2]$a$3614 [18] $memory\imem.instructions$rdmux[0][2][2]$a$3614 [6:5] $memory\imem.instructions$rdmux[0][2][2]$a$3614 [2:0] }, B=9'x, Y={ $memory\imem.instructions$rdmux[0][1][1]$a$3605 [27] $memory\imem.instructions$rdmux[0][1][1]$a$3605 [24] $memory\imem.instructions$rdmux[0][1][1]$a$3605 [20] $memory\imem.instructions$rdmux[0][1][1]$a$3605 [18] $memory\imem.instructions$rdmux[0][1][1]$a$3605 [6:5] $memory\imem.instructions$rdmux[0][1][1]$a$3605 [2:0] }
      New connections: { $memory\imem.instructions$rdmux[0][1][1]$a$3605 [29:28] $memory\imem.instructions$rdmux[0][1][1]$a$3605 [26:25] $memory\imem.instructions$rdmux[0][1][1]$a$3605 [23:21] $memory\imem.instructions$rdmux[0][1][1]$a$3605 [19] $memory\imem.instructions$rdmux[0][1][1]$a$3605 [17:7] $memory\imem.instructions$rdmux[0][1][1]$a$3605 [4:3] } = { $memory\imem.instructions$rdmux[0][1][1]$a$3605 [1] $memory\imem.instructions$rdmux[0][1][1]$a$3605 [1] $memory\imem.instructions$rdmux[0][1][1]$a$3605 [2] $memory\imem.instructions$rdmux[0][1][1]$a$3605 [20] $memory\imem.instructions$rdmux[0][1][1]$a$3605 [5] $memory\imem.instructions$rdmux[0][1][1]$a$3605 [5] $memory\imem.instructions$rdmux[0][1][1]$a$3605 [6] $memory\imem.instructions$rdmux[0][1][1]$a$3605 [1] $memory\imem.instructions$rdmux[0][1][1]$a$3605 [2] $memory\imem.instructions$rdmux[0][1][1]$a$3605 [2] $memory\imem.instructions$rdmux[0][1][1]$a$3605 [2] $memory\imem.instructions$rdmux[0][1][1]$a$3605 [2] $memory\imem.instructions$rdmux[0][1][1]$a$3605 [5] $memory\imem.instructions$rdmux[0][1][1]$a$3605 [1] $memory\imem.instructions$rdmux[0][1][1]$a$3605 [1] $memory\imem.instructions$rdmux[0][1][1]$a$3605 [1] $memory\imem.instructions$rdmux[0][1][1]$a$3605 [6] $memory\imem.instructions$rdmux[0][1][1]$a$3605 [6] $memory\imem.instructions$rdmux[0][1][1]$a$3605 [2] $memory\imem.instructions$rdmux[0][1][1]$a$3605 [0] $memory\imem.instructions$rdmux[0][1][1]$a$3605 [0] }
    Consolidated identical input bits for $mux cell $memory\imem.instructions$rdmux[0][2][1]$3610:
      Old ports: A=$memory\imem.instructions$rdmux[0][2][1]$a$3611, B=$memory\imem.instructions$rdmux[0][2][1]$b$3612, Y=$memory\imem.instructions$rdmux[0][1][0]$b$3603
      New ports: A={ $memory\imem.instructions$rdmux[0][2][1]$a$3611 [15] 7'0000000 $memory\imem.instructions$rdmux[0][2][1]$a$3611 [14] $memory\imem.instructions$rdmux[0][2][1]$a$3611 [19:18] 1'0 $memory\imem.instructions$rdmux[0][2][1]$a$3611 [15] $memory\imem.instructions$rdmux[0][2][1]$a$3611 [15:9] $memory\imem.instructions$rdmux[0][2][1]$a$3611 [4] $memory\imem.instructions$rdmux[0][2][1]$a$3611 [7:2] 2'00 }, B={ 1'0 $memory\imem.instructions$rdmux[0][2][1]$b$3612 [27] $memory\imem.instructions$rdmux[0][2][1]$b$3612 [16] $memory\imem.instructions$rdmux[0][2][1]$b$3612 [25] $memory\imem.instructions$rdmux[0][2][1]$b$3612 [20] $memory\imem.instructions$rdmux[0][2][1]$b$3612 [23:18] $memory\imem.instructions$rdmux[0][2][1]$b$3612 [15] $memory\imem.instructions$rdmux[0][2][1]$b$3612 [16:12] 1'0 $memory\imem.instructions$rdmux[0][2][1]$b$3612 [10:0] }, Y=$memory\imem.instructions$rdmux[0][1][0]$b$3603 [28:0]
      New connections: $memory\imem.instructions$rdmux[0][1][0]$b$3603 [29] = 1'0
    Consolidated identical input bits for $mux cell $memory\imem.instructions$rdmux[0][2][0]$3607:
      Old ports: A=$memory\imem.instructions$rdmux[0][2][0]$a$3608, B=$memory\imem.instructions$rdmux[0][2][0]$b$3609, Y=$memory\imem.instructions$rdmux[0][1][0]$a$3602
      New ports: A={ $memory\imem.instructions$rdmux[0][2][0]$a$3608 [28] 2'00 $memory\imem.instructions$rdmux[0][2][0]$a$3608 [20:18] 1'0 $memory\imem.instructions$rdmux[0][2][0]$a$3608 [8] $memory\imem.instructions$rdmux[0][2][0]$a$3608 [13:10] 1'0 $memory\imem.instructions$rdmux[0][2][0]$a$3608 [8:5] $memory\imem.instructions$rdmux[0][2][0]$a$3608 [3] }, B={ $memory\imem.instructions$rdmux[0][2][0]$b$3609 [28] $memory\imem.instructions$rdmux[0][2][0]$b$3609 [22:21] 1'0 $memory\imem.instructions$rdmux[0][2][0]$b$3609 [19:18] $memory\imem.instructions$rdmux[0][2][0]$b$3609 [15] 1'0 $memory\imem.instructions$rdmux[0][2][0]$b$3609 [13:5] $memory\imem.instructions$rdmux[0][2][0]$b$3609 [3] }, Y={ $memory\imem.instructions$rdmux[0][1][0]$a$3602 [28] $memory\imem.instructions$rdmux[0][1][0]$a$3602 [22:18] $memory\imem.instructions$rdmux[0][1][0]$a$3602 [15:5] $memory\imem.instructions$rdmux[0][1][0]$a$3602 [3] }
      New connections: { $memory\imem.instructions$rdmux[0][1][0]$a$3602 [29] $memory\imem.instructions$rdmux[0][1][0]$a$3602 [27:23] $memory\imem.instructions$rdmux[0][1][0]$a$3602 [17:16] $memory\imem.instructions$rdmux[0][1][0]$a$3602 [4] $memory\imem.instructions$rdmux[0][1][0]$a$3602 [2:0] } = { $memory\imem.instructions$rdmux[0][1][0]$a$3602 [22] $memory\imem.instructions$rdmux[0][1][0]$a$3602 [22] $memory\imem.instructions$rdmux[0][1][0]$a$3602 [22] $memory\imem.instructions$rdmux[0][1][0]$a$3602 [22] $memory\imem.instructions$rdmux[0][1][0]$a$3602 [22] $memory\imem.instructions$rdmux[0][1][0]$a$3602 [22] 1'0 $memory\imem.instructions$rdmux[0][1][0]$a$3602 [15] 4'0100 }
  Optimizing cells in module \datapath_pipelined.
    Consolidated identical input bits for $mux cell $memory\imem.instructions$rdmux[0][1][1]$3604:
      Old ports: A=$memory\imem.instructions$rdmux[0][1][1]$a$3605, B=30'x, Y=$memory\imem.instructions$rdmux[0][0][0]$b$3600
      New ports: A={ $memory\imem.instructions$rdmux[0][1][1]$a$3605 [27] $memory\imem.instructions$rdmux[0][1][1]$a$3605 [24] $memory\imem.instructions$rdmux[0][1][1]$a$3605 [20] $memory\imem.instructions$rdmux[0][1][1]$a$3605 [18] $memory\imem.instructions$rdmux[0][1][1]$a$3605 [6:5] $memory\imem.instructions$rdmux[0][1][1]$a$3605 [2:0] }, B=9'x, Y={ $memory\imem.instructions$rdmux[0][0][0]$b$3600 [27] $memory\imem.instructions$rdmux[0][0][0]$b$3600 [24] $memory\imem.instructions$rdmux[0][0][0]$b$3600 [20] $memory\imem.instructions$rdmux[0][0][0]$b$3600 [18] $memory\imem.instructions$rdmux[0][0][0]$b$3600 [6:5] $memory\imem.instructions$rdmux[0][0][0]$b$3600 [2:0] }
      New connections: { $memory\imem.instructions$rdmux[0][0][0]$b$3600 [29:28] $memory\imem.instructions$rdmux[0][0][0]$b$3600 [26:25] $memory\imem.instructions$rdmux[0][0][0]$b$3600 [23:21] $memory\imem.instructions$rdmux[0][0][0]$b$3600 [19] $memory\imem.instructions$rdmux[0][0][0]$b$3600 [17:7] $memory\imem.instructions$rdmux[0][0][0]$b$3600 [4:3] } = { $memory\imem.instructions$rdmux[0][0][0]$b$3600 [1] $memory\imem.instructions$rdmux[0][0][0]$b$3600 [1] $memory\imem.instructions$rdmux[0][0][0]$b$3600 [2] $memory\imem.instructions$rdmux[0][0][0]$b$3600 [20] $memory\imem.instructions$rdmux[0][0][0]$b$3600 [5] $memory\imem.instructions$rdmux[0][0][0]$b$3600 [5] $memory\imem.instructions$rdmux[0][0][0]$b$3600 [6] $memory\imem.instructions$rdmux[0][0][0]$b$3600 [1] $memory\imem.instructions$rdmux[0][0][0]$b$3600 [2] $memory\imem.instructions$rdmux[0][0][0]$b$3600 [2] $memory\imem.instructions$rdmux[0][0][0]$b$3600 [2] $memory\imem.instructions$rdmux[0][0][0]$b$3600 [2] $memory\imem.instructions$rdmux[0][0][0]$b$3600 [5] $memory\imem.instructions$rdmux[0][0][0]$b$3600 [1] $memory\imem.instructions$rdmux[0][0][0]$b$3600 [1] $memory\imem.instructions$rdmux[0][0][0]$b$3600 [1] $memory\imem.instructions$rdmux[0][0][0]$b$3600 [6] $memory\imem.instructions$rdmux[0][0][0]$b$3600 [6] $memory\imem.instructions$rdmux[0][0][0]$b$3600 [2] $memory\imem.instructions$rdmux[0][0][0]$b$3600 [0] $memory\imem.instructions$rdmux[0][0][0]$b$3600 [0] }
  Optimizing cells in module \datapath_pipelined.
Performed a total of 41 changes.

4.34.5. Executing OPT_MERGE pass (detect identical cells).
Finding identical cells in module `\datapath_pipelined'.
Computing hashes of 1127 cells of `\datapath_pipelined'.
Finding duplicate cells in `\datapath_pipelined'.
Computing hashes of 1111 cells of `\datapath_pipelined'.
Finding duplicate cells in `\datapath_pipelined'.
<suppressed ~48 debug messages>
Removed a total of 16 cells.

4.34.6. Executing OPT_SHARE pass.

4.34.7. Executing OPT_DFF pass (perform DFF optimizations).
Adding SRST signal on $\dmem.datas$rdreg[0] ($dff) from module datapath_pipelined (D = \ex_mem.alu_result_in [7:2], Q = $\dmem.datas$rdreg[0]$q, rval = 6'000000).

4.34.8. Executing OPT_CLEAN pass (remove unused cells and wires).
Finding unused cells or wires in module \datapath_pipelined..
Removed 128 unused cells and 921 unused wires.
<suppressed ~129 debug messages>

4.34.9. Executing OPT_EXPR pass (perform const folding).
Optimizing module datapath_pipelined.
<suppressed ~6 debug messages>

4.34.10. Rerunning OPT passes. (Maybe there is more to do..)

4.34.11. Executing OPT_MUXTREE pass (detect dead branches in mux trees).
Running muxtree optimizer on module \datapath_pipelined..
  Creating internal representation of mux trees.
  Evaluating internal representation of mux trees.
  Analyzing evaluation results.
Removed 0 multiplexer ports.
<suppressed ~491 debug messages>

4.34.12. Executing OPT_REDUCE pass (consolidate $*mux and $reduce_* inputs).
  Optimizing cells in module \datapath_pipelined.
    Consolidated identical input bits for $mux cell $memory\imem.instructions$rdmux[0][4][7]$3664:
      Old ports: A={ 2'00 $memory\imem.instructions$rdmux[0][4][0]$a$3644 [5] 1'1 $memory\imem.instructions$rdmux[0][4][0]$a$3644 [6:5] $memory\imem.instructions$rdmux[0][4][0]$a$3644 [5] 3'101 }, B={ 1'1 $memory\imem.instructions$rdmux[0][4][0]$a$3644 [6] 3'001 $memory\imem.instructions$rdmux[0][4][0]$a$3644 [6:5] $memory\imem.instructions$rdmux[0][4][0]$a$3644 [6:5] $memory\imem.instructions$rdmux[0][4][0]$a$3644 [5] }, Y={ $memory\imem.instructions$rdmux[0][3][3]$b$3630 [21] $memory\imem.instructions$rdmux[0][3][3]$b$3630 [14] $memory\imem.instructions$rdmux[0][3][3]$b$3630 [12] $memory\imem.instructions$rdmux[0][3][3]$b$3630 [10] $memory\imem.instructions$rdmux[0][3][3]$b$3630 [8] $memory\imem.instructions$rdmux[0][3][3]$b$3630 [6] $memory\imem.instructions$rdmux[0][3][3]$b$3630 [3:0] }
      New ports: A={ 2'00 $memory\imem.instructions$rdmux[0][4][0]$a$3644 [5] 1'1 $memory\imem.instructions$rdmux[0][4][0]$a$3644 [6:5] 3'101 }, B={ 1'1 $memory\imem.instructions$rdmux[0][4][0]$a$3644 [6] 3'001 $memory\imem.instructions$rdmux[0][4][0]$a$3644 [6] $memory\imem.instructions$rdmux[0][4][0]$a$3644 [6:5] $memory\imem.instructions$rdmux[0][4][0]$a$3644 [5] }, Y={ $memory\imem.instructions$rdmux[0][3][3]$b$3630 [21] $memory\imem.instructions$rdmux[0][3][3]$b$3630 [14] $memory\imem.instructions$rdmux[0][3][3]$b$3630 [12] $memory\imem.instructions$rdmux[0][3][3]$b$3630 [10] $memory\imem.instructions$rdmux[0][3][3]$b$3630 [8] $memory\imem.instructions$rdmux[0][3][3]$b$3630 [6] $memory\imem.instructions$rdmux[0][3][3]$b$3630 [2:0] }
      New connections: $memory\imem.instructions$rdmux[0][3][3]$b$3630 [3] = $memory\imem.instructions$rdmux[0][4][0]$a$3644 [5]
    Consolidated identical input bits for $mux cell $memory\imem.instructions$rdmux[0][4][4]$3655:
      Old ports: A={ 1'1 $memory\imem.instructions$rdmux[0][4][0]$a$3644 [5] $memory\imem.instructions$rdmux[0][4][0]$a$3644 [5] $memory\imem.instructions$rdmux[0][4][0]$a$3644 [6] 2'00 $memory\imem.instructions$rdmux[0][4][0]$a$3644 [6:5] }, B={ $memory\imem.instructions$rdmux[0][4][0]$a$3644 [6] 1'1 $memory\imem.instructions$rdmux[0][4][0]$a$3644 [6] 2'01 $memory\imem.instructions$rdmux[0][4][0]$a$3644 [6:5] $memory\imem.instructions$rdmux[0][4][0]$a$3644 [5] }, Y={ $memory\imem.instructions$rdmux[0][3][2]$a$3626 [18] $memory\imem.instructions$rdmux[0][3][2]$a$3626 [13:10] $memory\imem.instructions$rdmux[0][3][2]$a$3626 [7:5] }
      New ports: A={ 1'1 $memory\imem.instructions$rdmux[0][4][0]$a$3644 [5] $memory\imem.instructions$rdmux[0][4][0]$a$3644 [5] $memory\imem.instructions$rdmux[0][4][0]$a$3644 [6] 2'00 $memory\imem.instructions$rdmux[0][4][0]$a$3644 [6] }, B={ $memory\imem.instructions$rdmux[0][4][0]$a$3644 [6] 1'1 $memory\imem.instructions$rdmux[0][4][0]$a$3644 [6] 2'01 $memory\imem.instructions$rdmux[0][4][0]$a$3644 [6:5] }, Y={ $memory\imem.instructions$rdmux[0][3][2]$a$3626 [18] $memory\imem.instructions$rdmux[0][3][2]$a$3626 [13:10] $memory\imem.instructions$rdmux[0][3][2]$a$3626 [7:6] }
      New connections: $memory\imem.instructions$rdmux[0][3][2]$a$3626 [5] = $memory\imem.instructions$rdmux[0][4][0]$a$3644 [5]
    Consolidated identical input bits for $mux cell $memory\imem.instructions$rdmux[0][4][2]$3649:
      Old ports: A={ $memory\imem.instructions$rdmux[0][4][0]$a$3644 [5] 2'00 $memory\imem.instructions$rdmux[0][4][0]$a$3644 [6:5] $memory\imem.instructions$rdmux[0][4][0]$a$3644 [5] }, B={ 2'01 $memory\imem.instructions$rdmux[0][4][0]$a$3644 [6:5] $memory\imem.instructions$rdmux[0][4][0]$a$3644 [5] 1'1 }, Y={ $memory\imem.instructions$rdmux[0][3][1]$a$3623 [11:10] $memory\imem.instructions$rdmux[0][3][1]$a$3623 [7:5] $memory\imem.instructions$rdmux[0][3][1]$a$3623 [3] }
      New ports: A={ $memory\imem.instructions$rdmux[0][4][0]$a$3644 [5] 2'00 $memory\imem.instructions$rdmux[0][4][0]$a$3644 [6:5] }, B={ 2'01 $memory\imem.instructions$rdmux[0][4][0]$a$3644 [6:5] 1'1 }, Y={ $memory\imem.instructions$rdmux[0][3][1]$a$3623 [11:10] $memory\imem.instructions$rdmux[0][3][1]$a$3623 [7:6] $memory\imem.instructions$rdmux[0][3][1]$a$3623 [3] }
      New connections: $memory\imem.instructions$rdmux[0][3][1]$a$3623 [5] = $memory\imem.instructions$rdmux[0][4][0]$a$3644 [5]
    Consolidated identical input bits for $mux cell $memory\imem.instructions$rdmux[0][4][1]$3646:
      Old ports: A={ 1'1 $memory\imem.instructions$rdmux[0][4][0]$a$3644 [5] 2'01 $memory\imem.instructions$rdmux[0][4][0]$a$3644 [6:5] }, B={ $memory\imem.instructions$rdmux[0][4][0]$a$3644 [6] 1'0 $memory\imem.instructions$rdmux[0][4][0]$a$3644 [6:5] $memory\imem.instructions$rdmux[0][4][0]$a$3644 [5] $memory\imem.instructions$rdmux[0][4][0]$a$3644 [5] }, Y={ $memory\imem.instructions$rdmux[0][3][0]$b$3621 [11:10] $memory\imem.instructions$rdmux[0][3][0]$b$3621 [8:5] }
      New ports: A={ 1'1 $memory\imem.instructions$rdmux[0][4][0]$a$3644 [5] 2'01 $memory\imem.instructions$rdmux[0][4][0]$a$3644 [6] }, B={ $memory\imem.instructions$rdmux[0][4][0]$a$3644 [6] 1'0 $memory\imem.instructions$rdmux[0][4][0]$a$3644 [6:5] $memory\imem.instructions$rdmux[0][4][0]$a$3644 [5] }, Y={ $memory\imem.instructions$rdmux[0][3][0]$b$3621 [11:10] $memory\imem.instructions$rdmux[0][3][0]$b$3621 [8:6] }
      New connections: $memory\imem.instructions$rdmux[0][3][0]$b$3621 [5] = $memory\imem.instructions$rdmux[0][4][0]$a$3644 [5]
    Consolidated identical input bits for $mux cell $memory\imem.instructions$rdmux[0][4][0]$3643:
      Old ports: A={ $memory\imem.instructions$rdmux[0][4][0]$a$3644 [5] $memory\imem.instructions$rdmux[0][4][0]$a$3644 [6] 2'10 $memory\imem.instructions$rdmux[0][4][0]$a$3644 [6:5] 1'0 }, B={ 3'010 $memory\imem.instructions$rdmux[0][4][0]$a$3644 [6:5] $memory\imem.instructions$rdmux[0][4][0]$a$3644 [5] 1'1 }, Y={ $memory\imem.instructions$rdmux[0][3][0]$a$3620 [20:18] $memory\imem.instructions$rdmux[0][3][0]$a$3620 [7:5] $memory\imem.instructions$rdmux[0][3][0]$a$3620 [3] }
      New ports: A={ $memory\imem.instructions$rdmux[0][4][0]$a$3644 [5] $memory\imem.instructions$rdmux[0][4][0]$a$3644 [6] 2'10 $memory\imem.instructions$rdmux[0][4][0]$a$3644 [6] 1'0 }, B={ 3'010 $memory\imem.instructions$rdmux[0][4][0]$a$3644 [6:5] 1'1 }, Y={ $memory\imem.instructions$rdmux[0][3][0]$a$3620 [20:18] $memory\imem.instructions$rdmux[0][3][0]$a$3620 [7:6] $memory\imem.instructions$rdmux[0][3][0]$a$3620 [3] }
      New connections: $memory\imem.instructions$rdmux[0][3][0]$a$3620 [5] = $memory\imem.instructions$rdmux[0][4][0]$a$3644 [5]
  Optimizing cells in module \datapath_pipelined.
    Consolidated identical input bits for $mux cell $memory\imem.instructions$rdmux[0][3][0]$3619:
      Old ports: A={ $memory\imem.instructions$rdmux[0][3][0]$a$3620 [7] $memory\imem.instructions$rdmux[0][3][0]$a$3620 [20:18] $memory\imem.instructions$rdmux[0][3][0]$a$3620 [3] 4'0000 $memory\imem.instructions$rdmux[0][3][0]$a$3620 [7:5] $memory\imem.instructions$rdmux[0][3][0]$a$3620 [3] }, B={ 2'00 $memory\imem.instructions$rdmux[0][3][0]$b$3621 [7] $memory\imem.instructions$rdmux[0][3][0]$b$3621 [8:7] $memory\imem.instructions$rdmux[0][3][0]$b$3621 [7] $memory\imem.instructions$rdmux[0][3][0]$b$3621 [11:10] $memory\imem.instructions$rdmux[0][3][0]$b$3621 [8:5] 1'1 }, Y={ $memory\imem.instructions$rdmux[0][2][0]$a$3608 [28] $memory\imem.instructions$rdmux[0][2][0]$a$3608 [20:18] $memory\imem.instructions$rdmux[0][2][0]$a$3608 [13:10] $memory\imem.instructions$rdmux[0][2][0]$a$3608 [8:5] $memory\imem.instructions$rdmux[0][2][0]$a$3608 [3] }
      New ports: A={ $memory\imem.instructions$rdmux[0][3][0]$a$3620 [7] $memory\imem.instructions$rdmux[0][3][0]$a$3620 [20:18] $memory\imem.instructions$rdmux[0][3][0]$a$3620 [3] 4'0000 $memory\imem.instructions$rdmux[0][3][0]$a$3620 [7:6] $memory\imem.instructions$rdmux[0][3][0]$a$3620 [3] }, B={ 2'00 $memory\imem.instructions$rdmux[0][3][0]$b$3621 [7] $memory\imem.instructions$rdmux[0][3][0]$b$3621 [8:7] $memory\imem.instructions$rdmux[0][3][0]$b$3621 [7] $memory\imem.instructions$rdmux[0][3][0]$b$3621 [11:10] $memory\imem.instructions$rdmux[0][3][0]$b$3621 [8:6] 1'1 }, Y={ $memory\imem.instructions$rdmux[0][2][0]$a$3608 [28] $memory\imem.instructions$rdmux[0][2][0]$a$3608 [20:18] $memory\imem.instructions$rdmux[0][2][0]$a$3608 [13:10] $memory\imem.instructions$rdmux[0][2][0]$a$3608 [8:6] $memory\imem.instructions$rdmux[0][2][0]$a$3608 [3] }
      New connections: $memory\imem.instructions$rdmux[0][2][0]$a$3608 [5] = $memory\imem.instructions$rdmux[0][4][0]$a$3644 [5]
  Optimizing cells in module \datapath_pipelined.
Performed a total of 6 changes.

4.34.13. Executing OPT_MERGE pass (detect identical cells).
Finding identical cells in module `\datapath_pipelined'.
Computing hashes of 977 cells of `\datapath_pipelined'.
Finding duplicate cells in `\datapath_pipelined'.
Removed a total of 0 cells.

4.34.14. Executing OPT_SHARE pass.

4.34.15. Executing OPT_DFF pass (perform DFF optimizations).
Adding EN signal on $memory\regfile.registers[0]$2548 ($dff) from module datapath_pipelined (D = $memory\regfile.registers$wrmux[0][2][0]$y$3125, Q = \regfile.registers[0]).
Adding EN signal on $memory\regfile.registers[1]$2550 ($dff) from module datapath_pipelined (D = $memory\regfile.registers$wrmux[1][2][0]$y$3143, Q = \regfile.registers[1]).
Adding EN signal on $memory\regfile.registers[2]$2552 ($dff) from module datapath_pipelined (D = $memory\regfile.registers$wrmux[2][2][0]$y$3161, Q = \regfile.registers[2]).
Adding EN signal on $memory\regfile.registers[3]$2554 ($dff) from module datapath_pipelined (D = $memory\regfile.registers$wrmux[3][2][0]$y$3177, Q = \regfile.registers[3]).
Adding EN signal on $memory\regfile.registers[4]$2556 ($dff) from module datapath_pipelined (D = $memory\regfile.registers$wrmux[4][2][0]$y$3195, Q = \regfile.registers[4]).
Adding EN signal on $memory\regfile.registers[5]$2558 ($dff) from module datapath_pipelined (D = $memory\regfile.registers$wrmux[5][2][0]$y$3209, Q = \regfile.registers[5]).
Adding EN signal on $memory\regfile.registers[6]$2560 ($dff) from module datapath_pipelined (D = $memory\regfile.registers$wrmux[6][2][0]$y$3223, Q = \regfile.registers[6]).
Adding EN signal on $memory\regfile.registers[7]$2562 ($dff) from module datapath_pipelined (D = $memory\regfile.registers$wrmux[7][2][0]$y$3237, Q = \regfile.registers[7]).
Adding EN signal on $memory\regfile.registers[8]$2564 ($dff) from module datapath_pipelined (D = $memory\regfile.registers$wrmux[8][2][0]$y$3257, Q = \regfile.registers[8]).
Adding EN signal on $memory\regfile.registers[9]$2566 ($dff) from module datapath_pipelined (D = $memory\regfile.registers$wrmux[9][2][0]$y$3271, Q = \regfile.registers[9]).
Adding EN signal on $memory\regfile.registers[10]$2568 ($dff) from module datapath_pipelined (D = $memory\regfile.registers$wrmux[10][2][0]$y$3285, Q = \regfile.registers[10]).
Adding EN signal on $memory\regfile.registers[11]$2570 ($dff) from module datapath_pipelined (D = $memory\regfile.registers$wrmux[11][2][0]$y$3299, Q = \regfile.registers[11]).
Adding EN signal on $memory\regfile.registers[12]$2572 ($dff) from module datapath_pipelined (D = $memory\regfile.registers$wrmux[12][2][0]$y$3315, Q = \regfile.registers[12]).
Adding EN signal on $memory\regfile.registers[13]$2574 ($dff) from module datapath_pipelined (D = $memory\regfile.registers$wrmux[13][2][0]$y$3329, Q = \regfile.registers[13]).
Adding EN signal on $memory\regfile.registers[14]$2576 ($dff) from module datapath_pipelined (D = $memory\regfile.registers$wrmux[14][2][0]$y$3343, Q = \regfile.registers[14]).
Adding EN signal on $memory\regfile.registers[15]$2578 ($dff) from module datapath_pipelined (D = $memory\regfile.registers$wrmux[15][2][0]$y$3357, Q = \regfile.registers[15]).
Adding EN signal on $memory\regfile.registers[16]$2580 ($dff) from module datapath_pipelined (D = $memory\regfile.registers$wrmux[16][2][0]$y$3379, Q = \regfile.registers[16]).
Adding EN signal on $memory\regfile.registers[17]$2582 ($dff) from module datapath_pipelined (D = $memory\regfile.registers$wrmux[17][2][0]$y$3393, Q = \regfile.registers[17]).
Adding EN signal on $memory\regfile.registers[18]$2584 ($dff) from module datapath_pipelined (D = $memory\regfile.registers$wrmux[18][2][0]$y$3407, Q = \regfile.registers[18]).
Adding EN signal on $memory\regfile.registers[19]$2586 ($dff) from module datapath_pipelined (D = $memory\regfile.registers$wrmux[19][2][0]$y$3421, Q = \regfile.registers[19]).
Adding EN signal on $memory\regfile.registers[20]$2588 ($dff) from module datapath_pipelined (D = $memory\regfile.registers$wrmux[20][2][0]$y$3437, Q = \regfile.registers[20]).
Adding EN signal on $memory\regfile.registers[21]$2590 ($dff) from module datapath_pipelined (D = $memory\regfile.registers$wrmux[21][2][0]$y$3451, Q = \regfile.registers[21]).
Adding EN signal on $memory\regfile.registers[22]$2592 ($dff) from module datapath_pipelined (D = $memory\regfile.registers$wrmux[22][2][0]$y$3465, Q = \regfile.registers[22]).
Adding EN signal on $memory\regfile.registers[23]$2594 ($dff) from module datapath_pipelined (D = $memory\regfile.registers$wrmux[23][2][0]$y$3479, Q = \regfile.registers[23]).
Adding EN signal on $memory\regfile.registers[24]$2596 ($dff) from module datapath_pipelined (D = $memory\regfile.registers$wrmux[24][2][0]$y$3497, Q = \regfile.registers[24]).
Adding EN signal on $memory\regfile.registers[25]$2598 ($dff) from module datapath_pipelined (D = $memory\regfile.registers$wrmux[25][2][0]$y$3511, Q = \regfile.registers[25]).
Adding EN signal on $memory\regfile.registers[26]$2600 ($dff) from module datapath_pipelined (D = $memory\regfile.registers$wrmux[26][2][0]$y$3525, Q = \regfile.registers[26]).
Adding EN signal on $memory\regfile.registers[27]$2602 ($dff) from module datapath_pipelined (D = $memory\regfile.registers$wrmux[27][2][0]$y$3539, Q = \regfile.registers[27]).
Adding EN signal on $memory\regfile.registers[28]$2604 ($dff) from module datapath_pipelined (D = $memory\regfile.registers$wrmux[28][2][0]$y$3555, Q = \regfile.registers[28]).
Adding EN signal on $memory\regfile.registers[29]$2606 ($dff) from module datapath_pipelined (D = $memory\regfile.registers$wrmux[29][2][0]$y$3569, Q = \regfile.registers[29]).
Adding EN signal on $memory\regfile.registers[30]$2608 ($dff) from module datapath_pipelined (D = $memory\regfile.registers$wrmux[30][2][0]$y$3583, Q = \regfile.registers[30]).
Adding EN signal on $memory\regfile.registers[31]$2610 ($dff) from module datapath_pipelined (D = $memory\regfile.registers$wrmux[31][2][0]$y$3597, Q = \regfile.registers[31]).
Adding EN signal on $memory\dmem.datas[0]$3787 ($dff) from module datapath_pipelined (D = $memory\dmem.datas$wrmux[0][2][0]$y$4137, Q = \dmem.datas[0]).
Adding EN signal on $memory\dmem.datas[1]$3789 ($dff) from module datapath_pipelined (D = $memory\dmem.datas$wrmux[1][2][0]$y$4155, Q = \dmem.datas[1]).
Adding EN signal on $memory\dmem.datas[2]$3791 ($dff) from module datapath_pipelined (D = $memory\dmem.datas$wrmux[2][2][0]$y$4175, Q = \dmem.datas[2]).
Adding EN signal on $memory\dmem.datas[3]$3793 ($dff) from module datapath_pipelined (D = $memory\dmem.datas$wrmux[3][2][0]$y$4191, Q = \dmem.datas[3]).
Adding EN signal on $memory\dmem.datas[4]$3795 ($dff) from module datapath_pipelined (D = $memory\dmem.datas$wrmux[4][2][0]$y$4211, Q = \dmem.datas[4]).
Adding EN signal on $memory\dmem.datas[5]$3797 ($dff) from module datapath_pipelined (D = $memory\dmem.datas$wrmux[5][2][0]$y$4227, Q = \dmem.datas[5]).
Adding EN signal on $memory\dmem.datas[6]$3799 ($dff) from module datapath_pipelined (D = $memory\dmem.datas$wrmux[6][2][0]$y$4245, Q = \dmem.datas[6]).
Adding EN signal on $memory\dmem.datas[7]$3801 ($dff) from module datapath_pipelined (D = $memory\dmem.datas$wrmux[7][2][0]$y$4261, Q = \dmem.datas[7]).
Adding EN signal on $memory\dmem.datas[8]$3803 ($dff) from module datapath_pipelined (D = $memory\dmem.datas$wrmux[8][2][0]$y$4279, Q = \dmem.datas[8]).
Adding EN signal on $memory\dmem.datas[9]$3805 ($dff) from module datapath_pipelined (D = $memory\dmem.datas$wrmux[9][2][0]$y$4293, Q = \dmem.datas[9]).
Adding EN signal on $memory\dmem.datas[10]$3807 ($dff) from module datapath_pipelined (D = $memory\dmem.datas$wrmux[10][2][0]$y$4307, Q = \dmem.datas[10]).
Adding EN signal on $memory\dmem.datas[11]$3809 ($dff) from module datapath_pipelined (D = $memory\dmem.datas$wrmux[11][2][0]$y$4321, Q = \dmem.datas[11]).
Adding EN signal on $memory\dmem.datas[12]$3811 ($dff) from module datapath_pipelined (D = $memory\dmem.datas$wrmux[12][2][0]$y$4335, Q = \dmem.datas[12]).
Adding EN signal on $memory\dmem.datas[13]$3813 ($dff) from module datapath_pipelined (D = $memory\dmem.datas$wrmux[13][2][0]$y$4349, Q = \dmem.datas[13]).
Adding EN signal on $memory\dmem.datas[14]$3815 ($dff) from module datapath_pipelined (D = $memory\dmem.datas$wrmux[14][2][0]$y$4363, Q = \dmem.datas[14]).
Adding EN signal on $memory\dmem.datas[15]$3817 ($dff) from module datapath_pipelined (D = $memory\dmem.datas$wrmux[15][2][0]$y$4377, Q = \dmem.datas[15]).
Adding EN signal on $memory\dmem.datas[16]$3819 ($dff) from module datapath_pipelined (D = $memory\dmem.datas$wrmux[16][2][0]$y$4397, Q = \dmem.datas[16]).
Adding EN signal on $memory\dmem.datas[17]$3821 ($dff) from module datapath_pipelined (D = $memory\dmem.datas$wrmux[17][2][0]$y$4411, Q = \dmem.datas[17]).
Adding EN signal on $memory\dmem.datas[18]$3823 ($dff) from module datapath_pipelined (D = $memory\dmem.datas$wrmux[18][2][0]$y$4425, Q = \dmem.datas[18]).
Adding EN signal on $memory\dmem.datas[19]$3825 ($dff) from module datapath_pipelined (D = $memory\dmem.datas$wrmux[19][2][0]$y$4439, Q = \dmem.datas[19]).
Adding EN signal on $memory\dmem.datas[20]$3827 ($dff) from module datapath_pipelined (D = $memory\dmem.datas$wrmux[20][2][0]$y$4453, Q = \dmem.datas[20]).
Adding EN signal on $memory\dmem.datas[21]$3829 ($dff) from module datapath_pipelined (D = $memory\dmem.datas$wrmux[21][2][0]$y$4467, Q = \dmem.datas[21]).
Adding EN signal on $memory\dmem.datas[22]$3831 ($dff) from module datapath_pipelined (D = $memory\dmem.datas$wrmux[22][2][0]$y$4481, Q = \dmem.datas[22]).
Adding EN signal on $memory\dmem.datas[23]$3833 ($dff) from module datapath_pipelined (D = $memory\dmem.datas$wrmux[23][2][0]$y$4495, Q = \dmem.datas[23]).
Adding EN signal on $memory\dmem.datas[24]$3835 ($dff) from module datapath_pipelined (D = $memory\dmem.datas$wrmux[24][2][0]$y$4511, Q = \dmem.datas[24]).
Adding EN signal on $memory\dmem.datas[25]$3837 ($dff) from module datapath_pipelined (D = $memory\dmem.datas$wrmux[25][2][0]$y$4525, Q = \dmem.datas[25]).
Adding EN signal on $memory\dmem.datas[26]$3839 ($dff) from module datapath_pipelined (D = $memory\dmem.datas$wrmux[26][2][0]$y$4539, Q = \dmem.datas[26]).
Adding EN signal on $memory\dmem.datas[27]$3841 ($dff) from module datapath_pipelined (D = $memory\dmem.datas$wrmux[27][2][0]$y$4553, Q = \dmem.datas[27]).
Adding EN signal on $memory\dmem.datas[28]$3843 ($dff) from module datapath_pipelined (D = $memory\dmem.datas$wrmux[28][2][0]$y$4567, Q = \dmem.datas[28]).
Adding EN signal on $memory\dmem.datas[29]$3845 ($dff) from module datapath_pipelined (D = $memory\dmem.datas$wrmux[29][2][0]$y$4581, Q = \dmem.datas[29]).
Adding EN signal on $memory\dmem.datas[30]$3847 ($dff) from module datapath_pipelined (D = $memory\dmem.datas$wrmux[30][2][0]$y$4595, Q = \dmem.datas[30]).
Adding EN signal on $memory\dmem.datas[31]$3849 ($dff) from module datapath_pipelined (D = $memory\dmem.datas$wrmux[31][2][0]$y$4609, Q = \dmem.datas[31]).
Adding EN signal on $memory\dmem.datas[32]$3851 ($dff) from module datapath_pipelined (D = $memory\dmem.datas$wrmux[32][2][0]$y$4629, Q = \dmem.datas[32]).
Adding EN signal on $memory\dmem.datas[33]$3853 ($dff) from module datapath_pipelined (D = $memory\dmem.datas$wrmux[33][2][0]$y$4643, Q = \dmem.datas[33]).
Adding EN signal on $memory\dmem.datas[34]$3855 ($dff) from module datapath_pipelined (D = $memory\dmem.datas$wrmux[34][2][0]$y$4657, Q = \dmem.datas[34]).
Adding EN signal on $memory\dmem.datas[35]$3857 ($dff) from module datapath_pipelined (D = $memory\dmem.datas$wrmux[35][2][0]$y$4671, Q = \dmem.datas[35]).
Adding EN signal on $memory\dmem.datas[36]$3859 ($dff) from module datapath_pipelined (D = $memory\dmem.datas$wrmux[36][2][0]$y$4685, Q = \dmem.datas[36]).
Adding EN signal on $memory\dmem.datas[37]$3861 ($dff) from module datapath_pipelined (D = $memory\dmem.datas$wrmux[37][2][0]$y$4699, Q = \dmem.datas[37]).
Adding EN signal on $memory\dmem.datas[38]$3863 ($dff) from module datapath_pipelined (D = $memory\dmem.datas$wrmux[38][2][0]$y$4713, Q = \dmem.datas[38]).
Adding EN signal on $memory\dmem.datas[39]$3865 ($dff) from module datapath_pipelined (D = $memory\dmem.datas$wrmux[39][2][0]$y$4727, Q = \dmem.datas[39]).
Adding EN signal on $memory\dmem.datas[40]$3867 ($dff) from module datapath_pipelined (D = $memory\dmem.datas$wrmux[40][2][0]$y$4743, Q = \dmem.datas[40]).
Adding EN signal on $memory\dmem.datas[41]$3869 ($dff) from module datapath_pipelined (D = $memory\dmem.datas$wrmux[41][2][0]$y$4757, Q = \dmem.datas[41]).
Adding EN signal on $memory\dmem.datas[42]$3871 ($dff) from module datapath_pipelined (D = $memory\dmem.datas$wrmux[42][2][0]$y$4771, Q = \dmem.datas[42]).
Adding EN signal on $memory\dmem.datas[43]$3873 ($dff) from module datapath_pipelined (D = $memory\dmem.datas$wrmux[43][2][0]$y$4785, Q = \dmem.datas[43]).
Adding EN signal on $memory\dmem.datas[44]$3875 ($dff) from module datapath_pipelined (D = $memory\dmem.datas$wrmux[44][2][0]$y$4799, Q = \dmem.datas[44]).
Adding EN signal on $memory\dmem.datas[45]$3877 ($dff) from module datapath_pipelined (D = $memory\dmem.datas$wrmux[45][2][0]$y$4813, Q = \dmem.datas[45]).
Adding EN signal on $memory\dmem.datas[46]$3879 ($dff) from module datapath_pipelined (D = $memory\dmem.datas$wrmux[46][2][0]$y$4827, Q = \dmem.datas[46]).
Adding EN signal on $memory\dmem.datas[47]$3881 ($dff) from module datapath_pipelined (D = $memory\dmem.datas$wrmux[47][2][0]$y$4841, Q = \dmem.datas[47]).
Adding EN signal on $memory\dmem.datas[48]$3883 ($dff) from module datapath_pipelined (D = $memory\dmem.datas$wrmux[48][2][0]$y$4859, Q = \dmem.datas[48]).
Adding EN signal on $memory\dmem.datas[49]$3885 ($dff) from module datapath_pipelined (D = $memory\dmem.datas$wrmux[49][2][0]$y$4873, Q = \dmem.datas[49]).
Adding EN signal on $memory\dmem.datas[50]$3887 ($dff) from module datapath_pipelined (D = $memory\dmem.datas$wrmux[50][2][0]$y$4887, Q = \dmem.datas[50]).
Adding EN signal on $memory\dmem.datas[51]$3889 ($dff) from module datapath_pipelined (D = $memory\dmem.datas$wrmux[51][2][0]$y$4901, Q = \dmem.datas[51]).
Adding EN signal on $memory\dmem.datas[52]$3891 ($dff) from module datapath_pipelined (D = $memory\dmem.datas$wrmux[52][2][0]$y$4915, Q = \dmem.datas[52]).
Adding EN signal on $memory\dmem.datas[53]$3893 ($dff) from module datapath_pipelined (D = $memory\dmem.datas$wrmux[53][2][0]$y$4929, Q = \dmem.datas[53]).
Adding EN signal on $memory\dmem.datas[54]$3895 ($dff) from module datapath_pipelined (D = $memory\dmem.datas$wrmux[54][2][0]$y$4943, Q = \dmem.datas[54]).
Adding EN signal on $memory\dmem.datas[55]$3897 ($dff) from module datapath_pipelined (D = $memory\dmem.datas$wrmux[55][2][0]$y$4957, Q = \dmem.datas[55]).
Adding EN signal on $memory\dmem.datas[56]$3899 ($dff) from module datapath_pipelined (D = $memory\dmem.datas$wrmux[56][2][0]$y$4973, Q = \dmem.datas[56]).
Adding EN signal on $memory\dmem.datas[57]$3901 ($dff) from module datapath_pipelined (D = $memory\dmem.datas$wrmux[57][2][0]$y$4987, Q = \dmem.datas[57]).
Adding EN signal on $memory\dmem.datas[58]$3903 ($dff) from module datapath_pipelined (D = $memory\dmem.datas$wrmux[58][2][0]$y$5001, Q = \dmem.datas[58]).
Adding EN signal on $memory\dmem.datas[59]$3905 ($dff) from module datapath_pipelined (D = $memory\dmem.datas$wrmux[59][2][0]$y$5015, Q = \dmem.datas[59]).
Adding EN signal on $memory\dmem.datas[60]$3907 ($dff) from module datapath_pipelined (D = $memory\dmem.datas$wrmux[60][2][0]$y$5029, Q = \dmem.datas[60]).
Adding EN signal on $memory\dmem.datas[61]$3909 ($dff) from module datapath_pipelined (D = $memory\dmem.datas$wrmux[61][2][0]$y$5043, Q = \dmem.datas[61]).
Adding EN signal on $memory\dmem.datas[62]$3911 ($dff) from module datapath_pipelined (D = $memory\dmem.datas$wrmux[62][2][0]$y$5057, Q = \dmem.datas[62]).
Adding EN signal on $memory\dmem.datas[63]$3913 ($dff) from module datapath_pipelined (D = $memory\dmem.datas$wrmux[63][2][0]$y$5071, Q = \dmem.datas[63]).

4.34.16. Executing OPT_CLEAN pass (remove unused cells and wires).
Finding unused cells or wires in module \datapath_pipelined..
Removed 0 unused cells and 6 unused wires.
<suppressed ~1 debug messages>

4.34.17. Executing OPT_EXPR pass (perform const folding).
Optimizing module datapath_pipelined.
<suppressed ~192 debug messages>

4.34.18. Rerunning OPT passes. (Maybe there is more to do..)

4.34.19. Executing OPT_MUXTREE pass (detect dead branches in mux trees).
Running muxtree optimizer on module \datapath_pipelined..
  Creating internal representation of mux trees.
  Evaluating internal representation of mux trees.
  Analyzing evaluation results.
Removed 0 multiplexer ports.
<suppressed ~389 debug messages>

4.34.20. Executing OPT_REDUCE pass (consolidate $*mux and $reduce_* inputs).
  Optimizing cells in module \datapath_pipelined.
Performed a total of 0 changes.

4.34.21. Executing OPT_MERGE pass (detect identical cells).
Finding identical cells in module `\datapath_pipelined'.
Computing hashes of 977 cells of `\datapath_pipelined'.
Finding duplicate cells in `\datapath_pipelined'.
Removed a total of 0 cells.

4.34.22. Executing OPT_SHARE pass.

4.34.23. Executing OPT_DFF pass (perform DFF optimizations).
Adding SRST signal on $auto$ff.cc:337:slice$5073 ($dffe) from module datapath_pipelined (D = \fw_mux.wdata, Q = \regfile.registers[0], rval = 0).
Adding SRST signal on $auto$ff.cc:337:slice$5076 ($dffe) from module datapath_pipelined (D = \fw_mux.wdata, Q = \regfile.registers[1], rval = 0).
Adding SRST signal on $auto$ff.cc:337:slice$5079 ($dffe) from module datapath_pipelined (D = \fw_mux.wdata, Q = \regfile.registers[2], rval = 0).
Adding SRST signal on $auto$ff.cc:337:slice$5082 ($dffe) from module datapath_pipelined (D = \fw_mux.wdata, Q = \regfile.registers[3], rval = 0).
Adding SRST signal on $auto$ff.cc:337:slice$5085 ($dffe) from module datapath_pipelined (D = \fw_mux.wdata, Q = \regfile.registers[4], rval = 0).
Adding SRST signal on $auto$ff.cc:337:slice$5088 ($dffe) from module datapath_pipelined (D = \fw_mux.wdata, Q = \regfile.registers[5], rval = 0).
Adding SRST signal on $auto$ff.cc:337:slice$5091 ($dffe) from module datapath_pipelined (D = \fw_mux.wdata, Q = \regfile.registers[6], rval = 0).
Adding SRST signal on $auto$ff.cc:337:slice$5094 ($dffe) from module datapath_pipelined (D = \fw_mux.wdata, Q = \regfile.registers[7], rval = 0).
Adding SRST signal on $auto$ff.cc:337:slice$5097 ($dffe) from module datapath_pipelined (D = \fw_mux.wdata, Q = \regfile.registers[8], rval = 0).
Adding SRST signal on $auto$ff.cc:337:slice$5100 ($dffe) from module datapath_pipelined (D = \fw_mux.wdata, Q = \regfile.registers[9], rval = 0).
Adding SRST signal on $auto$ff.cc:337:slice$5103 ($dffe) from module datapath_pipelined (D = \fw_mux.wdata, Q = \regfile.registers[10], rval = 0).
Adding SRST signal on $auto$ff.cc:337:slice$5106 ($dffe) from module datapath_pipelined (D = \fw_mux.wdata, Q = \regfile.registers[11], rval = 0).
Adding SRST signal on $auto$ff.cc:337:slice$5109 ($dffe) from module datapath_pipelined (D = \fw_mux.wdata, Q = \regfile.registers[12], rval = 0).
Adding SRST signal on $auto$ff.cc:337:slice$5112 ($dffe) from module datapath_pipelined (D = \fw_mux.wdata, Q = \regfile.registers[13], rval = 0).
Adding SRST signal on $auto$ff.cc:337:slice$5115 ($dffe) from module datapath_pipelined (D = \fw_mux.wdata, Q = \regfile.registers[14], rval = 0).
Adding SRST signal on $auto$ff.cc:337:slice$5118 ($dffe) from module datapath_pipelined (D = \fw_mux.wdata, Q = \regfile.registers[15], rval = 0).
Adding SRST signal on $auto$ff.cc:337:slice$5121 ($dffe) from module datapath_pipelined (D = \fw_mux.wdata, Q = \regfile.registers[16], rval = 0).
Adding SRST signal on $auto$ff.cc:337:slice$5124 ($dffe) from module datapath_pipelined (D = \fw_mux.wdata, Q = \regfile.registers[17], rval = 0).
Adding SRST signal on $auto$ff.cc:337:slice$5127 ($dffe) from module datapath_pipelined (D = \fw_mux.wdata, Q = \regfile.registers[18], rval = 0).
Adding SRST signal on $auto$ff.cc:337:slice$5130 ($dffe) from module datapath_pipelined (D = \fw_mux.wdata, Q = \regfile.registers[19], rval = 0).
Adding SRST signal on $auto$ff.cc:337:slice$5133 ($dffe) from module datapath_pipelined (D = \fw_mux.wdata, Q = \regfile.registers[20], rval = 0).
Adding SRST signal on $auto$ff.cc:337:slice$5136 ($dffe) from module datapath_pipelined (D = \fw_mux.wdata, Q = \regfile.registers[21], rval = 0).
Adding SRST signal on $auto$ff.cc:337:slice$5139 ($dffe) from module datapath_pipelined (D = \fw_mux.wdata, Q = \regfile.registers[22], rval = 0).
Adding SRST signal on $auto$ff.cc:337:slice$5142 ($dffe) from module datapath_pipelined (D = \fw_mux.wdata, Q = \regfile.registers[23], rval = 0).
Adding SRST signal on $auto$ff.cc:337:slice$5145 ($dffe) from module datapath_pipelined (D = \fw_mux.wdata, Q = \regfile.registers[24], rval = 0).
Adding SRST signal on $auto$ff.cc:337:slice$5148 ($dffe) from module datapath_pipelined (D = \fw_mux.wdata, Q = \regfile.registers[25], rval = 0).
Adding SRST signal on $auto$ff.cc:337:slice$5151 ($dffe) from module datapath_pipelined (D = \fw_mux.wdata, Q = \regfile.registers[26], rval = 0).
Adding SRST signal on $auto$ff.cc:337:slice$5154 ($dffe) from module datapath_pipelined (D = \fw_mux.wdata, Q = \regfile.registers[27], rval = 0).
Adding SRST signal on $auto$ff.cc:337:slice$5157 ($dffe) from module datapath_pipelined (D = \fw_mux.wdata, Q = \regfile.registers[28], rval = 0).
Adding SRST signal on $auto$ff.cc:337:slice$5160 ($dffe) from module datapath_pipelined (D = \fw_mux.wdata, Q = \regfile.registers[29], rval = 0).
Adding SRST signal on $auto$ff.cc:337:slice$5163 ($dffe) from module datapath_pipelined (D = \fw_mux.wdata, Q = \regfile.registers[30], rval = 0).
Adding SRST signal on $auto$ff.cc:337:slice$5166 ($dffe) from module datapath_pipelined (D = \fw_mux.wdata, Q = \regfile.registers[31], rval = 0).
Adding SRST signal on $auto$ff.cc:337:slice$5169 ($dffe) from module datapath_pipelined (D = \ex_mem.rdata2_out, Q = \dmem.datas[0], rval = 0).
Adding SRST signal on $auto$ff.cc:337:slice$5172 ($dffe) from module datapath_pipelined (D = \ex_mem.rdata2_out, Q = \dmem.datas[1], rval = 0).
Adding SRST signal on $auto$ff.cc:337:slice$5175 ($dffe) from module datapath_pipelined (D = \ex_mem.rdata2_out, Q = \dmem.datas[2], rval = 0).
Adding SRST signal on $auto$ff.cc:337:slice$5178 ($dffe) from module datapath_pipelined (D = \ex_mem.rdata2_out, Q = \dmem.datas[3], rval = 0).
Adding SRST signal on $auto$ff.cc:337:slice$5181 ($dffe) from module datapath_pipelined (D = \ex_mem.rdata2_out, Q = \dmem.datas[4], rval = 0).
Adding SRST signal on $auto$ff.cc:337:slice$5184 ($dffe) from module datapath_pipelined (D = \ex_mem.rdata2_out, Q = \dmem.datas[5], rval = 0).
Adding SRST signal on $auto$ff.cc:337:slice$5187 ($dffe) from module datapath_pipelined (D = \ex_mem.rdata2_out, Q = \dmem.datas[6], rval = 0).
Adding SRST signal on $auto$ff.cc:337:slice$5190 ($dffe) from module datapath_pipelined (D = \ex_mem.rdata2_out, Q = \dmem.datas[7], rval = 0).
Adding SRST signal on $auto$ff.cc:337:slice$5193 ($dffe) from module datapath_pipelined (D = \ex_mem.rdata2_out, Q = \dmem.datas[8], rval = 0).
Adding SRST signal on $auto$ff.cc:337:slice$5196 ($dffe) from module datapath_pipelined (D = \ex_mem.rdata2_out, Q = \dmem.datas[9], rval = 0).
Adding SRST signal on $auto$ff.cc:337:slice$5199 ($dffe) from module datapath_pipelined (D = \ex_mem.rdata2_out, Q = \dmem.datas[10], rval = 0).
Adding SRST signal on $auto$ff.cc:337:slice$5202 ($dffe) from module datapath_pipelined (D = \ex_mem.rdata2_out, Q = \dmem.datas[11], rval = 0).
Adding SRST signal on $auto$ff.cc:337:slice$5205 ($dffe) from module datapath_pipelined (D = \ex_mem.rdata2_out, Q = \dmem.datas[12], rval = 0).
Adding SRST signal on $auto$ff.cc:337:slice$5208 ($dffe) from module datapath_pipelined (D = \ex_mem.rdata2_out, Q = \dmem.datas[13], rval = 0).
Adding SRST signal on $auto$ff.cc:337:slice$5211 ($dffe) from module datapath_pipelined (D = \ex_mem.rdata2_out, Q = \dmem.datas[14], rval = 0).
Adding SRST signal on $auto$ff.cc:337:slice$5214 ($dffe) from module datapath_pipelined (D = \ex_mem.rdata2_out, Q = \dmem.datas[15], rval = 0).
Adding SRST signal on $auto$ff.cc:337:slice$5217 ($dffe) from module datapath_pipelined (D = \ex_mem.rdata2_out, Q = \dmem.datas[16], rval = 0).
Adding SRST signal on $auto$ff.cc:337:slice$5220 ($dffe) from module datapath_pipelined (D = \ex_mem.rdata2_out, Q = \dmem.datas[17], rval = 0).
Adding SRST signal on $auto$ff.cc:337:slice$5223 ($dffe) from module datapath_pipelined (D = \ex_mem.rdata2_out, Q = \dmem.datas[18], rval = 0).
Adding SRST signal on $auto$ff.cc:337:slice$5226 ($dffe) from module datapath_pipelined (D = \ex_mem.rdata2_out, Q = \dmem.datas[19], rval = 0).
Adding SRST signal on $auto$ff.cc:337:slice$5229 ($dffe) from module datapath_pipelined (D = \ex_mem.rdata2_out, Q = \dmem.datas[20], rval = 0).
Adding SRST signal on $auto$ff.cc:337:slice$5232 ($dffe) from module datapath_pipelined (D = \ex_mem.rdata2_out, Q = \dmem.datas[21], rval = 0).
Adding SRST signal on $auto$ff.cc:337:slice$5235 ($dffe) from module datapath_pipelined (D = \ex_mem.rdata2_out, Q = \dmem.datas[22], rval = 0).
Adding SRST signal on $auto$ff.cc:337:slice$5238 ($dffe) from module datapath_pipelined (D = \ex_mem.rdata2_out, Q = \dmem.datas[23], rval = 0).
Adding SRST signal on $auto$ff.cc:337:slice$5241 ($dffe) from module datapath_pipelined (D = \ex_mem.rdata2_out, Q = \dmem.datas[24], rval = 0).
Adding SRST signal on $auto$ff.cc:337:slice$5244 ($dffe) from module datapath_pipelined (D = \ex_mem.rdata2_out, Q = \dmem.datas[25], rval = 0).
Adding SRST signal on $auto$ff.cc:337:slice$5247 ($dffe) from module datapath_pipelined (D = \ex_mem.rdata2_out, Q = \dmem.datas[26], rval = 0).
Adding SRST signal on $auto$ff.cc:337:slice$5250 ($dffe) from module datapath_pipelined (D = \ex_mem.rdata2_out, Q = \dmem.datas[27], rval = 0).
Adding SRST signal on $auto$ff.cc:337:slice$5253 ($dffe) from module datapath_pipelined (D = \ex_mem.rdata2_out, Q = \dmem.datas[28], rval = 0).
Adding SRST signal on $auto$ff.cc:337:slice$5256 ($dffe) from module datapath_pipelined (D = \ex_mem.rdata2_out, Q = \dmem.datas[29], rval = 0).
Adding SRST signal on $auto$ff.cc:337:slice$5259 ($dffe) from module datapath_pipelined (D = \ex_mem.rdata2_out, Q = \dmem.datas[30], rval = 0).
Adding SRST signal on $auto$ff.cc:337:slice$5262 ($dffe) from module datapath_pipelined (D = \ex_mem.rdata2_out, Q = \dmem.datas[31], rval = 0).
Adding SRST signal on $auto$ff.cc:337:slice$5265 ($dffe) from module datapath_pipelined (D = \ex_mem.rdata2_out, Q = \dmem.datas[32], rval = 0).
Adding SRST signal on $auto$ff.cc:337:slice$5268 ($dffe) from module datapath_pipelined (D = \ex_mem.rdata2_out, Q = \dmem.datas[33], rval = 0).
Adding SRST signal on $auto$ff.cc:337:slice$5271 ($dffe) from module datapath_pipelined (D = \ex_mem.rdata2_out, Q = \dmem.datas[34], rval = 0).
Adding SRST signal on $auto$ff.cc:337:slice$5274 ($dffe) from module datapath_pipelined (D = \ex_mem.rdata2_out, Q = \dmem.datas[35], rval = 0).
Adding SRST signal on $auto$ff.cc:337:slice$5277 ($dffe) from module datapath_pipelined (D = \ex_mem.rdata2_out, Q = \dmem.datas[36], rval = 0).
Adding SRST signal on $auto$ff.cc:337:slice$5280 ($dffe) from module datapath_pipelined (D = \ex_mem.rdata2_out, Q = \dmem.datas[37], rval = 0).
Adding SRST signal on $auto$ff.cc:337:slice$5283 ($dffe) from module datapath_pipelined (D = \ex_mem.rdata2_out, Q = \dmem.datas[38], rval = 0).
Adding SRST signal on $auto$ff.cc:337:slice$5286 ($dffe) from module datapath_pipelined (D = \ex_mem.rdata2_out, Q = \dmem.datas[39], rval = 0).
Adding SRST signal on $auto$ff.cc:337:slice$5289 ($dffe) from module datapath_pipelined (D = \ex_mem.rdata2_out, Q = \dmem.datas[40], rval = 0).
Adding SRST signal on $auto$ff.cc:337:slice$5292 ($dffe) from module datapath_pipelined (D = \ex_mem.rdata2_out, Q = \dmem.datas[41], rval = 0).
Adding SRST signal on $auto$ff.cc:337:slice$5295 ($dffe) from module datapath_pipelined (D = \ex_mem.rdata2_out, Q = \dmem.datas[42], rval = 0).
Adding SRST signal on $auto$ff.cc:337:slice$5298 ($dffe) from module datapath_pipelined (D = \ex_mem.rdata2_out, Q = \dmem.datas[43], rval = 0).
Adding SRST signal on $auto$ff.cc:337:slice$5301 ($dffe) from module datapath_pipelined (D = \ex_mem.rdata2_out, Q = \dmem.datas[44], rval = 0).
Adding SRST signal on $auto$ff.cc:337:slice$5304 ($dffe) from module datapath_pipelined (D = \ex_mem.rdata2_out, Q = \dmem.datas[45], rval = 0).
Adding SRST signal on $auto$ff.cc:337:slice$5307 ($dffe) from module datapath_pipelined (D = \ex_mem.rdata2_out, Q = \dmem.datas[46], rval = 0).
Adding SRST signal on $auto$ff.cc:337:slice$5310 ($dffe) from module datapath_pipelined (D = \ex_mem.rdata2_out, Q = \dmem.datas[47], rval = 0).
Adding SRST signal on $auto$ff.cc:337:slice$5313 ($dffe) from module datapath_pipelined (D = \ex_mem.rdata2_out, Q = \dmem.datas[48], rval = 0).
Adding SRST signal on $auto$ff.cc:337:slice$5316 ($dffe) from module datapath_pipelined (D = \ex_mem.rdata2_out, Q = \dmem.datas[49], rval = 0).
Adding SRST signal on $auto$ff.cc:337:slice$5319 ($dffe) from module datapath_pipelined (D = \ex_mem.rdata2_out, Q = \dmem.datas[50], rval = 0).
Adding SRST signal on $auto$ff.cc:337:slice$5322 ($dffe) from module datapath_pipelined (D = \ex_mem.rdata2_out, Q = \dmem.datas[51], rval = 0).
Adding SRST signal on $auto$ff.cc:337:slice$5325 ($dffe) from module datapath_pipelined (D = \ex_mem.rdata2_out, Q = \dmem.datas[52], rval = 0).
Adding SRST signal on $auto$ff.cc:337:slice$5328 ($dffe) from module datapath_pipelined (D = \ex_mem.rdata2_out, Q = \dmem.datas[53], rval = 0).
Adding SRST signal on $auto$ff.cc:337:slice$5331 ($dffe) from module datapath_pipelined (D = \ex_mem.rdata2_out, Q = \dmem.datas[54], rval = 0).
Adding SRST signal on $auto$ff.cc:337:slice$5334 ($dffe) from module datapath_pipelined (D = \ex_mem.rdata2_out, Q = \dmem.datas[55], rval = 0).
Adding SRST signal on $auto$ff.cc:337:slice$5337 ($dffe) from module datapath_pipelined (D = \ex_mem.rdata2_out, Q = \dmem.datas[56], rval = 0).
Adding SRST signal on $auto$ff.cc:337:slice$5340 ($dffe) from module datapath_pipelined (D = \ex_mem.rdata2_out, Q = \dmem.datas[57], rval = 0).
Adding SRST signal on $auto$ff.cc:337:slice$5343 ($dffe) from module datapath_pipelined (D = \ex_mem.rdata2_out, Q = \dmem.datas[58], rval = 0).
Adding SRST signal on $auto$ff.cc:337:slice$5346 ($dffe) from module datapath_pipelined (D = \ex_mem.rdata2_out, Q = \dmem.datas[59], rval = 0).
Adding SRST signal on $auto$ff.cc:337:slice$5349 ($dffe) from module datapath_pipelined (D = \ex_mem.rdata2_out, Q = \dmem.datas[60], rval = 0).
Adding SRST signal on $auto$ff.cc:337:slice$5352 ($dffe) from module datapath_pipelined (D = \ex_mem.rdata2_out, Q = \dmem.datas[61], rval = 0).
Adding SRST signal on $auto$ff.cc:337:slice$5355 ($dffe) from module datapath_pipelined (D = \ex_mem.rdata2_out, Q = \dmem.datas[62], rval = 0).
Adding SRST signal on $auto$ff.cc:337:slice$5358 ($dffe) from module datapath_pipelined (D = \ex_mem.rdata2_out, Q = \dmem.datas[63], rval = 0).

4.34.24. Executing OPT_CLEAN pass (remove unused cells and wires).
Finding unused cells or wires in module \datapath_pipelined..
Removed 96 unused cells and 192 unused wires.
<suppressed ~97 debug messages>

4.34.25. Executing OPT_EXPR pass (perform const folding).
Optimizing module datapath_pipelined.

4.34.26. Rerunning OPT passes. (Maybe there is more to do..)

4.34.27. Executing OPT_MUXTREE pass (detect dead branches in mux trees).
Running muxtree optimizer on module \datapath_pipelined..
  Creating internal representation of mux trees.
  Evaluating internal representation of mux trees.
  Analyzing evaluation results.
Removed 0 multiplexer ports.
<suppressed ~197 debug messages>

4.34.28. Executing OPT_REDUCE pass (consolidate $*mux and $reduce_* inputs).
  Optimizing cells in module \datapath_pipelined.
Performed a total of 0 changes.

4.34.29. Executing OPT_MERGE pass (detect identical cells).
Finding identical cells in module `\datapath_pipelined'.
Computing hashes of 881 cells of `\datapath_pipelined'.
Finding duplicate cells in `\datapath_pipelined'.
Removed a total of 0 cells.

4.34.30. Executing OPT_SHARE pass.

4.34.31. Executing OPT_DFF pass (perform DFF optimizations).

4.34.32. Executing OPT_CLEAN pass (remove unused cells and wires).
Finding unused cells or wires in module \datapath_pipelined..

4.34.33. Executing OPT_EXPR pass (perform const folding).
Optimizing module datapath_pipelined.

4.34.34. Finished fast OPT passes. (There is nothing left to do.)

4.35. Executing XILINX_SRL pass (Xilinx shift register extraction).

4.36. Executing TECHMAP pass (map to technology primitives).

4.36.1. Executing Verilog-2005 frontend: /home/shady_wsl/tools/oss-cad-suite/lib/../share/yosys/techmap.v
Parsing Verilog input from `/home/shady_wsl/tools/oss-cad-suite/lib/../share/yosys/techmap.v' to AST representation.
Generating RTLIL representation for module `\_90_simplemap_bool_ops'.
Generating RTLIL representation for module `\_90_simplemap_reduce_ops'.
Generating RTLIL representation for module `\_90_simplemap_logic_ops'.
Generating RTLIL representation for module `\_90_simplemap_compare_ops'.
Generating RTLIL representation for module `\_90_simplemap_various'.
Generating RTLIL representation for module `\_90_simplemap_registers'.
Generating RTLIL representation for module `\_90_shift_ops_shr_shl_sshl_sshr'.
Generating RTLIL representation for module `\_90_shift_shiftx'.
Generating RTLIL representation for module `\_90_fa'.
Generating RTLIL representation for module `\_90_lcu_brent_kung'.
Generating RTLIL representation for module `\_90_alu'.
Generating RTLIL representation for module `\_90_macc'.
Generating RTLIL representation for module `\_90_alumacc'.
Generating RTLIL representation for module `$__div_mod_u'.
Generating RTLIL representation for module `$__div_mod_trunc'.
Generating RTLIL representation for module `\_90_div'.
Generating RTLIL representation for module `\_90_mod'.
Generating RTLIL representation for module `$__div_mod_floor'.
Generating RTLIL representation for module `\_90_divfloor'.
Generating RTLIL representation for module `\_90_modfloor'.
Generating RTLIL representation for module `\_90_pow'.
Generating RTLIL representation for module `\_90_demux'.
Generating RTLIL representation for module `\_90_lut'.
Generating RTLIL representation for module `$connect'.
Generating RTLIL representation for module `$input_port'.
Successfully finished Verilog frontend.

4.36.2. Executing Verilog-2005 frontend: /home/shady_wsl/tools/oss-cad-suite/lib/../share/yosys/xilinx/arith_map.v
Parsing Verilog input from `/home/shady_wsl/tools/oss-cad-suite/lib/../share/yosys/xilinx/arith_map.v' to AST representation.
Generating RTLIL representation for module `\_80_xilinx_lcu'.
Generating RTLIL representation for module `\_80_xilinx_alu'.
Successfully finished Verilog frontend.

4.36.3. Continuing TECHMAP pass.
Using extmapper simplemap for cells of type $sdffce.
Using extmapper simplemap for cells of type $reduce_bool.
Using extmapper simplemap for cells of type $sdff.
Using extmapper simplemap for cells of type $and.
Using extmapper simplemap for cells of type $not.
Using extmapper simplemap for cells of type $sdffe.
Using extmapper simplemap for cells of type $reduce_and.
Using template $paramod$4fc821520cb3a924f2bc6fa8576a539779b37dc8\_80_xilinx_alu for cells of type $alu.
Using template $paramod$25c4246495a9f56061a0efa92b046161d5d15f2e\_80_xilinx_alu for cells of type $alu.
Using template $paramod$599fc21b257bc9b96c6caef6b35a2ec30d8fdbca\_80_xilinx_alu for cells of type $alu.
Using template $paramod\_80_xilinx_lcu\WIDTH=s32'00000000000000000000000000001011 for cells of type $lcu.
Using template $paramod$constmap:4621fcf06a436d1e2a4080e2ed9866a7d07a6e07$paramod$335cfd09f1afa8139c4aafcbbe5f361887b79c5e\_90_shift_ops_shr_shl_sshl_sshr for cells of type $shl.
Using template $paramod$constmap:4621fcf06a436d1e2a4080e2ed9866a7d07a6e07$paramod$feecc7a0dbd012970970f2858f15e786e251f677\_90_shift_ops_shr_shl_sshl_sshr for cells of type $shr.
Using template $paramod$constmap:4621fcf06a436d1e2a4080e2ed9866a7d07a6e07$paramod$e765c459d3029c22a22a27989e94858fd9ebfa9c\_90_shift_ops_shr_shl_sshl_sshr for cells of type $sshr.
Using template $paramod$constmap:ef92a36aad608dcea49be6f0ee2747b0df639e38$paramod$23cddbd406cf321b741f23b1783b917d9c668aa9\_90_shift_shiftx for cells of type $shiftx.
Using template $paramod$constmap:e75f37f4fd02daa5fc039c760bf4ae7898b8c343$paramod$1767781abb5510778c640b45ef027371b766e589\_90_shift_shiftx for cells of type $shiftx.
Using template $paramod$constmap:2807e8398629ea7b9c56bc56d1f28d5277219066$paramod$32d74cfbaa940f39e561c6a3d936c3201b928992\_90_shift_shiftx for cells of type $shiftx.
Using extmapper simplemap for cells of type $reduce_or.
Using extmapper simplemap for cells of type $eq.
Using extmapper simplemap for cells of type $logic_or.
Using extmapper simplemap for cells of type $logic_and.
Using extmapper simplemap for cells of type $xnor.
Using extmapper simplemap for cells of type $or.
Using extmapper simplemap for cells of type $logic_not.
Using extmapper simplemap for cells of type $xor.
Using extmapper simplemap for cells of type $pmux.
Using extmapper simplemap for cells of type $pos.
No more expansions possible.
<suppressed ~3202 debug messages>

4.37. Executing OPT pass (performing simple optimizations).

4.37.1. Executing OPT_EXPR pass (perform const folding).
Optimizing module datapath_pipelined.
<suppressed ~620 debug messages>

4.37.2. Executing OPT_MERGE pass (detect identical cells).
Finding identical cells in module `\datapath_pipelined'.
Computing hashes of 12828 cells of `\datapath_pipelined'.
Finding duplicate cells in `\datapath_pipelined'.
Computing hashes of 12459 cells of `\datapath_pipelined'.
Finding duplicate cells in `\datapath_pipelined'.
Computing hashes of 12196 cells of `\datapath_pipelined'.
Finding duplicate cells in `\datapath_pipelined'.
Computing hashes of 11978 cells of `\datapath_pipelined'.
Finding duplicate cells in `\datapath_pipelined'.
Computing hashes of 11837 cells of `\datapath_pipelined'.
Finding duplicate cells in `\datapath_pipelined'.
Computing hashes of 11836 cells of `\datapath_pipelined'.
Finding duplicate cells in `\datapath_pipelined'.
<suppressed ~2976 debug messages>
Removed a total of 992 cells.

4.37.3. Executing OPT_DFF pass (perform DFF optimizations).
Adding SRST signal on $auto$ff.cc:337:slice$10676 ($_SDFF_PP0_) from module datapath_pipelined (D = $auto$simplemap.cc:189:logic_reduce$14436, Q = \id_ex.imm_out [31], rval = 1'0).
Adding SRST signal on $auto$ff.cc:337:slice$10681 ($_SDFF_PP0_) from module datapath_pipelined (D = $auto$simplemap.cc:189:logic_reduce$15424, Q = \id_ex.memregpc_out [1], rval = 1'0).
Adding SRST signal on $auto$ff.cc:337:slice$10645 ($_SDFF_PP0_) from module datapath_pipelined (D = $auto$simplemap.cc:189:logic_reduce$13785, Q = \id_ex.imm_out [0], rval = 1'0).
Adding SRST signal on $auto$ff.cc:337:slice$10646 ($_SDFF_PP0_) from module datapath_pipelined (D = $auto$simplemap.cc:189:logic_reduce$13806, Q = \id_ex.imm_out [1], rval = 1'0).
Adding SRST signal on $auto$ff.cc:337:slice$10647 ($_SDFF_PP0_) from module datapath_pipelined (D = $auto$simplemap.cc:189:logic_reduce$13827, Q = \id_ex.imm_out [2], rval = 1'0).
Adding SRST signal on $auto$ff.cc:337:slice$10648 ($_SDFF_PP0_) from module datapath_pipelined (D = $auto$simplemap.cc:189:logic_reduce$13848, Q = \id_ex.imm_out [3], rval = 1'0).
Adding SRST signal on $auto$ff.cc:337:slice$10649 ($_SDFF_PP0_) from module datapath_pipelined (D = $auto$simplemap.cc:189:logic_reduce$13869, Q = \id_ex.imm_out [4], rval = 1'0).
Adding SRST signal on $auto$ff.cc:337:slice$10650 ($_SDFF_PP0_) from module datapath_pipelined (D = $auto$simplemap.cc:189:logic_reduce$13890, Q = \id_ex.imm_out [5], rval = 1'0).
Adding SRST signal on $auto$ff.cc:337:slice$10651 ($_SDFF_PP0_) from module datapath_pipelined (D = $auto$simplemap.cc:189:logic_reduce$13911, Q = \id_ex.imm_out [6], rval = 1'0).
Adding SRST signal on $auto$ff.cc:337:slice$10652 ($_SDFF_PP0_) from module datapath_pipelined (D = $auto$simplemap.cc:189:logic_reduce$13932, Q = \id_ex.imm_out [7], rval = 1'0).
Adding SRST signal on $auto$ff.cc:337:slice$10653 ($_SDFF_PP0_) from module datapath_pipelined (D = $auto$simplemap.cc:189:logic_reduce$13953, Q = \id_ex.imm_out [8], rval = 1'0).
Adding SRST signal on $auto$ff.cc:337:slice$10654 ($_SDFF_PP0_) from module datapath_pipelined (D = $auto$simplemap.cc:189:logic_reduce$13974, Q = \id_ex.imm_out [9], rval = 1'0).
Adding SRST signal on $auto$ff.cc:337:slice$10655 ($_SDFF_PP0_) from module datapath_pipelined (D = $auto$simplemap.cc:189:logic_reduce$13995, Q = \id_ex.imm_out [10], rval = 1'0).
Adding SRST signal on $auto$ff.cc:337:slice$10656 ($_SDFF_PP0_) from module datapath_pipelined (D = $auto$simplemap.cc:189:logic_reduce$14016, Q = \id_ex.imm_out [11], rval = 1'0).
Adding SRST signal on $auto$ff.cc:337:slice$10657 ($_SDFF_PP0_) from module datapath_pipelined (D = $auto$simplemap.cc:189:logic_reduce$14037, Q = \id_ex.imm_out [12], rval = 1'0).
Adding SRST signal on $auto$ff.cc:337:slice$10658 ($_SDFF_PP0_) from module datapath_pipelined (D = $auto$simplemap.cc:189:logic_reduce$14058, Q = \id_ex.imm_out [13], rval = 1'0).
Adding SRST signal on $auto$ff.cc:337:slice$10659 ($_SDFF_PP0_) from module datapath_pipelined (D = $auto$simplemap.cc:189:logic_reduce$14079, Q = \id_ex.imm_out [14], rval = 1'0).
Adding SRST signal on $auto$ff.cc:337:slice$10660 ($_SDFF_PP0_) from module datapath_pipelined (D = $auto$simplemap.cc:189:logic_reduce$14100, Q = \id_ex.imm_out [15], rval = 1'0).
Adding SRST signal on $auto$ff.cc:337:slice$10661 ($_SDFF_PP0_) from module datapath_pipelined (D = $auto$simplemap.cc:189:logic_reduce$14121, Q = \id_ex.imm_out [16], rval = 1'0).
Adding SRST signal on $auto$ff.cc:337:slice$10662 ($_SDFF_PP0_) from module datapath_pipelined (D = $auto$simplemap.cc:189:logic_reduce$14142, Q = \id_ex.imm_out [17], rval = 1'0).
Adding SRST signal on $auto$ff.cc:337:slice$10663 ($_SDFF_PP0_) from module datapath_pipelined (D = $auto$simplemap.cc:189:logic_reduce$14163, Q = \id_ex.imm_out [18], rval = 1'0).
Adding SRST signal on $auto$ff.cc:337:slice$10664 ($_SDFF_PP0_) from module datapath_pipelined (D = $auto$simplemap.cc:189:logic_reduce$14184, Q = \id_ex.imm_out [19], rval = 1'0).
Adding SRST signal on $auto$ff.cc:337:slice$10665 ($_SDFF_PP0_) from module datapath_pipelined (D = $auto$simplemap.cc:189:logic_reduce$14205, Q = \id_ex.imm_out [20], rval = 1'0).
Adding SRST signal on $auto$ff.cc:337:slice$10666 ($_SDFF_PP0_) from module datapath_pipelined (D = $auto$simplemap.cc:189:logic_reduce$14226, Q = \id_ex.imm_out [21], rval = 1'0).
Adding SRST signal on $auto$ff.cc:337:slice$10667 ($_SDFF_PP0_) from module datapath_pipelined (D = $auto$simplemap.cc:189:logic_reduce$14247, Q = \id_ex.imm_out [22], rval = 1'0).
Adding SRST signal on $auto$ff.cc:337:slice$10668 ($_SDFF_PP0_) from module datapath_pipelined (D = $auto$simplemap.cc:189:logic_reduce$14268, Q = \id_ex.imm_out [23], rval = 1'0).
Adding SRST signal on $auto$ff.cc:337:slice$10669 ($_SDFF_PP0_) from module datapath_pipelined (D = $auto$simplemap.cc:189:logic_reduce$14289, Q = \id_ex.imm_out [24], rval = 1'0).
Adding SRST signal on $auto$ff.cc:337:slice$10670 ($_SDFF_PP0_) from module datapath_pipelined (D = $auto$simplemap.cc:189:logic_reduce$14310, Q = \id_ex.imm_out [25], rval = 1'0).
Adding SRST signal on $auto$ff.cc:337:slice$10671 ($_SDFF_PP0_) from module datapath_pipelined (D = $auto$simplemap.cc:189:logic_reduce$14331, Q = \id_ex.imm_out [26], rval = 1'0).
Adding SRST signal on $auto$ff.cc:337:slice$10672 ($_SDFF_PP0_) from module datapath_pipelined (D = $auto$simplemap.cc:189:logic_reduce$14352, Q = \id_ex.imm_out [27], rval = 1'0).
Adding SRST signal on $auto$ff.cc:337:slice$10673 ($_SDFF_PP0_) from module datapath_pipelined (D = $auto$simplemap.cc:189:logic_reduce$14373, Q = \id_ex.imm_out [28], rval = 1'0).
Adding SRST signal on $auto$ff.cc:337:slice$10674 ($_SDFF_PP0_) from module datapath_pipelined (D = $auto$simplemap.cc:189:logic_reduce$14394, Q = \id_ex.imm_out [29], rval = 1'0).
Adding SRST signal on $auto$ff.cc:337:slice$10675 ($_SDFF_PP0_) from module datapath_pipelined (D = $auto$simplemap.cc:189:logic_reduce$14415, Q = \id_ex.imm_out [30], rval = 1'0).
Adding SRST signal on $auto$ff.cc:337:slice$10680 ($_SDFF_PP0_) from module datapath_pipelined (D = $auto$simplemap.cc:189:logic_reduce$15413, Q = \id_ex.memregpc_out [0], rval = 1'0).

4.37.4. Executing OPT_CLEAN pass (remove unused cells and wires).
Finding unused cells or wires in module \datapath_pipelined..
Removed 1286 unused cells and 505 unused wires.
<suppressed ~1293 debug messages>

4.37.5. Rerunning OPT passes. (Removed registers in this run.)

4.37.6. Executing OPT_EXPR pass (perform const folding).
Optimizing module datapath_pipelined.
<suppressed ~6 debug messages>

4.37.7. Executing OPT_MERGE pass (detect identical cells).
Finding identical cells in module `\datapath_pipelined'.
Computing hashes of 10612 cells of `\datapath_pipelined'.
Finding duplicate cells in `\datapath_pipelined'.
Computing hashes of 10579 cells of `\datapath_pipelined'.
Finding duplicate cells in `\datapath_pipelined'.
Computing hashes of 10547 cells of `\datapath_pipelined'.
Finding duplicate cells in `\datapath_pipelined'.
<suppressed ~195 debug messages>
Removed a total of 65 cells.

4.37.8. Executing OPT_DFF pass (perform DFF optimizations).

4.37.9. Executing OPT_CLEAN pass (remove unused cells and wires).
Finding unused cells or wires in module \datapath_pipelined..
Removed 0 unused cells and 65 unused wires.
<suppressed ~1 debug messages>

4.37.10. Finished fast OPT passes.

4.38. Executing IOPADMAP pass (mapping inputs/outputs to IO-PAD cells).
Mapping port datapath_pipelined.clk using IBUF.
Mapping port datapath_pipelined.reset using IBUF.

4.39. Executing TECHMAP pass (map to technology primitives).

4.39.1. Executing Verilog-2005 frontend: /home/shady_wsl/tools/oss-cad-suite/lib/../share/yosys/techmap.v
Parsing Verilog input from `/home/shady_wsl/tools/oss-cad-suite/lib/../share/yosys/techmap.v' to AST representation.
Generating RTLIL representation for module `\_90_simplemap_bool_ops'.
Generating RTLIL representation for module `\_90_simplemap_reduce_ops'.
Generating RTLIL representation for module `\_90_simplemap_logic_ops'.
Generating RTLIL representation for module `\_90_simplemap_compare_ops'.
Generating RTLIL representation for module `\_90_simplemap_various'.
Generating RTLIL representation for module `\_90_simplemap_registers'.
Generating RTLIL representation for module `\_90_shift_ops_shr_shl_sshl_sshr'.
Generating RTLIL representation for module `\_90_shift_shiftx'.
Generating RTLIL representation for module `\_90_fa'.
Generating RTLIL representation for module `\_90_lcu_brent_kung'.
Generating RTLIL representation for module `\_90_alu'.
Generating RTLIL representation for module `\_90_macc'.
Generating RTLIL representation for module `\_90_alumacc'.
Generating RTLIL representation for module `$__div_mod_u'.
Generating RTLIL representation for module `$__div_mod_trunc'.
Generating RTLIL representation for module `\_90_div'.
Generating RTLIL representation for module `\_90_mod'.
Generating RTLIL representation for module `$__div_mod_floor'.
Generating RTLIL representation for module `\_90_divfloor'.
Generating RTLIL representation for module `\_90_modfloor'.
Generating RTLIL representation for module `\_90_pow'.
Generating RTLIL representation for module `\_90_demux'.
Generating RTLIL representation for module `\_90_lut'.
Generating RTLIL representation for module `$connect'.
Generating RTLIL representation for module `$input_port'.
Successfully finished Verilog frontend.

4.39.2. Executing Verilog-2005 frontend: /home/shady_wsl/tools/oss-cad-suite/lib/../share/yosys/xilinx/cells_map.v
Parsing Verilog input from `/home/shady_wsl/tools/oss-cad-suite/lib/../share/yosys/xilinx/cells_map.v' to AST representation.
Generating RTLIL representation for module `$__SHREG_'.
Generating RTLIL representation for module `$__XILINX_SHREG_'.
Generating RTLIL representation for module `$__XILINX_MUXF78'.
Successfully finished Verilog frontend.

4.39.3. Continuing TECHMAP pass.
No more expansions possible.
<suppressed ~80 debug messages>
Removed 0 unused cells and 2 unused wires.

4.40. Executing DFFLEGALIZE pass (convert FFs and LATCHes to types supported by the target).

4.41. Executing TECHMAP pass (map to technology primitives).

4.41.1. Executing Verilog-2005 frontend: /home/shady_wsl/tools/oss-cad-suite/lib/../share/yosys/xilinx/ff_map.v
Parsing Verilog input from `/home/shady_wsl/tools/oss-cad-suite/lib/../share/yosys/xilinx/ff_map.v' to AST representation.
Generating RTLIL representation for module `$_DFFE_NP0P_'.
Generating RTLIL representation for module `$_DFFE_PP0P_'.
Generating RTLIL representation for module `$_DFFE_NP1P_'.
Generating RTLIL representation for module `$_DFFE_PP1P_'.
Generating RTLIL representation for module `$_DFFSRE_NPPP_'.
Generating RTLIL representation for module `$_DFFSRE_PPPP_'.
Generating RTLIL representation for module `$_SDFFE_NP0P_'.
Generating RTLIL representation for module `$_SDFFE_PP0P_'.
Generating RTLIL representation for module `$_SDFFE_NP1P_'.
Generating RTLIL representation for module `$_SDFFE_PP1P_'.
Generating RTLIL representation for module `$_DLATCH_NP0_'.
Generating RTLIL representation for module `$_DLATCH_PP0_'.
Generating RTLIL representation for module `$_DLATCH_NP1_'.
Generating RTLIL representation for module `$_DLATCH_PP1_'.
Generating RTLIL representation for module `$_DLATCH_NPP_'.
Generating RTLIL representation for module `$_DLATCH_PPP_'.
Successfully finished Verilog frontend.

4.41.2. Continuing TECHMAP pass.
Using template $paramod$_SDFFE_PP0P_\_TECHMAP_WIREINIT_Q_=1'x for cells of type $_SDFFE_PP0P_.
No more expansions possible.
<suppressed ~3686 debug messages>

4.42. Executing OPT_EXPR pass (perform const folding).
Optimizing module datapath_pipelined.
<suppressed ~2 debug messages>

4.43. Executing Verilog-2005 frontend: /home/shady_wsl/tools/oss-cad-suite/lib/../share/yosys/xilinx/abc9_model.v
Parsing Verilog input from `/home/shady_wsl/tools/oss-cad-suite/lib/../share/yosys/xilinx/abc9_model.v' to AST representation.
Generating RTLIL representation for module `$__XILINX_MUXF78'.
Successfully finished Verilog frontend.

4.44. Executing ABC9 pass.

4.44.1. Executing ABC9_OPS pass (helper functions for ABC9).

4.44.2. Executing ABC9_OPS pass (helper functions for ABC9).

4.44.3. Executing SCC pass (detecting logic loops).
Found 0 SCCs in module datapath_pipelined.
Found 0 SCCs.

4.44.4. Executing ABC9_OPS pass (helper functions for ABC9).

4.44.5. Executing TECHMAP pass (map to technology primitives).

4.44.5.1. Executing Verilog-2005 frontend: /home/shady_wsl/tools/oss-cad-suite/lib/../share/yosys/techmap.v
Parsing Verilog input from `/home/shady_wsl/tools/oss-cad-suite/lib/../share/yosys/techmap.v' to AST representation.
Generating RTLIL representation for module `\_90_simplemap_bool_ops'.
Generating RTLIL representation for module `\_90_simplemap_reduce_ops'.
Generating RTLIL representation for module `\_90_simplemap_logic_ops'.
Generating RTLIL representation for module `\_90_simplemap_compare_ops'.
Generating RTLIL representation for module `\_90_simplemap_various'.
Generating RTLIL representation for module `\_90_simplemap_registers'.
Generating RTLIL representation for module `\_90_shift_ops_shr_shl_sshl_sshr'.
Generating RTLIL representation for module `\_90_shift_shiftx'.
Generating RTLIL representation for module `\_90_fa'.
Generating RTLIL representation for module `\_90_lcu_brent_kung'.
Generating RTLIL representation for module `\_90_alu'.
Generating RTLIL representation for module `\_90_macc'.
Generating RTLIL representation for module `\_90_alumacc'.
Generating RTLIL representation for module `$__div_mod_u'.
Generating RTLIL representation for module `$__div_mod_trunc'.
Generating RTLIL representation for module `\_90_div'.
Generating RTLIL representation for module `\_90_mod'.
Generating RTLIL representation for module `$__div_mod_floor'.
Generating RTLIL representation for module `\_90_divfloor'.
Generating RTLIL representation for module `\_90_modfloor'.
Generating RTLIL representation for module `\_90_pow'.
Generating RTLIL representation for module `\_90_demux'.
Generating RTLIL representation for module `\_90_lut'.
Generating RTLIL representation for module `$connect'.
Generating RTLIL representation for module `$input_port'.
Successfully finished Verilog frontend.

4.44.5.2. Continuing TECHMAP pass.
No more expansions possible.
<suppressed ~506 debug messages>

4.44.6. Executing OPT pass (performing simple optimizations).

4.44.6.1. Executing OPT_EXPR pass (perform const folding).

4.44.6.2. Executing OPT_MERGE pass (detect identical cells).
Removed a total of 0 cells.

4.44.6.3. Executing OPT_MUXTREE pass (detect dead branches in mux trees).
Removed 0 multiplexer ports.

4.44.6.4. Executing OPT_REDUCE pass (consolidate $*mux and $reduce_* inputs).
Performed a total of 0 changes.

4.44.6.5. Executing OPT_MERGE pass (detect identical cells).
Removed a total of 0 cells.

4.44.6.6. Executing OPT_DFF pass (perform DFF optimizations).

4.44.6.7. Executing OPT_CLEAN pass (remove unused cells and wires).

4.44.6.8. Executing OPT_EXPR pass (perform const folding).

4.44.6.9. Finished fast OPT passes. (There is nothing left to do.)

4.44.7. Executing TECHMAP pass (map to technology primitives).

4.44.7.1. Executing Verilog-2005 frontend: /home/shady_wsl/tools/oss-cad-suite/lib/../share/yosys/abc9_map.v
Parsing Verilog input from `/home/shady_wsl/tools/oss-cad-suite/lib/../share/yosys/abc9_map.v' to AST representation.
Successfully finished Verilog frontend.

4.44.7.2. Continuing TECHMAP pass.
No more expansions possible.
<suppressed ~2 debug messages>

4.44.8. Executing Verilog-2005 frontend: /home/shady_wsl/tools/oss-cad-suite/lib/../share/yosys/abc9_model.v
Parsing Verilog input from `/home/shady_wsl/tools/oss-cad-suite/lib/../share/yosys/abc9_model.v' to AST representation.
Generating RTLIL representation for module `$__ABC9_DELAY'.
Generating RTLIL representation for module `$__ABC9_SCC_BREAKER'.
Generating RTLIL representation for module `$__DFF_N__$abc9_flop'.
Generating RTLIL representation for module `$__DFF_P__$abc9_flop'.
Successfully finished Verilog frontend.

4.44.9. Executing ABC9_OPS pass (helper functions for ABC9).
<suppressed ~2 debug messages>

4.44.10. Executing ABC9_OPS pass (helper functions for ABC9).

4.44.11. Executing ABC9_OPS pass (helper functions for ABC9).
<suppressed ~2 debug messages>

4.44.12. Executing TECHMAP pass (map to technology primitives).

4.44.12.1. Executing Verilog-2005 frontend: /home/shady_wsl/tools/oss-cad-suite/lib/../share/yosys/techmap.v
Parsing Verilog input from `/home/shady_wsl/tools/oss-cad-suite/lib/../share/yosys/techmap.v' to AST representation.
Generating RTLIL representation for module `\_90_simplemap_bool_ops'.
Generating RTLIL representation for module `\_90_simplemap_reduce_ops'.
Generating RTLIL representation for module `\_90_simplemap_logic_ops'.
Generating RTLIL representation for module `\_90_simplemap_compare_ops'.
Generating RTLIL representation for module `\_90_simplemap_various'.
Generating RTLIL representation for module `\_90_simplemap_registers'.
Generating RTLIL representation for module `\_90_shift_ops_shr_shl_sshl_sshr'.
Generating RTLIL representation for module `\_90_shift_shiftx'.
Generating RTLIL representation for module `\_90_fa'.
Generating RTLIL representation for module `\_90_lcu_brent_kung'.
Generating RTLIL representation for module `\_90_alu'.
Generating RTLIL representation for module `\_90_macc'.
Generating RTLIL representation for module `\_90_alumacc'.
Generating RTLIL representation for module `$__div_mod_u'.
Generating RTLIL representation for module `$__div_mod_trunc'.
Generating RTLIL representation for module `\_90_div'.
Generating RTLIL representation for module `\_90_mod'.
Generating RTLIL representation for module `$__div_mod_floor'.
Generating RTLIL representation for module `\_90_divfloor'.
Generating RTLIL representation for module `\_90_modfloor'.
Generating RTLIL representation for module `\_90_pow'.
Generating RTLIL representation for module `\_90_demux'.
Generating RTLIL representation for module `\_90_lut'.
Generating RTLIL representation for module `$connect'.
Generating RTLIL representation for module `$input_port'.
Successfully finished Verilog frontend.

4.44.12.2. Continuing TECHMAP pass.
Using template CARRY4 for cells of type CARRY4.
Using extmapper simplemap for cells of type $xor.
Using extmapper simplemap for cells of type $mux.
Using extmapper simplemap for cells of type $or.
No more expansions possible.
<suppressed ~518 debug messages>

4.44.13. Executing OPT pass (performing simple optimizations).

4.44.13.1. Executing OPT_EXPR pass (perform const folding).
Optimizing module datapath_pipelined.

4.44.13.2. Executing OPT_MERGE pass (detect identical cells).
Finding identical cells in module `\datapath_pipelined'.
Computing hashes of 62 cells of `\datapath_pipelined'.
Finding duplicate cells in `\datapath_pipelined'.
Computing hashes of 61 cells of `\datapath_pipelined'.
Finding duplicate cells in `\datapath_pipelined'.
<suppressed ~3 debug messages>
Removed a total of 1 cells.

4.44.13.3. Executing OPT_MUXTREE pass (detect dead branches in mux trees).
Running muxtree optimizer on module \datapath_pipelined..
  Creating internal representation of mux trees.
  No muxes found in this module.
Removed 0 multiplexer ports.

4.44.13.4. Executing OPT_REDUCE pass (consolidate $*mux and $reduce_* inputs).
  Optimizing cells in module \datapath_pipelined.
Performed a total of 0 changes.

4.44.13.5. Executing OPT_MERGE pass (detect identical cells).
Finding identical cells in module `\datapath_pipelined'.
Computing hashes of 61 cells of `\datapath_pipelined'.
Finding duplicate cells in `\datapath_pipelined'.
Removed a total of 0 cells.

4.44.13.6. Executing OPT_DFF pass (perform DFF optimizations).

4.44.13.7. Executing OPT_CLEAN pass (remove unused cells and wires).
Finding unused cells or wires in module \datapath_pipelined..
Removed 0 unused cells and 14 unused wires.
<suppressed ~3 debug messages>

4.44.13.8. Executing OPT_EXPR pass (perform const folding).
Optimizing module datapath_pipelined.

4.44.13.9. Rerunning OPT passes. (Maybe there is more to do..)

4.44.13.10. Executing OPT_MUXTREE pass (detect dead branches in mux trees).
Running muxtree optimizer on module \datapath_pipelined..
  Creating internal representation of mux trees.
  No muxes found in this module.
Removed 0 multiplexer ports.

4.44.13.11. Executing OPT_REDUCE pass (consolidate $*mux and $reduce_* inputs).
  Optimizing cells in module \datapath_pipelined.
Performed a total of 0 changes.

4.44.13.12. Executing OPT_MERGE pass (detect identical cells).
Finding identical cells in module `\datapath_pipelined'.
Computing hashes of 61 cells of `\datapath_pipelined'.
Finding duplicate cells in `\datapath_pipelined'.
Removed a total of 0 cells.

4.44.13.13. Executing OPT_DFF pass (perform DFF optimizations).

4.44.13.14. Executing OPT_CLEAN pass (remove unused cells and wires).
Finding unused cells or wires in module \datapath_pipelined..

4.44.13.15. Executing OPT_EXPR pass (perform const folding).
Optimizing module datapath_pipelined.

4.44.13.16. Finished fast OPT passes. (There is nothing left to do.)

4.44.14. Executing AIGMAP pass (map logic to AIG).
Module datapath_pipelined: replaced 9 cells with 60 new cells, skipped 52 cells.
  replaced 3 cell types:
       4 $_MUX_
       1 $_OR_
       4 $_XOR_
  not replaced 1 cell types:
      52 $specify2

4.44.15. Executing AIGMAP pass (map logic to AIG).
Module datapath_pipelined: replaced 9143 cells with 50239 new cells, skipped 7671 cells.
  replaced 5 cell types:
    5401 $_MUX_
    3072 $_ORNOT_
     502 $_OR_
      32 $_XNOR_
     136 $_XOR_
  not replaced 5 cell types:
     645 $_AND_
    3332 $_NOT_
    3657 FDRE
       2 IBUF
      35 CARRY4

4.44.15.1. Executing ABC9_OPS pass (helper functions for ABC9).

4.44.15.2. Executing ABC9_OPS pass (helper functions for ABC9).

4.44.15.3. Executing XAIGER backend.
<suppressed ~3668 debug messages>
Extracted 20926 AND gates and 58974 wires from module `datapath_pipelined' to a netlist network with 3661 inputs and 4044 outputs.

4.44.15.4. Executing ABC9_EXE pass (technology mapping using ABC9).

4.44.15.5. Executing ABC9.
Running ABC command: "<yosys-exe-dir>/yosys-abc" -s -f <abc-temp-dir>/abc.script 2>&1
ABC: ======== ABC command line "source <abc-temp-dir>/abc.script"
ABC: + read_lut <abc-temp-dir>/input.lut 
ABC: + read_box <abc-temp-dir>/input.box 
ABC: + &read <abc-temp-dir>/input.xaig 
ABC: + &ps 
ABC: <abc-temp-dir>/input : i/o =   3661/   4044  and =   17001  lev =   48 (7.13)  mem = 0.32 MB  box = 35  bb = 0
ABC: + &scorr 
ABC: Warning: The network is combinational.
ABC: + &sweep 
ABC: + &dc2 
ABC: + &dch -f -r 
ABC: + &ps 
ABC: <abc-temp-dir>/input : i/o =   3661/   4044  and =   23480  lev =   66 (2.12)  mem = 0.40 MB  ch = 2754  box = 35  bb = 0
ABC: cst =       0  cls =   2363  lit =    2754  unused =   22304  proof =     0
ABC: + &if -W 300 -v 
ABC: K = 8. Memory (bytes): Truth =    0. Cut =   80. Obj =  160. Set =  816. CutMin = no
ABC: Node =   23480.  Ch =  2363.  Total mem =    5.34 MB. Peak cut mem =    0.23 MB.
ABC: P:  Del = 8418.00.  Ar =   22187.0.  Edge =    21975.  Cut =   375963.  T =     0.16 sec
ABC: P:  Del = 8186.00.  Ar =   22090.0.  Edge =    21769.  Cut =   366894.  T =     0.14 sec
ABC: P:  Del = 8173.00.  Ar =   19938.0.  Edge =    22785.  Cut =   521886.  T =     0.19 sec
ABC: F:  Del = 8171.00.  Ar =   14889.0.  Edge =    19687.  Cut =   427582.  T =     0.17 sec
ABC: A:  Del = 8171.00.  Ar =   12474.0.  Edge =    17053.  Cut =   429398.  T =     0.23 sec
ABC: A:  Del = 8170.00.  Ar =   12272.0.  Edge =    16865.  Cut =   431897.  T =     0.27 sec
ABC: Total time =     1.16 sec
ABC: + &write -n <abc-temp-dir>/output.aig 
ABC: + &mfs 
ABC: + &ps -l 
ABC: <abc-temp-dir>/input : i/o =   3661/   4044  and =   17416  lev =   46 (2.37)  mem = 0.33 MB  box = 35  bb = 0
ABC: Mapping (K=8)  :  lut =   3593  edge =   16791  lev =   17 (0.96)  levB =   21  mem = 0.19 MB
ABC: LUT = 3593 : 2=275 7.7 %  3=325 9.0 %  4=512 14.2 %  5=1684 46.9 %  6=786 21.9 %  7=6 0.2 %  8=5 0.1 %  Ave = 4.67
ABC: + &write -n <abc-temp-dir>/output.aig 
ABC: + &verify 
ABC: Networks are equivalent.  Time =     0.66 sec
ABC: + time 
ABC: elapse: 6.81 seconds, total: 6.81 seconds

4.44.15.6. Executing AIGER frontend.
<suppressed ~11 debug messages>
Removed 27422 unused cells and 32143 unused wires.

4.44.15.7. Executing ABC_OPS_REINTEGRATE pass (reintegrate ABC mapped design into module).
ABC RESULTS:              $lut cells:     3594
ABC RESULTS:           \CARRY4 cells:       35
ABC RESULTS:           input signals:      138
ABC RESULTS:          output signals:     3372
<suppressed ~15410 debug messages>
Removing temp directory.

4.44.16. Executing TECHMAP pass (map to technology primitives).

4.44.16.1. Executing Verilog-2005 frontend: /home/shady_wsl/tools/oss-cad-suite/lib/../share/yosys/abc9_unmap.v
Parsing Verilog input from `/home/shady_wsl/tools/oss-cad-suite/lib/../share/yosys/abc9_unmap.v' to AST representation.
Generating RTLIL representation for module `$__DFF_x__$abc9_flop'.
Generating RTLIL representation for module `$__ABC9_SCC_BREAKER'.
Successfully finished Verilog frontend.

4.44.16.2. Continuing TECHMAP pass.
No more expansions possible.
<suppressed ~5 debug messages>
Removed 350 unused cells and 87838 unused wires.

4.45. Executing XILINX_SRL pass (Xilinx shift register extraction).

4.46. Executing TECHMAP pass (map to technology primitives).

4.46.1. Executing Verilog-2005 frontend: /home/shady_wsl/tools/oss-cad-suite/lib/../share/yosys/xilinx/lut_map.v
Parsing Verilog input from `/home/shady_wsl/tools/oss-cad-suite/lib/../share/yosys/xilinx/lut_map.v' to AST representation.
Generating RTLIL representation for module `$lut'.
Successfully finished Verilog frontend.

4.46.2. Executing Verilog-2005 frontend: /home/shady_wsl/tools/oss-cad-suite/lib/../share/yosys/xilinx/cells_map.v
Parsing Verilog input from `/home/shady_wsl/tools/oss-cad-suite/lib/../share/yosys/xilinx/cells_map.v' to AST representation.
Generating RTLIL representation for module `$__SHREG_'.
Generating RTLIL representation for module `$__XILINX_SHREG_'.
Generating RTLIL representation for module `$__XILINX_MUXF78'.
Successfully finished Verilog frontend.

4.46.3. Continuing TECHMAP pass.
Using template $paramod$d1f4c9dc72e438b96df88cd394b581a307a94d53$lut for cells of type $lut.
Using template $paramod$2d07c1a6c53c7b878509360922c4fa5ebedc3011$lut for cells of type $lut.
Using template $paramod$2382b0dd4cb27fd4312681c40a6dd179c2a7a26a$lut for cells of type $lut.
Using template $paramod$5bbc8d49c3fc31cf6661312d1516e2aaafe308a4$lut for cells of type $lut.
Using template $paramod$lut\WIDTH=32'00000000000000000000000000000010\LUT=4'0001 for cells of type $lut.
Using template $paramod$bbd32bd467d62890b484fe941be0dc6df13618f5$lut for cells of type $lut.
Using template $paramod$lut\WIDTH=32'00000000000000000000000000000010\LUT=4'0010 for cells of type $lut.
Using template $paramod$lut\WIDTH=32'00000000000000000000000000000010\LUT=4'1000 for cells of type $lut.
Using template $paramod$lut\WIDTH=32'00000000000000000000000000000010\LUT=4'0100 for cells of type $lut.
Using template $paramod$0ee0167fb5dd83bdfe7197fff23e2c7146c57037$lut for cells of type $lut.
Using template $paramod$d79e8c7f0cb3bd049a34d82ec5fe688d444e5a52$lut for cells of type $lut.
Using template $paramod$d80c9b99dacb354fa564a6fcc23ca30753bf6623$lut for cells of type $lut.
Using template $paramod$lut\WIDTH=32'00000000000000000000000000000011\LUT=8'00010000 for cells of type $lut.
Using template $paramod$8ae5e24171bca0b8d12d43741a6723f274290f92$lut for cells of type $lut.
Using template $paramod$lut\WIDTH=32'00000000000000000000000000000011\LUT=8'00100000 for cells of type $lut.
Using template $paramod$lut\WIDTH=32'00000000000000000000000000000011\LUT=8'00000010 for cells of type $lut.
Using template $paramod$2133dba9b8cf6f23690728b9bd26b2821baadf4f$lut for cells of type $lut.
Using template $paramod$f672f1e5ea7eaf40630014635549af40fc023a51$lut for cells of type $lut.
Using template $paramod$e9df7bcc76d24787206a64b3178b0e90b10ed7b1$lut for cells of type $lut.
Using template $paramod$88aa11c5ddba755fa414bf30d56068b30ab4bbb9$lut for cells of type $lut.
Using template $paramod$f988603921d4bca23188f7596a43fa10947e4dfa$lut for cells of type $lut.
Using template $paramod$bfbe919037aa93f927e0c47424a27f6d9424a0a0$lut for cells of type $lut.
Using template $paramod$693200b03fa395bbbb2377dfea5370e4186af8d4$lut for cells of type $lut.
Using template $paramod$370310bd6d542aea8376470decc807a62e208fcb$lut for cells of type $lut.
Using template $paramod$b495a0aca3633a5913ae9720531f801a4ee1bfd0$lut for cells of type $lut.
Using template $paramod$000fa2164e1f538c16460571efee2b6209a086cc$lut for cells of type $lut.
Using template $paramod$2d9240b264c467ee1cbe0c99c9f86156a347f1f2$lut for cells of type $lut.
Using template $paramod$95195461d7904d53d4f11b52a240e22641823d51$lut for cells of type $lut.
Using template $paramod$lut\WIDTH=32'00000000000000000000000000000011\LUT=8'00101010 for cells of type $lut.
Using template $paramod$lut\WIDTH=32'00000000000000000000000000000011\LUT=8'00000001 for cells of type $lut.
Using template $paramod$lut\WIDTH=32'00000000000000000000000000000011\LUT=8'10000000 for cells of type $lut.
Using template $paramod$0cfb723acafb91ffca17c0a3d62dabe40ce6d1ed$lut for cells of type $lut.
Using template $paramod$5dc33e81aaf02c5c79ec34ecbbc1970dfd3434d8$lut for cells of type $lut.
Using template $paramod$dee640d16cce4eaffba139b741b984b4549f5ab6$lut for cells of type $lut.
Using template $paramod$lut\WIDTH=32'00000000000000000000000000000011\LUT=8'01000000 for cells of type $lut.
Using template $paramod$68e3b7b5f97275f040af1d59f686710858faec3d$lut for cells of type $lut.
Using template $paramod$172c7ecaaaa1e9efecac9d59fb02c9480d8bcf5f$lut for cells of type $lut.
Using template $paramod$bf2a3cfe9eeafcae64c3932bf21912530dff06cc$lut for cells of type $lut.
Using template $paramod$a6ebbaa6a871fce0ba6b67532ec10e64b7230a4e$lut for cells of type $lut.
Using template $paramod$9471553f9ff500aec2e407fbf70dcc3e253b8850$lut for cells of type $lut.
Using template $paramod$498a394692a58e84162b74c76c7fa3ff1531d683$lut for cells of type $lut.
Using template $paramod$7cdf7bbccd92495c9b42bb9fda7d652b1c40479b$lut for cells of type $lut.
Using template $paramod$lut\WIDTH=32'00000000000000000000000000000011\LUT=8'00001000 for cells of type $lut.
Using template $paramod$5439a14b87892cb9f0f6d355c32d953615d4713f$lut for cells of type $lut.
Using template $paramod$2e38309f55e4556a3765fe5f4c814b9d4d5a3bdd$lut for cells of type $lut.
Using template $paramod$28483cb637ee8fe4dd523d681451f035cd66b79b$lut for cells of type $lut.
Using template $paramod$13fa9273f1d4ad6050109d02dc87cffc90450a95$lut for cells of type $lut.
Using template $paramod$b763aa7f00f5bd9eaa8c9bdcef72a8c1cdda231d$lut for cells of type $lut.
Using template $paramod$a257c269895d1dfe0cb1ddecca5cabdbf11595d9$lut for cells of type $lut.
Using template $paramod$c1a19a87ccbbb03d43a72335db63f692ddf82cc1$lut for cells of type $lut.
Using template $paramod$3ef319efded008eed5f930491a82ee1762b3c0df$lut for cells of type $lut.
Using template $paramod$c0e395c2d0dfbafa147a6aae7cfc1897ce26affb$lut for cells of type $lut.
Using template $paramod$61594d0f3b142edd1b56a1b06b880d35bf44947b$lut for cells of type $lut.
Using template $paramod$8b09f347504cfc0d3d65fbb4601497936543b1b3$lut for cells of type $lut.
Using template $paramod$559d8f61325f7b4ee17556605f88d95718b41383$lut for cells of type $lut.
Using template $paramod$f45429e380905f064bb0bad3a8bdb941708e63a7$lut for cells of type $lut.
Using template $paramod$873c285bdccf0ac2b60d2304ea5cd14bf211d2a6$lut for cells of type $lut.
Using template $paramod$c31283deee7faf3b30f9704334290a59a1e30dd7$lut for cells of type $lut.
Using template $paramod$75d5c453cca75cc7a7ca320c4fb7be0932b6aaa7$lut for cells of type $lut.
Using template $paramod$f8e8e1e1389c03e530e143893bb2f66bbf48cb04$lut for cells of type $lut.
Using template $paramod$3ac2c0f89fe9b6bdcccc07e049e36584de660216$lut for cells of type $lut.
Using template $paramod$240af9a1e3518839ea26843689dc51c451570852$lut for cells of type $lut.
Using template $paramod$c1257955760f33c236cd43254ebad5c62e384006$lut for cells of type $lut.
Using template $paramod$2591fd2a5b61f2a8eaf48d992ba3082f4a2ee17a$lut for cells of type $lut.
Using template $paramod$7ba701df361148e7453af382c90bbeab1fc4525c$lut for cells of type $lut.
Using template $paramod$3e75a70f4a4da92a3f296a309442ecaa54571650$lut for cells of type $lut.
Using template $paramod$e0a26bc9820f6b01c719954c783093ed0152674d$lut for cells of type $lut.
Using template $paramod$ce28387a24926807174fda3f6e095b6b4d11a89d$lut for cells of type $lut.
Using template $paramod$10ee07cc0fb48ffe9fd58bde076417ca16389284$lut for cells of type $lut.
Using template $paramod$059968be1ef12c596bb5d360a749040b6777bf4a$lut for cells of type $lut.
Using template $paramod$2f23ee9496edbb044d48f324aa9a472e448048c6$lut for cells of type $lut.
Using template $paramod$49a3f6ab8f8346cf2ace3353f08779649f8e62e8$lut for cells of type $lut.
Using template $paramod$28573d64e05cfef986b669757c9bc724facdf28b$lut for cells of type $lut.
Using template $paramod$332530260df33f1e6567b344a898a29636fd4f0f$lut for cells of type $lut.
Using template $paramod$4bb266ea3fe341108182aef458bfedda6b818939$lut for cells of type $lut.
Using template $paramod$0f6229657dadfc54c0b87daf9fbfb67a81eb63f4$lut for cells of type $lut.
Using template $paramod$04010643432eb3336ddef8af2fbefa9ee0c18287$lut for cells of type $lut.
Using template $paramod$5c6d01824df27a97c3776b3694e8814e23c197cd$lut for cells of type $lut.
Using template $paramod$6d293540e71cfeaa2aa37ed426c2a3b0b0f56115$lut for cells of type $lut.
Using template $paramod$fdcae86fcfd036c1880a04306ae771a9d7579c31$lut for cells of type $lut.
Using template $paramod$90687826ecc50762f08b06e0c2f0be8f8b42044c$lut for cells of type $lut.
Using template $paramod$d96e26d600b7afaf2bc32e15f141020b276413e7$lut for cells of type $lut.
Using template $paramod$ccb28dfcd3c74292ec46e4b682abdc0cb7282a69$lut for cells of type $lut.
Using template $paramod$6f20c26c0721e8b3757ca7b9a77b6e1d35f0f91c$lut for cells of type $lut.
Using template $paramod$4978360fe53bdcf6193c85aac631cf6592e5a5ce$lut for cells of type $lut.
Using template $paramod$f8f63b209b7230e81958663ff24fef1613156af7$lut for cells of type $lut.
Using template $paramod$f76b753727b08ea41739aeff3c0e36b22ec3f036$lut for cells of type $lut.
Using template $paramod$c429da75ba0bb57e062175e6cd8421675fffd53c$lut for cells of type $lut.
Using template $paramod$00ffcc628ccb870304683cac36ad3a16cc41b6a4$lut for cells of type $lut.
Using template $paramod$c0f0f039a1e6cbbb8eb147d64abe4eec82db9944$lut for cells of type $lut.
Using template $paramod$5ae838ad6db9fba66968499839f38aeb6fb7f03c$lut for cells of type $lut.
Using template $paramod$82ed25b11a6a11eb861f4dd3d46f5fc9aa1eebaf$lut for cells of type $lut.
Using template $paramod$23b708233b59e3d7727471572c21ec5c029fc416$lut for cells of type $lut.
Using template $paramod$305f76b68a50771e13500fd0cfb5d92ee1ff3913$lut for cells of type $lut.
Using template $paramod$1632c1c0242796acfc963a05742c4acd2f475c4e$lut for cells of type $lut.
Using template $paramod$a5fc417419855200558d1cb1f930bfe0eb2a4634$lut for cells of type $lut.
Using template $paramod$5d909457b62873e01d056e2ff6b4dc98a14cb400$lut for cells of type $lut.
Using template $paramod$b8d996a7f2f7de0e1a35ea6d2bb1411cc62af561$lut for cells of type $lut.
Using template $paramod$39ad8e244c1aa1042e4721426e84481a04deefef$lut for cells of type $lut.
Using template $paramod$7bee11992960101e9924746e4227c0a579464668$lut for cells of type $lut.
Using template $paramod$ff74d3b36221c7c7b417c242545ab45c7d96a8ff$lut for cells of type $lut.
Using template $paramod$068c39dc11b116587c46fb4d939526848d8c28b7$lut for cells of type $lut.
Using template $paramod$1e4f89a235e5ba7069c6bc3696ff523c0271ee6e$lut for cells of type $lut.
Using template $paramod$1078665aa144cf7ff525a892db61e5cee078ce7c$lut for cells of type $lut.
Using template $paramod$cc7ec1d4ce143c9a2715a3b6b815f3649ffc319e$lut for cells of type $lut.
Using template $paramod$f85f1073c412d406200a6a72283f918c8b751314$lut for cells of type $lut.
Using template $paramod$lut\WIDTH=32'00000000000000000000000000000011\LUT=8'00110010 for cells of type $lut.
Using template $paramod$84bc8f8eb5f017edda81f887acf51295e8c1de6c$lut for cells of type $lut.
Using template $paramod$ae6e76c89ee618479487917c6bdbf40f2c71e712$lut for cells of type $lut.
Using template $paramod$b5c75d18c53e099c15367a23a0d2f40f4717d9c5$lut for cells of type $lut.
Using template $paramod$d46c4ed4c1b9e006c85b191ca274d80f846c107d$lut for cells of type $lut.
Using template $paramod$fbfadb2e3db8d3160770dc4be38baf8daaf9f04d$lut for cells of type $lut.
Using template $paramod$1d5f5452c2ca46e57ec8d8ff523c27456912d3bf$lut for cells of type $lut.
Using template $paramod$47534775a97c77a004c800c8ada234fd8f64d593$lut for cells of type $lut.
Using template $paramod$3f8bddb26a8905ea147acf4247acf6d000ca20f7$lut for cells of type $lut.
Using template $paramod$0d4742cff20cb0e0e40b9af6c0257e3a276c0c2b$lut for cells of type $lut.
Using template $paramod$d96938b933811903763c8fc48238ba3a4fe3fe61$lut for cells of type $lut.
Using template $paramod$615e2b1fb63f147586208b455fbc655283b001e1$lut for cells of type $lut.
Using template $paramod$9d33ad8b4f30a6c36b69493615f0a3636c51d433$lut for cells of type $lut.
Using template $paramod$d10d21145322ceb6e94a8da645bc39736dcadfe3$lut for cells of type $lut.
Using template $paramod$bf90db1dcd666a60a244b59fba8f289ab9f7c88a$lut for cells of type $lut.
Using template $paramod$a732b0b938b2574c5e81dd6d427e30e782c6fce3$lut for cells of type $lut.
Using template $paramod$2bf892cb2b52095d41d96cd0cddc511c2796a989$lut for cells of type $lut.
Using template $paramod$48391ae1473025a790c629d1c297bc6d36cccac5$lut for cells of type $lut.
Using template $paramod$ee700feb78d1f78a2275689013e0e783764ce7f3$lut for cells of type $lut.
Using template $paramod$7aaada16bef3afd0cbe45ae7199b9b0a02bd671c$lut for cells of type $lut.
Using template $paramod$lut\WIDTH=32'00000000000000000000000000000011\LUT=8'01010100 for cells of type $lut.
Using template $paramod$8ef2df2f303d78d91bdc1f9bb4b3fa0d7edac33d$lut for cells of type $lut.
Using template $paramod$13caa797f9204188208579865e8a63f743d9eed1$lut for cells of type $lut.
Using template $paramod$71de6965c0e6b253e135c18a813a8ddbf929e553$lut for cells of type $lut.
Using template $paramod$lut\WIDTH=32'00000000000000000000000000000011\LUT=8'11000100 for cells of type $lut.
Using template $paramod$56df8a14b65264465d6f55a37ea74e42f5b4489f$lut for cells of type $lut.
Using template $paramod$22189c62912332e0d1a2f450fcfa4406094491ee$lut for cells of type $lut.
Using template $paramod$2f2bf51656820fff7795205d258b53ecc473ad4b$lut for cells of type $lut.
Using template $paramod$83c1b6108170249166239e09804c5f4542556524$lut for cells of type $lut.
Using template $paramod$aa627615d45cbe6000b318177114fcc2cb20abda$lut for cells of type $lut.
Using template $paramod$b56dfcb1c3d4124e8742b4474ba45cf354bf6015$lut for cells of type $lut.
Using template $paramod$3767b8f0a5ca453c529b2cc16477d16f62120c11$lut for cells of type $lut.
Using template $paramod$beae4210b922fc9ba2fcc4008a7474b475e38c50$lut for cells of type $lut.
Using template $paramod$b47cbccc30e6865a8a4db4f3fbc0e4559deb6cd7$lut for cells of type $lut.
Using template $paramod$c2451468e2b73cedb9a6d0eb553ff573c1172f9e$lut for cells of type $lut.
Using template $paramod$373d637619c29cb9150902df9528107e5f3b8288$lut for cells of type $lut.
Using template $paramod$51f598eae0fd0a1d915d8f865e5f8ba665bae846$lut for cells of type $lut.
Using template $paramod$8833253c105c1f3ff9a03a20302d6d0a2f4d9c5b$lut for cells of type $lut.
Using template $paramod$cef931a7489c6abbc547ea506f04900eaa32df63$lut for cells of type $lut.
Using template $paramod$6f8cf32d91ff402b1b67bfa3b18f15233c6448af$lut for cells of type $lut.
Using template $paramod$e9a608db1785e450f37afbe51f7f7055116e0f6c$lut for cells of type $lut.
Using template $paramod$ef02ea28c4f9766a22068d6502e87f79cf2d9131$lut for cells of type $lut.
Using template $paramod$7491e7206ae8c682d288373efe06a43b67c277cf$lut for cells of type $lut.
Using template $paramod$2ca71937f6cdf2cc47b081764b851d6f8d7a86cb$lut for cells of type $lut.
Using template $paramod$815dd2b37d47b6c017918f57f7568a4ebc39b19e$lut for cells of type $lut.
Using template $paramod$11ec7271d8e6e5aeaace08c13e4c601f10e31038$lut for cells of type $lut.
Using template $paramod$645db700746ce4ed0813c32f955640f1dd7b366a$lut for cells of type $lut.
Using template $paramod$lut\WIDTH=32'00000000000000000000000000000011\LUT=8'01000111 for cells of type $lut.
Using template $paramod$caa2525b1c0f80b221a42861ec05bfe7e792f189$lut for cells of type $lut.
Using template $paramod$130af793a2ec6ecceb3e0ef509cf6b180e856b6f$lut for cells of type $lut.
Using template $paramod$20ae971f03a8aabd14bc9c90601f9bed8100c9da$lut for cells of type $lut.
Using template $paramod$32f3ec9cea51c15ab5f795768f94d7031153d90a$lut for cells of type $lut.
Using template $paramod$ea3fc65f6696e0d03ae63018b1ebeb0464803604$lut for cells of type $lut.
Using template $paramod$a977fb3a4e30b200887394f8ff6c3df1befab9e3$lut for cells of type $lut.
Using template $paramod$dba07f312012fa7fd7154ebb73c28f79f08648ee$lut for cells of type $lut.
Using template $paramod$b74292b44cf7a3ee878ddb106b0d9f03f549f698$lut for cells of type $lut.
Using template $paramod$f3ada871809f362efd8eb0c4fb952bb5c98f0750$lut for cells of type $lut.
Using template $paramod$dd70bc74cff04a3106b3fa469e859968684211a6$lut for cells of type $lut.
Using template $paramod$c1a66865d43017e1219fa8a12ede9d38b53f56c0$lut for cells of type $lut.
Using template $paramod$52b16e02f9802938606ca1b07736b1ecf69f6eb1$lut for cells of type $lut.
Using template $paramod$0cb65eac0e798c27dd209e83c82724a020105fed$lut for cells of type $lut.
Using template $paramod$5afe21d6fdc7c33aeb338fdb508ea02813207bfd$lut for cells of type $lut.
Using template $paramod$5d6cc900f91ee4b0e9e4162361827732f00d3b43$lut for cells of type $lut.
Using template $paramod$b6d7a549a2689b95d5fe0bd09af8c9a0f9304e36$lut for cells of type $lut.
Using template $paramod$lut\WIDTH=32'00000000000000000000000000000011\LUT=8'01010011 for cells of type $lut.
Using template $paramod$caf308716d7204153a1055ffa3c4b295761fab34$lut for cells of type $lut.
Using template $paramod$3f943b31daf852ed1ca222e5bb6488e4bbd6a0e6$lut for cells of type $lut.
Using template $paramod$18df3812bc12364e5ebcb6c3ed05c0294e4c26fc$lut for cells of type $lut.
Using template $paramod$f02de82e60d6ad2205686c2031f673035a73c7cf$lut for cells of type $lut.
Using template $paramod$d0a1bc6d99939c50db7a1bcfa344d16b779654e9$lut for cells of type $lut.
Using template $paramod$de6bb5196ce1948f4bac91c80567ec60ddb72fce$lut for cells of type $lut.
Using template $paramod$41802eb93cb703b61e84a677e2ee0c890d8c81b1$lut for cells of type $lut.
Using template $paramod$814a7dd5a356d13e51197834fe3767bf10273399$lut for cells of type $lut.
Using template $paramod$29e6d4598488760861f6b73d2b7f65cb302fdcde$lut for cells of type $lut.
Using template $paramod$78c43890e218d1d9ed0839489460d70ce69829f0$lut for cells of type $lut.
Using template $paramod$ca03aba90800a94b3b9df8d406e4a2726fe2c9b1$lut for cells of type $lut.
Using template $paramod$f841c54fcf8adfceb243af7354bf8d552996da21$lut for cells of type $lut.
Using template $paramod$acfc4ee5b270460c3b25fa42478b03d762b270bd$lut for cells of type $lut.
Using template $paramod$66caeb00a39d236782a97659e3bd99621b74681b$lut for cells of type $lut.
Using template $paramod$df9129ba5c4bb59bd3031f030196b50735fc7417$lut for cells of type $lut.
Using template $paramod$137895f7071021d8734515ae58358a890551a04f$lut for cells of type $lut.
Using template $paramod$08ce76e941826e6834552ef95d682026e6751d68$lut for cells of type $lut.
Using template $paramod$2e9afba29670cc6475874639e7c1b3979c8ebde3$lut for cells of type $lut.
Using template $paramod$0beaad0f2b20da3c90e3ed4876c104f685904017$lut for cells of type $lut.
Using template $paramod$6e91aed8670a142313547038bca9a803890a2b3b$lut for cells of type $lut.
Using template $paramod$1895c0c8509659ca5efa8765548eb69fb4145c43$lut for cells of type $lut.
Using template $paramod$f5cf7d48a1d000717a8f14a770131cc7d416cfe6$lut for cells of type $lut.
Using template $paramod$8faae33a0cda1758498ce6a88ad87e6140cd71ef$lut for cells of type $lut.
Using template $paramod$lut\WIDTH=32'00000000000000000000000000000011\LUT=8'00000111 for cells of type $lut.
Using template $paramod$ce77b7ba5238c1dfa5f5327799e4bb3ce39339ec$lut for cells of type $lut.
Using template $paramod$f17061a96fe3718944c1891f0ec1b1b54dd0e232$lut for cells of type $lut.
Using template $paramod$dd77df37fceba74b0f4cca98ae909be7afc8f7e8$lut for cells of type $lut.
Using template $paramod$080208f444c6a78d6a4222ce6b2509da49c0a9ff$lut for cells of type $lut.
Using template $paramod$345e594e3e86fb5714f53304e99d8ef40a9499ad$lut for cells of type $lut.
Using template $paramod$b81b6568c6230b28ef6e40ff2620c09b41142a68$lut for cells of type $lut.
Using template $paramod$25a95c3e32119785f97f62a885f7cf5d3a83c5a7$lut for cells of type $lut.
Using template $paramod$5c42dd8dfe8c943e7011e52c1724a67e5efbf7f3$lut for cells of type $lut.
Using template $paramod$3510de161f06d3d049e016f6f35a4e0f06207e46$lut for cells of type $lut.
Using template $paramod$adb990d19b3c0da556569364dee11020e5aa002b$lut for cells of type $lut.
Using template $paramod$ee475f10eab4b505be4396d6ad430808cef4065c$lut for cells of type $lut.
Using template $paramod$dbdbcb07b9994e498bb1324e5c006c6aa08a7a37$lut for cells of type $lut.
Using template $paramod$ffc2ea81a65101fbef8a332deddf112494d27163$lut for cells of type $lut.
Using template $paramod$542e2fdf39f66ee0d9684372297ec1f9c72087d5$lut for cells of type $lut.
Using template $paramod$ed78790d19688e4d80988144264a7fde6ff656b0$lut for cells of type $lut.
Using template $paramod$19b971118248791dd75e484b620e5a49dc6cead0$lut for cells of type $lut.
Using template $paramod$c9a2e4e431345ad9f9f4b69afade9cb7e2173d42$lut for cells of type $lut.
Using template $paramod$3cb88307a450879ea67b0b9792573000ad5f659f$lut for cells of type $lut.
Using template $paramod$f5a6c836d617968db3a4a8bfe748face770718bb$lut for cells of type $lut.
Using template $paramod$19f568890ed784cb1efc3ce1b67eed20a6c54d9a$lut for cells of type $lut.
Using template $paramod$f52b330a4f1ef2a193aed7237540646320c12054$lut for cells of type $lut.
Using template $paramod$2a555fe13d696b0e8f3a283d71ca056266057487$lut for cells of type $lut.
Using template $paramod$eba784f112b0e037b7f5b13a76e406ab44f7dd12$lut for cells of type $lut.
Using template $paramod$c042e6ff086e73842b97bcdf38b756f3bb72a9d3$lut for cells of type $lut.
Using template $paramod$0086a2b7bdc8a5c0f6a4a9980bebe54b6094fcf9$lut for cells of type $lut.
Using template $paramod$lut\WIDTH=32'00000000000000000000000000000011\LUT=8'00010011 for cells of type $lut.
Using template $paramod$c81b9bc25f2a06d0730891545c146458cf380d59$lut for cells of type $lut.
Using template $paramod$bd30484a621dd5a925c2ca3211503dd1db6203fe$lut for cells of type $lut.
Using template $paramod$bf7131f15650eb4824f79d9e50861b77e804a69c$lut for cells of type $lut.
Using template $paramod$7ce3f296051316b1ac94102c665036b6d01639f3$lut for cells of type $lut.
Using template $paramod$fee9f80bbc1893e904494a3af4a49854f1d709ae$lut for cells of type $lut.
Using template $paramod$414324bcb783330c0167618679be0b455ae915e5$lut for cells of type $lut.
Using template $paramod$f570964b8fe5503a5ff91d453c10d4ac4ba35001$lut for cells of type $lut.
Using template $paramod$86b0adb8987d1b746e09e4f1886f51bb264e51e4$lut for cells of type $lut.
Using template $paramod$b7712ad66490a50bf0f0eb1278d478652991d6c1$lut for cells of type $lut.
Using template $paramod$ef65b9f26de59060e396e0f18e305384b01df2aa$lut for cells of type $lut.
Using template $paramod$695c7d7ba034f68ddd5def2c1e5d638255935c28$lut for cells of type $lut.
Using template $paramod$4da47d9a56eac8aa15a2b9fe2100c1046f4643fc$lut for cells of type $lut.
Using template $paramod$f2901847b464ae69fe4409de0e9bcf9025307e1f$lut for cells of type $lut.
Using template $paramod$f3a61b2f2522238bc24f827c058eb1c7b0773014$lut for cells of type $lut.
Using template $paramod$a7467395871c5ce48593b9d78bcb4eb6fe5eda8f$lut for cells of type $lut.
Using template $paramod$7d3143e02713bccd7f210d92312afd8cb46ff5d1$lut for cells of type $lut.
Using template $paramod$9a43219f802c46081b5f9363fdd5e9424330afb8$lut for cells of type $lut.
Using template $paramod$68782636d1ed911b29a0081c4f3aab877e546ffe$lut for cells of type $lut.
Using template $paramod$1ccc972fffe8a376b92e2eab55868bad90318322$lut for cells of type $lut.
Using template $paramod$3f21dbb7332d1b86cafde042f6d16d666046909c$lut for cells of type $lut.
Using template $paramod$264d4aef076fd953fdd99075682785726c6acdce$lut for cells of type $lut.
Using template $paramod$1c740251f477df8cb0ebf6cde6641bf0c6d0842e$lut for cells of type $lut.
Using template $paramod$7e3de18263fb7d0a2e12a4401120994e66bde6a4$lut for cells of type $lut.
Using template $paramod$26918802e6ed329b7afdcbcae3efbad76693779f$lut for cells of type $lut.
Using template $paramod$90453044f54ff374897f04f3086f002f3dda8f22$lut for cells of type $lut.
Using template $paramod$336c994b360cc60d7064856c17b7f141f65f19e9$lut for cells of type $lut.
Using template $paramod$3e26110ab6bca9b820b6af310c8a198fb7dc9015$lut for cells of type $lut.
Using template $paramod$a28b1f7e03407934683603595f07c670417a2638$lut for cells of type $lut.
Using template $paramod$e77b5f1044f9835b02f855adb85768a2c7c65071$lut for cells of type $lut.
Using template $paramod$85e34d9915ad1ac3ba006ee717304282d666a3c8$lut for cells of type $lut.
Using template $paramod$2e0c101d30f80073aa610a7c8862ce4fe1de2872$lut for cells of type $lut.
Using template $paramod$10e0bfce6b9aaea56e72ddc409781084c8a54648$lut for cells of type $lut.
Using template $paramod$153c6cdaaddbc43e6ef3facd06aa851de33910ae$lut for cells of type $lut.
Using template $paramod$060fe3a9a87c070316bade86e73c95c5eaa2139d$lut for cells of type $lut.
Using template $paramod$4b935cf09977630a8c75db570cea22d80e2b19a3$lut for cells of type $lut.
Using template $paramod$c230b81ff74b2d43068bae07cbb3a47917067fd5$lut for cells of type $lut.
Using template $paramod$lut\WIDTH=32'00000000000000000000000000000011\LUT=8'11001010 for cells of type $lut.
Using template $paramod$4c11b5c81c21929c9418e37dc61c5cc55edb03ef$lut for cells of type $lut.
Using template $paramod$6353cdfa5109a17ea817eacc18883dd3cbf8ee5e$lut for cells of type $lut.
Using template $paramod$ff9e63b1dccd3b96604ffd7bd2ca60cf5c65c33f$lut for cells of type $lut.
Using template $paramod$f6237aabc588eff7ee9b4f827dabc5f8e6a972a0$lut for cells of type $lut.
Using template $paramod$ddace04fba544e6adc4cdda6a50048ddd7c111af$lut for cells of type $lut.
Using template $paramod$0476041e6955356c538d56d188cd2c4b148a81b2$lut for cells of type $lut.
Using template $paramod$864cc76b1c3e987fd848951f4359046220bf6914$lut for cells of type $lut.
Using template $paramod$778cfa89a311116b4664a0be7522bd19e4c50232$lut for cells of type $lut.
Using template $paramod$lut\WIDTH=32'00000000000000000000000000000011\LUT=8'10110011 for cells of type $lut.
Using template $paramod$lut\WIDTH=32'00000000000000000000000000000011\LUT=8'00111011 for cells of type $lut.
Using template $paramod$722bfd9af0ae56ca9d1d12a221cb5ede16461f26$lut for cells of type $lut.
Using template $paramod$lut\WIDTH=32'00000000000000000000000000000010\LUT=4'1101 for cells of type $lut.
Using template $paramod$78514db519b978eb9849af480b7385831a22fa82$lut for cells of type $lut.
Using template $paramod$5b245912228c20f6f7a19c95aaac77ff0f560880$lut for cells of type $lut.
Using template $paramod$90abe689b55cdb0c8f95fe351fcea900647d4183$lut for cells of type $lut.
Using template $paramod$1dbc005c3ca46176ed5f71d3318762a2498d170f$lut for cells of type $lut.
Using template $paramod$620586420e818d3afa7e5b51fcf19f5c6ea83ad4$lut for cells of type $lut.
Using template $paramod$436385387aa75ed00b3a69379a1f7fa061fe7721$lut for cells of type $lut.
Using template $paramod$d7174416fed95b608dbc4d04b5e97f814aa8bc77$lut for cells of type $lut.
Using template $paramod$05e9db64d37f9bf3830d5707a385acd13b1fadbf$lut for cells of type $lut.
Using template $paramod$4385b611926e5c0509dba4de58311d325da0ff0d$lut for cells of type $lut.
Using template $paramod$996d75659f84cbf363dd57fc20835f6d56504f78$lut for cells of type $lut.
Using template $paramod$da5d7b9e5b4911e215ab6f5bd65867617b5b189c$lut for cells of type $lut.
Using template $paramod$f907cce013dd0aa5283ac92649dd37951ba7ce61$lut for cells of type $lut.
Using template $paramod$8da032b813334c77599dc33aa101a3e775874add$lut for cells of type $lut.
Using template $paramod$lut\WIDTH=32'00000000000000000000000000000010\LUT=4'0110 for cells of type $lut.
Using template $paramod$55ba27bc73f6d24773958280f47118866463ad88$lut for cells of type $lut.
Using template $paramod$79d8406f288582415e38e6250d3ca6ec03b62ee1$lut for cells of type $lut.
Using template $paramod$3e06dc229ada3e4c75506b32cb33f3f3fd10a937$lut for cells of type $lut.
Using template $paramod$dba5f15dabce128052d1146cea570e7adf8e9b90$lut for cells of type $lut.
Using template $paramod$e39b25419438e9dbdb610fa95382f651130e7934$lut for cells of type $lut.
Using template $paramod$ed868a9bb91092b7b78b7b2a819dc85e56997758$lut for cells of type $lut.
Using template $paramod$841d8fd78d62b86c6dfabd574eaeaf56211bd64f$lut for cells of type $lut.
Using template $paramod$d7338163f4972b29a44da1dd9a4baa90e4ece9b6$lut for cells of type $lut.
Using template $paramod$e6b40bb9f468e9abfb5174bc0354dbf7aac263a2$lut for cells of type $lut.
Using template $paramod$43e3fab8d4a46a423d2a43cfb2096ef5d26863df$lut for cells of type $lut.
Using template $paramod$b8bc93a50860defb026422e051b1b5c80f73638b$lut for cells of type $lut.
Using template $paramod$3cf35e566ed03ecd4b957adc4e56372053eafcb3$lut for cells of type $lut.
Using template $paramod$8a1f3772ff59dcad907f1ad6fecaa3df1cabedf3$lut for cells of type $lut.
Using template $paramod$ed2a586848eef6bfc276d52397d065b04a174c8b$lut for cells of type $lut.
Using template $paramod$05994191828056401264ae80316f10a2c22d971b$lut for cells of type $lut.
Using template $paramod$eff99b84f09f2f71ad0a4e53aae928e3f2d7fa64$lut for cells of type $lut.
Using template $paramod$cc0d66541cc05bd6700e359cd1e2585a5044e71e$lut for cells of type $lut.
Using template $paramod$482baab71cd19e34bfdf2f7e32cda90fea37b22e$lut for cells of type $lut.
Using template $paramod$8f28b5afcb67c7fe3bea09501ad6bb03f30331f2$lut for cells of type $lut.
Using template $paramod$aea1c03749b88ed34d454cc6e8153e829d5d62e7$lut for cells of type $lut.
Using template $paramod$9bd97c076e39f7cfe39a2b1c3994b7ff464cd9c3$lut for cells of type $lut.
Using template $paramod$4e249978ebff703d613d76962d2fb03d742a4bcc$lut for cells of type $lut.
Using template $paramod$fe9a0158d0352193457c4f5b6282ac86d35fb3ee$lut for cells of type $lut.
Using template $paramod$2ea69c779d6c1b79ac5a87b0d1523c67d5628dba$lut for cells of type $lut.
Using template $paramod$497aa714ffa399423aed5fe789a8dd35df92638a$lut for cells of type $lut.
Using template $paramod$996c4ae324a0bcba252f469c9e8b238e6aaf7542$lut for cells of type $lut.
Using template $paramod$0025b0444d78d80d297a50bdedbb35a7de01569c$lut for cells of type $lut.
Using template $paramod$658b9ed803f0d3d335616d3858b53e0a2522f1e8$lut for cells of type $lut.
Using template $paramod$94ce66b052a5fb156182a2b805b6ef995a479a3d$lut for cells of type $lut.
Using template $paramod$b18fa3fe78fa753cf6f1f671b38a3522b825e9de$lut for cells of type $lut.
Using template $paramod$lut\WIDTH=32'00000000000000000000000000000011\LUT=8'00000100 for cells of type $lut.
Using template $paramod$7f14b29a32387b7888d59f3d26f17c63860f5ced$lut for cells of type $lut.
Using template $paramod$2652a5fa98784a3fa88f71a554d4e8679646c901$lut for cells of type $lut.
Using template $paramod$c51b6e44380c69d4fd137f5a861b92db5aea7002$lut for cells of type $lut.
Using template $paramod$e6062a78edaf68ec0dbea59d4c8352dcb2ce0366$lut for cells of type $lut.
Using template $paramod$adce9c89515a4e83641fc3471eb3c01ec7b082ff$lut for cells of type $lut.
Using template $paramod$e49f6e3576ef1a6d2f58c54414dbb786af8cc869$lut for cells of type $lut.
Using template $paramod$d01b12b2e3fe73c32cc2ed54e644a6c6afdf052a$lut for cells of type $lut.
Using template $paramod$ad056a1b8a3b3fd5ed2124358ef6c382dc672b39$lut for cells of type $lut.
Using template $paramod$d433949b3b9487f4c13ef8fd645c5037e31ebf6b$lut for cells of type $lut.
Using template $paramod$4138293601d1ba799e847c47c4dc61a396a8b608$lut for cells of type $lut.
Using template $paramod$36e77cf68e95b3b8cccf1bb5b64409630f2c88d1$lut for cells of type $lut.
Using template $paramod$2766a5474671ce15b31d4ca5775340eaf9a0c604$lut for cells of type $lut.
Using template $paramod$2aa716f9a4c5591c2aa6059f9b8a14d113f28078$lut for cells of type $lut.
Using template $paramod$0238b5089364342dd3b6e117e1da9e8df8e67a13$lut for cells of type $lut.
Using template $paramod$43a61be54897741385e37ad49fc3aa6636a2b775$lut for cells of type $lut.
Using template $paramod$72541b7b2d14951726ec5a72a300735c5a33b178$lut for cells of type $lut.
Using template $paramod$903b13a78e0201d81ee2cb5e579e213337de2eac$lut for cells of type $lut.
Using template $paramod$371fe52b7730fd7254b5eb1e2c1182401575cbe8$lut for cells of type $lut.
Using template $paramod$lut\WIDTH=32'00000000000000000000000000000010\LUT=4'1001 for cells of type $lut.
Using template $paramod$959e36c3681f065499b405274596044388b892c9$lut for cells of type $lut.
Using template $paramod$9ed4bf02a01061ef8cd25d685198519a0009dadb$lut for cells of type $lut.
Using template $paramod$9d1a69c79dfbe51bdd8550d96d655b6dbabcb15a$lut for cells of type $lut.
Using template $paramod$a21a952ced6eaa6cc64394b565747259dd01bab7$lut for cells of type $lut.
Using template $paramod$ed522d4f1a53f32f815ce5ee9c21043a5bd8b1c4$lut for cells of type $lut.
Using template $paramod$97ef62ca1e1d91dc5578eda54332480202d3d38d$lut for cells of type $lut.
Using template $paramod$c76a887f23bf1944530549e8adb5300d262880e4$lut for cells of type $lut.
Using template $paramod$fb39f791e6499b329eec6d36e3e9a2a0e4fecf11$lut for cells of type $lut.
Using template $paramod$lut\WIDTH=32'00000000000000000000000000000011\LUT=8'10101100 for cells of type $lut.
Using template $paramod$a9d066414a829b50361039d73a0335910d28f52a$lut for cells of type $lut.
Using template $paramod$25f193e7151e23606202076d2a0c96af31e56807$lut for cells of type $lut.
Using template $paramod$c79843a7a21eda73c585e76a35dd51b0a4d6fd36$lut for cells of type $lut.
Using template $paramod$2962f979358b8c59f7d908c222c6d1fad7aeea7e$lut for cells of type $lut.
Using template $paramod$931015b3e601942abd7bfe745d24af2ee9cea86e$lut for cells of type $lut.
Using template $paramod$d592651486dffce820f7fe64f481c39b7c283d31$lut for cells of type $lut.
Using template $paramod$d7856980c8e3df62f97c26ab34037f33a9e831b5$lut for cells of type $lut.
Using template $paramod$784dd5f01e5de46d9c485bef5a2222c42876a5fc$lut for cells of type $lut.
Using template $paramod$d105487d052f564c9eabff0f79bf08d792201fe7$lut for cells of type $lut.
Using template $paramod$3fbf511570dcffb05bdc101becbbab9abce65cfe$lut for cells of type $lut.
Using template $paramod$bdd02906e2f3a4b6ba6d790d98c048a94fb31755$lut for cells of type $lut.
Using template $paramod$6f9324703e8fcc3b6df2bc2bec54ec19a446ae96$lut for cells of type $lut.
Using template $paramod$d97466a0082724c190f2fab275ce50c3d2aa70a0$lut for cells of type $lut.
Using template $paramod$cc0454b50e7a4bac6495b6e30a58ceb8dfd032c5$lut for cells of type $lut.
Using template $paramod$dc41e9665158f6caac97365e95c1c2f88dcb2656$lut for cells of type $lut.
Using template $paramod$b483ee80027747a983d3c4e1b40aaedf9d2c1c5d$lut for cells of type $lut.
Using template $paramod$a112b3b0a8f9bd8e24739d35e3b21c903a274c90$lut for cells of type $lut.
Using template $paramod$lut\WIDTH=32'00000000000000000000000000000011\LUT=8'01111111 for cells of type $lut.
Using template $paramod$e9ca514f5e7902414a0c86761a0b3345fa4f04e7$lut for cells of type $lut.
Using template $paramod$7a7f5fec48b30e55a9cd689c3b5678806eecd2d8$lut for cells of type $lut.
Using template $paramod$2f1e261dee0437d43f6adcf389243b5730e12249$lut for cells of type $lut.
Using template $paramod$767c0a9396a67146d08a579350f0b04544e8a69d$lut for cells of type $lut.
Using template $paramod$c177f1e6c31fc4edbd5dd917c5f800f5b57704da$lut for cells of type $lut.
Using template $paramod$8c11a155773d2e4aba9b1022fc059160b55313e8$lut for cells of type $lut.
Using template $paramod$e159beed7162787485c5ca290371e46519848c6b$lut for cells of type $lut.
Using template $paramod$c4eab70b0b03658f898d67c0c1ae8e3fdeb92efa$lut for cells of type $lut.
Using template $paramod$ed49ac630ee8b054c4deb19667be9e8a11947f4d$lut for cells of type $lut.
Using template $paramod$030afb26ea960c3afb55cb982292df8c7aabedc6$lut for cells of type $lut.
Using template $paramod$a572c8ccdd4d585a6f15cd4974e5ac5c8ed1637c$lut for cells of type $lut.
Using template $paramod$9ae0f136c9ed34a2deb323e9b2a3a520eea61514$lut for cells of type $lut.
Using template $paramod$8e34e782f9ef59eee1c50ab93ef54fb5ebb3e307$lut for cells of type $lut.
Using template $paramod$14edbaa1cbbb0ca91b1e5607a0769c2f2337ecda$lut for cells of type $lut.
Using template $paramod$179512a187da069f3b79ef6612a41e494e7d54b6$lut for cells of type $lut.
Using template $paramod$08e8b4f708c40bf8acdf161c322c6a633517fd76$lut for cells of type $lut.
Using template $paramod$6d65831e50fbfb3d29ca0cbf42df3445eb6268aa$lut for cells of type $lut.
Using template $paramod$d145aef5063338b0c3f68e008fde462f2bbf3932$lut for cells of type $lut.
Using template $paramod$ac27b93ed151feff6d517145ebbe1125905d0818$lut for cells of type $lut.
Using template $paramod$9c69dfdbf6eec9aa992951fe22d2ceb1a9665cf5$lut for cells of type $lut.
Using template $paramod$d3be1fc2f0d4e985bc49244552adad1e21f34e88$lut for cells of type $lut.
Using template $paramod$89d2a6994635e19afc8417a7dbe8a24db9cd3030$lut for cells of type $lut.
Using template $paramod$35cdccd0a266367f8b6fcc79299a094e7a392e44$lut for cells of type $lut.
Using template $paramod$df4eb325ffcae41d4f5e17e8df3202609be88604$lut for cells of type $lut.
Using template $paramod$b4da23b7c9a75f734f3ce610232bbc84bb0b5a2a$lut for cells of type $lut.
Using template $paramod$76b1c59c2859523affe3504f6728dd1212d41c1a$lut for cells of type $lut.
Using template $paramod$fcae40640388f6bcf9efb0c0c1a7f0cec7119779$lut for cells of type $lut.
Using template $paramod$bc542ffe615da9609f3f5cd62ad41d8fe55b32a5$lut for cells of type $lut.
Using template $paramod$44c0fe996e6f3f4ba8bae2e194245aa82c30fa47$lut for cells of type $lut.
Using template $paramod$81534fb36c0246f509a50b426dcc2a7d23c8868a$lut for cells of type $lut.
Using template $paramod$b922726d44d6ae651b8a94be373a492021525920$lut for cells of type $lut.
Using template $paramod$lut\WIDTH=32'00000000000000000000000000000011\LUT=8'11001000 for cells of type $lut.
Using template $paramod$2c6265a50deabe69f51fd8f2d094fd032c60f42d$lut for cells of type $lut.
Using template $paramod$0c72557e691ca3afffa64317c2bdc04199a22ae0$lut for cells of type $lut.
Using template $paramod$623f508a7ec87e7d9eaf1d67e4c14d27e662aa51$lut for cells of type $lut.
Using template $paramod$dfab43f0c9125dcb99b6b6a03358b9ff350e687c$lut for cells of type $lut.
Using template $paramod$60da2c6be2f760fb063f798b41daa6eb15d7c8cf$lut for cells of type $lut.
Using template $paramod$c111ee9cbca8dcf74d80fd2dab7c1a09fd9671b3$lut for cells of type $lut.
Using template $paramod$c7449bc2bd6c3940dc646bd7bf120ffb3d4b58a8$lut for cells of type $lut.
Using template $paramod$6bf2caa40fb1acb49d1a3518d072e0f81faf3832$lut for cells of type $lut.
Using template $paramod$7ad46ff5cf2c0906da46700f11c659455f26272d$lut for cells of type $lut.
Using template $paramod$3ec53e812e56e3a6694e2062d36c6d66c39c4f54$lut for cells of type $lut.
Using template $paramod$cf5feb5ff7008da62a633f65e3e1c5784d96d297$lut for cells of type $lut.
Using template $paramod$f0a3d7e6b55f48f079208fc53bedec94b9240fb9$lut for cells of type $lut.
Using template $paramod$6637903573ca49c1406b0e976f2be609ed537647$lut for cells of type $lut.
Using template $paramod$626300ae25b4da3605beb84f2cf1c912229a1f44$lut for cells of type $lut.
Using template $paramod$905afbc9215f2860361c96121d2743652e460370$lut for cells of type $lut.
Using template $paramod$887db414184dff08f729a96b04f50a67c6e6087d$lut for cells of type $lut.
Using template $paramod$6f82a248de1786ad4f00d46f7e8fcf458e0bb177$lut for cells of type $lut.
Using template $paramod$e2e4a1b1f1fb5a33d37a064891f4aa4435b2142b$lut for cells of type $lut.
Using template $paramod$fbc833403f635e0bf956488ecbadf77788fec5ac$lut for cells of type $lut.
Using template $paramod$e5b965cd03c3fb6c766752c3e949d7eb98deae22$lut for cells of type $lut.
Using template $paramod$a6504d9883c2386451e62cbc7a92f46dbdf3a90a$lut for cells of type $lut.
Using template $paramod$57faab6d208f4b45246eabd42e7938f8d4810d84$lut for cells of type $lut.
Using template $paramod$e2c03c073a6363c772f22d6b9d2f2a06a4c65337$lut for cells of type $lut.
Using template $paramod$fe6d8138eaea10570a9caad2ce35f33f3f17a66d$lut for cells of type $lut.
Using template $paramod$50312fd0e2ef474c1987d982ed902d5c64f372d6$lut for cells of type $lut.
Using template $paramod$d643d759f93c9b46df7113c2ed73b5ca3d8e817c$lut for cells of type $lut.
Using template $paramod$0c6b5885c408d7fee7bdcd2b7a944e5e1af1ee0a$lut for cells of type $lut.
Using template $paramod$ef9c8681dd62ca081ff7c0b27ecc89f52dc5a78b$lut for cells of type $lut.
Using template $paramod$afd0e7a1f02ff5a0f648378d8102d30a2c28df63$lut for cells of type $lut.
Using template $paramod$d68ddd64bca63172612f44672cda481f650e947e$lut for cells of type $lut.
Using template $paramod$f056038726636c87194debcf60006717256b1595$lut for cells of type $lut.
Using template $paramod$411456c818123bb6bf92dc678013eaca36b016e1$lut for cells of type $lut.
Using template $paramod$0fcb06ed76df01e8d45bc2b9e6c8a9b43fa42cb4$lut for cells of type $lut.
Using template $paramod$56c0d591c5b3e1ef215e6f77292b767d023a11fd$lut for cells of type $lut.
Using template $paramod$bd51082352b0c3055655f183ae0ae0a4e6a42f3e$lut for cells of type $lut.
Using template $paramod$6dcfbaa211d56ae1bb540225e2913c379ba78fe8$lut for cells of type $lut.
Using template $paramod$4ddc2ad0019e4b996b49a3372d822a4601fc4ba8$lut for cells of type $lut.
Using template $paramod$lut\WIDTH=32'00000000000000000000000000000011\LUT=8'10101000 for cells of type $lut.
Using template $paramod$b7d5a1d13a95755f80d49e78f7fe57dd63a6cfbe$lut for cells of type $lut.
Using template $paramod$lut\WIDTH=32'00000000000000000000000000000011\LUT=8'01001110 for cells of type $lut.
Using template $paramod$lut\WIDTH=32'00000000000000000000000000000011\LUT=8'00011011 for cells of type $lut.
Using template $paramod$e6a488add0b5a2d742e2ae29f62ce7616e04271d$lut for cells of type $lut.
Using template $paramod$26d876869d6ab003366d0470e095daef2ccfcbd7$lut for cells of type $lut.
Using template $paramod$06e62c2045624c211a1abe4f2f36c8f22c688165$lut for cells of type $lut.
Using template $paramod$9dfe2a25d99d8640a9f67a2438aaca85b684d257$lut for cells of type $lut.
Using template $paramod$dc61c732c726dc579e0b4afee28da4da73b383db$lut for cells of type $lut.
Using template $paramod$7ffc04c088a4897014506d1e561a14b627924059$lut for cells of type $lut.
Using template $paramod$92c3899764cd8074859d6a5a5b733cffe8a391b3$lut for cells of type $lut.
Using template $paramod$b62e8c2b5b63dd8a4bd7d91f50ce5b267d89865c$lut for cells of type $lut.
Using template $paramod$a7381d0ddfff46bed43dbeff697f0e8668045dd7$lut for cells of type $lut.
Using template $paramod$lut\WIDTH=32'00000000000000000000000000000011\LUT=8'10100010 for cells of type $lut.
Using template $paramod$7f72ce0e80d3f2a00d7341e8caf5f54477d8d4e3$lut for cells of type $lut.
Using template $paramod$9b4643897a1a48ffcaf53b2dd31a176321eced59$lut for cells of type $lut.
Using template $paramod$lut\WIDTH=32'00000000000000000000000000000011\LUT=8'10111000 for cells of type $lut.
Using template $paramod$e0a442156b5ec87636c2b99c77845c0d9d13c6a9$lut for cells of type $lut.
Using template $paramod$453f33bd3979d30cc2f1d7e0048dad9a9c89b9f3$lut for cells of type $lut.
Using template $paramod$068092ddede495d8462ffe530e6d91711913edbc$lut for cells of type $lut.
Using template $paramod$64f43dc318f4c77b4186c3ebcba0aa7863e84359$lut for cells of type $lut.
Using template $paramod$lut\WIDTH=32'00000000000000000000000000000011\LUT=8'11100100 for cells of type $lut.
Using template $paramod$018d71a0fe325d6362687fe53ac13dd6340e400d$lut for cells of type $lut.
Using template $paramod$3ee4b9822619172b679cb19ffcc71b9120d6161b$lut for cells of type $lut.
Using template $paramod$0b88911354c7f617f652c7a0da5f29bc1b6061f8$lut for cells of type $lut.
Using template $paramod$855b2c1d6931bc7ac39a5e8ecd8eb6e90ffc6baf$lut for cells of type $lut.
Using template $paramod$ac58dde3ccb42cb70e5cc4eb565a0549b0e7e3b6$lut for cells of type $lut.
Using template $paramod$e019cb14313283ce60b57907d30cf3eefa00a93d$lut for cells of type $lut.
Using template $paramod$lut\WIDTH=32'00000000000000000000000000000011\LUT=8'11011000 for cells of type $lut.
Using template $paramod$91e303dedaa4dcc5053a2b80ff2dab844bbf2f3d$lut for cells of type $lut.
Using template $paramod$22adb60cf7e17fdcffe2405866e3bb37988aff02$lut for cells of type $lut.
Using template $paramod$e3ea9056cc50273c3bdcfccb84e01d59d01c3211$lut for cells of type $lut.
Using template $paramod$lut\WIDTH=32'00000000000000000000000000000011\LUT=8'10001101 for cells of type $lut.
Using template $paramod$4023f8afed229439a515c73f862d0621f62845b4$lut for cells of type $lut.
Using template $paramod$e2d96f36ef28053ecd27167cd95b944485ac3146$lut for cells of type $lut.
Using template $paramod$9538e2ef18d0126569c5404521c0feb8676f1e61$lut for cells of type $lut.
Using template $paramod$ba229d279f7857a0b92e5b379829bce004ce7efa$lut for cells of type $lut.
Using template $paramod$29ba1d3e5e1bc60d10bdcdbf0481873852f91737$lut for cells of type $lut.
Using template $paramod$lut\WIDTH=32'00000000000000000000000000000011\LUT=8'00100111 for cells of type $lut.
Using template $paramod$d2a32b5705e5737b16886a119d437e51e14ee217$lut for cells of type $lut.
Using template $paramod$0d33777ff81cc002e97be776292b92fc6efa4b50$lut for cells of type $lut.
Using template $paramod$2e0fd651ab536ddf2afd30af26b1a2532281e83a$lut for cells of type $lut.
Using template $paramod$7ac47b34a528d032c98bc9518432066db57fd471$lut for cells of type $lut.
Using template $paramod$2cabff0c2323eb525733f255b6d06d2cf355a9ef$lut for cells of type $lut.
Using template $paramod$feacde7fa7e962fe05155154f7b9d3549e6d1c6f$lut for cells of type $lut.
Using template $paramod$58df2c605746858c7e53492c8f57d6f1fafa12d2$lut for cells of type $lut.
Using template $paramod$3ccc23db184ad4ca7ed34ebe2511de41d5d97e78$lut for cells of type $lut.
Using template $paramod$181733d3e31dcdcea8c52d0a4fc252b3aa453564$lut for cells of type $lut.
Using template $paramod$77fa6bb77e91ae2524e264ed065f7d439e2c27ed$lut for cells of type $lut.
Using template $paramod$1578333f1a5078051b84dbcbad362e8087bf5284$lut for cells of type $lut.
Using template $paramod$5073915fb3e3b6ee5612ea669fd7c36dbda7407c$lut for cells of type $lut.
Using template $paramod$f9813472aa48e533b3838c6f2316dc2e78c66111$lut for cells of type $lut.
Using template $paramod$8702d826849a5d8af6dd5fde2d287a6443f7d076$lut for cells of type $lut.
Using template $paramod$079a96a7c105713862f9c0df512702fc9926a2f5$lut for cells of type $lut.
Using template $paramod$27190b166827ead7a5b229ee873e4b91ee0faf61$lut for cells of type $lut.
Using template $paramod$37527a6e766318ee34bed64945a173f183e928a7$lut for cells of type $lut.
Using template $paramod$eaf23812691f1f9b972e54cba71e301b4b61bba4$lut for cells of type $lut.
Using template $paramod$a1d323730045824cfc84bb9f4ee8031f1c4dcc9e$lut for cells of type $lut.
Using template $paramod$4e9e23686d07a1fd91232ab07371e48a0e62a680$lut for cells of type $lut.
Using template $paramod$15d3dd50cc31557057274aea687fe2a8296cd155$lut for cells of type $lut.
Using template $paramod$2e850b4f1370f65bee67d1abf867a4254ce06951$lut for cells of type $lut.
Using template $paramod$1e29fe44d17b1a70669163e87c44fd90514330fb$lut for cells of type $lut.
Using template $paramod$a54dfa2fe51728a70edc8d5f3f74cc357a9a09d3$lut for cells of type $lut.
Using template $paramod$ef1d8c070371961428915a8ea3e9c1f3f2950fcd$lut for cells of type $lut.
Using template $paramod$03d7da0d848b4f563fda6bc83a08135cc5ded340$lut for cells of type $lut.
Using template $paramod$8921e608da57eb3483e6390a11938d2bd4d7314d$lut for cells of type $lut.
Using template $paramod$aaaf4d53e5623317f7cfb17b8590e4ed662ebe75$lut for cells of type $lut.
Using template $paramod$1d620495423e91ccd862aa52b0baa0ea73c1d05e$lut for cells of type $lut.
Using template $paramod$f5c118b1371bfc24986fe89a9f3e936c05edfbc3$lut for cells of type $lut.
Using template $paramod$4a91aab924d413dd66e54355a6653bf40aebbe71$lut for cells of type $lut.
Using template $paramod$f560411265e719997f617fcfec52f4babfa6e228$lut for cells of type $lut.
Using template $paramod$95400ebf1e647aa7b113550858577a9dde685ef9$lut for cells of type $lut.
Using template $paramod$711614d65a2a7d6912b9691c132af90a238ee220$lut for cells of type $lut.
Using template $paramod$769709ae16eccc599072458b4d4781590b99f69c$lut for cells of type $lut.
Using template $paramod$6d6beead1425af15cf78b27fd9b11b41b5d4bce8$lut for cells of type $lut.
Using template $paramod$6efcde54cd4e13402d329d87b98407490178586a$lut for cells of type $lut.
Using template $paramod$d8325753180ccd86c828757d9dbb16c299287a89$lut for cells of type $lut.
Using template $paramod$dd410e26403f53e48f7bdc44a092686ba37c192b$lut for cells of type $lut.
Using template $paramod$ce48753f9087706524ba82065d0a21343743d121$lut for cells of type $lut.
Using template $paramod$00c7ab4db5ed214f06e101baf6e5c16fbc96050c$lut for cells of type $lut.
Using template $paramod$8e44661def013b6bf9fe6f8b049ef2c838d749f9$lut for cells of type $lut.
Using template $paramod$b1d2df2889ab3fc35152fc6d92b46f7afe0388dd$lut for cells of type $lut.
Using template $paramod$071f329389abde166e66be4cd1ed4f9ff36824c5$lut for cells of type $lut.
Using template $paramod$39e66d4df6b6647f71ddfe90a7ee76717c44d9f0$lut for cells of type $lut.
Using template $paramod$3341c61af85bd9713067da35b6d71f412b4b013b$lut for cells of type $lut.
Using template $paramod$73c27b7a6a33423881c76b66665bac57793bbf6f$lut for cells of type $lut.
Using template $paramod$afecfebc46dcb343823eb5e559bbc74a03f9ee18$lut for cells of type $lut.
Using template $paramod$7c085cdbf0919cd3ad402d9495d97f0d71e4db93$lut for cells of type $lut.
Using template $paramod$fcbfafa76f6e48c701051fa534ecb41a7f382d7b$lut for cells of type $lut.
Using template $paramod$7929d818ff6cdab401756b40b10229878e94bd76$lut for cells of type $lut.
Using template $paramod$3d1f052d6363470fcb0939f41ba2ed0faacdf07c$lut for cells of type $lut.
Using template $paramod$55608858ecc0aa82350d501a1fbad74f74c9a072$lut for cells of type $lut.
Using template $paramod$32191ec15ed8601fa4c2a6f7d251f690350c83d1$lut for cells of type $lut.
Using template $paramod$af640610d9188bbadf4d2ede8d6dd289dfc3e719$lut for cells of type $lut.
Using template $paramod$ba7f31f246a278c41fa0648a6e0512f63185dec0$lut for cells of type $lut.
Using template $paramod$d5bf67f00f18cd6b457d801d1e721bba680ecdc2$lut for cells of type $lut.
Using template $paramod$5117898305f4997a01f7b61fe34a01163bd1cc2f$lut for cells of type $lut.
Using template $paramod$f6c5b574c31ec97c731f010ff9cd989aab84d5c4$lut for cells of type $lut.
Using template $paramod$857960f008dedd1cc307ab85f0ca2eb165060bb9$lut for cells of type $lut.
Using template $paramod$56750d71264f3f8d5af7dc524f93fa9b3c6f1dc0$lut for cells of type $lut.
Using template $paramod$1c4a5fb48d7dfe60e67a1a249551f33b87b0f2f3$lut for cells of type $lut.
Using template $paramod$3ec5e45cb3e54de9dbe908707155b5f9917c9370$lut for cells of type $lut.
Using template $paramod$abaee4da417a0f31da254d6cf9f0e4a6b62f632b$lut for cells of type $lut.
Using template $paramod$67c645b9941affc9b8f8a3b0c4b5ba178ad4ba54$lut for cells of type $lut.
Using template $paramod$85f7f300317817cfe1f8b574bd3c4de405e7006c$lut for cells of type $lut.
Using template $paramod$44c4085a5e859e5bf7f4e4075be86203e858ff80$lut for cells of type $lut.
Using template $paramod$79da5e3047b12020a7245dc460d4668ef4ec66e7$lut for cells of type $lut.
Using template $paramod$d5b95ef1c89d834e3e72966caf0c9ff97c5cfa95$lut for cells of type $lut.
Using template $paramod$4773b75c97018e61f57445eeea3243adae0e285e$lut for cells of type $lut.
Using template $paramod$004c3e40de523012661d6902757ddebe03c1db68$lut for cells of type $lut.
Using template $paramod$9cc8ef1e49950c6540727d9a59612fbb84309245$lut for cells of type $lut.
Using template $paramod$7f7120086b74d2ad6501bbaa30925c183268a1c2$lut for cells of type $lut.
Using template $paramod$325e90edf97670f9dea57833ae1f51a5e8bcddea$lut for cells of type $lut.
Using template $paramod$00b5a61e5ba1becb9ad1053bc8c92958356d8c31$lut for cells of type $lut.
Using template $paramod$a9969bbbc97ef54d63861a417391b0edd25d3233$lut for cells of type $lut.
Using template $paramod$f9e708165edb4b3bfbacbb5e91e59cd33ec05724$lut for cells of type $lut.
Using template $paramod$5a08224d27f6506e23571e2fa65d9e96d4340aa2$lut for cells of type $lut.
Using template $paramod$bc6c3df2bb24a7b943a9435f472fc86c02e33c69$lut for cells of type $lut.
Using template $paramod$fe85a52fd8e6b814b8474bbc7a76d29af3268e27$lut for cells of type $lut.
Using template $paramod$e277a522d8a930c8c8c8cdb56d33d42914aefec4$lut for cells of type $lut.
Using template $paramod$cb3321e9feae786cafebc57393e5ca36b013636e$lut for cells of type $lut.
Using template $paramod$cdfb4ce36e9b97ab980954e4bd7262833a7086a8$lut for cells of type $lut.
Using template $paramod$1388687c3c65d91c3d10b8cdb4cd5aa73f2d35ce$lut for cells of type $lut.
Using template $paramod$42ff96d6eecc9c3174242dea3ae28c15892417b1$lut for cells of type $lut.
Using template $paramod$37564a284747d77869a489991f70f84d90d09d57$lut for cells of type $lut.
Using template $paramod$ac256e804018a8a8a0aed6af0e185acba8d889de$lut for cells of type $lut.
Using template $paramod$2776690e640d0e8bda3448ccac202148828c1811$lut for cells of type $lut.
Using template $paramod$e85366f2a87ecb5d8d9cbc7275116110c5f8d824$lut for cells of type $lut.
Using template $paramod$2f5ed300b00ba53f36229f453693c73e73418e9f$lut for cells of type $lut.
Using template $paramod$6ff2b625567a044c17355a8519a883f66ba3433d$lut for cells of type $lut.
Using template $paramod$e5a3f8b4c4f04b0adef8c7706883f274c54726a6$lut for cells of type $lut.
Using template $paramod$2140085fc2865485a0054c490e085c792171a4d2$lut for cells of type $lut.
Using template $paramod$6d241272a8586ad41ccbab970aeda765b806d8cb$lut for cells of type $lut.
Using template $paramod$ec77ef2f39e0c5347eaada9711f26fca6a276050$lut for cells of type $lut.
Using template $paramod$cce04387ff6e4ae91cb3f7ce5ec720fb6382b209$lut for cells of type $lut.
Using template $paramod$469e5449f421a6d4ce864b18148ed2a4e2247a7d$lut for cells of type $lut.
Using template $paramod$b9aa10638f8a6853e58a1987af7ebe46418cf502$lut for cells of type $lut.
Using template $paramod$d6000d96f7daae023aea1d235aa57406d3b9e9d2$lut for cells of type $lut.
Using template $paramod$11cd15df8a70746948ce48630e57d590f6cb6df0$lut for cells of type $lut.
Using template $paramod$e4e236f5d87adab2d26629f18d75463d3c8a5ec9$lut for cells of type $lut.
Using template $paramod$da99335344b15454c604efb6e31abc50c6fa4572$lut for cells of type $lut.
Using template $paramod$d8119e7cf18bdd1d72e1822e569d9c40a2fc5848$lut for cells of type $lut.
Using template $paramod$4b815e6c998e04ad0d0242e44b0c58a7a9d0b3b6$lut for cells of type $lut.
Using template $paramod$2eaa1d461a3152377bc575941a6d1b4f22b72750$lut for cells of type $lut.
Using template $paramod$90c4da962fca88a0da942df08fa516b00ad0c346$lut for cells of type $lut.
Using template $paramod$b599a6506d64a051bd36465958b90115d0f781a3$lut for cells of type $lut.
Using template $paramod$49b469793d286096505951cc5ccf97f0e911b45e$lut for cells of type $lut.
Using template $paramod$a743caf801766df40bcc22d49baa12a0bdc2f7fe$lut for cells of type $lut.
Using template $paramod$2645ed3928f2726e8ccb403cb23252de43b617d7$lut for cells of type $lut.
Using template $paramod$6e238df02989b317f10820a22773676e71120644$lut for cells of type $lut.
Using template $paramod$lut\WIDTH=32'00000000000000000000000000000011\LUT=8'10001010 for cells of type $lut.
Using template $paramod$lut\WIDTH=32'00000000000000000000000000000011\LUT=8'11111000 for cells of type $lut.
Using template $paramod$lut\WIDTH=32'00000000000000000000000000000010\LUT=4'1110 for cells of type $lut.
Using template $paramod$e2d8e390f5b3f61fa0e36276a9fb12356ed7b604$lut for cells of type $lut.
Using template $paramod$f44e1eab45e047e709d5dfed32527eb1f7745488$lut for cells of type $lut.
Using template $paramod$df196ed0a1da5c4a58c5e08a1dac304fd3fccaab$lut for cells of type $lut.
Using template $paramod$59073c995cc777939802fc411d7b608c30e84105$lut for cells of type $lut.
Using template $paramod$e6049326c8634f79a905c381bb150ca718b543fa$lut for cells of type $lut.
Using template $paramod$8be96b63cc324d0992c8dbded44c01f3877cc4ea$lut for cells of type $lut.
Using template $paramod$7bb6a37e65823eeb4b38c370fec30ab082759a14$lut for cells of type $lut.
Using template $paramod$a96c1b98643fd4029e7967e2dfdaed9f89b3206a$lut for cells of type $lut.
Using template $paramod$9b0526c517406adf43dfede1ca1f1acd4ed76997$lut for cells of type $lut.
Using template $paramod$c3cb4cb014b9e4224e206d5c947943f76578c368$lut for cells of type $lut.
Using template $paramod$c8f16510db975553c8b0be1064e8f5234175f8a8$lut for cells of type $lut.
Using template $paramod$2ca5a8bf2a853a223fe0e0148e443d1b7e1e37b1$lut for cells of type $lut.
Using template $paramod$563a52fbac926b84a7346ad0f6f8c5e8871a62d8$lut for cells of type $lut.
Using template $paramod$11c86b7a6cb6e98dcfb16c5f4d4cc1052b93d8a4$lut for cells of type $lut.
Using template $paramod$20870fb8ed19ef4e92ff53429ec6cd7d8fd0e325$lut for cells of type $lut.
Using template $paramod$a24dd6a5a199a00bcdbeef5a959eff9e776515cb$lut for cells of type $lut.
Using template $paramod$18368a3da11a7221c7fb674ec80ee0d0bd64b883$lut for cells of type $lut.
Using template $paramod$841e3e784fbecd69498a8a70417426a0e21583ce$lut for cells of type $lut.
Using template $paramod$010d3e55ba0860626749e5baed808c21984345c0$lut for cells of type $lut.
Using template $paramod$f12b7714afaae6588f889c015e7c5e2a43a0d2ec$lut for cells of type $lut.
Using template $paramod$32abbd1d449a67fb913b4733374e345d4c17175b$lut for cells of type $lut.
Using template $paramod$ca10816ad5a9d7ed256256092f6e52a081aa973e$lut for cells of type $lut.
Using template $paramod$9c5b123245ce1ffa4f8741ea4bd68f1f311bf796$lut for cells of type $lut.
Using template $paramod$8696f458b0bc45d72f187617e991118b6ed26c4f$lut for cells of type $lut.
Using template $paramod$ac0d5ddb9e33ae77ec3656467a2c875b8452e273$lut for cells of type $lut.
Using template $paramod$7c3833e617307006af30409ed68b65a011a1121e$lut for cells of type $lut.
Using template $paramod$5ccae07be9149fdc8a679b602f9d431c20fd79a1$lut for cells of type $lut.
Using template $paramod$70a6f8b5e7c26d543ee5df54b2e21d28a007a4bc$lut for cells of type $lut.
Using template $paramod$d056d949321a37cd29c76d5d67afa787744f33b2$lut for cells of type $lut.
Using template $paramod$a849bb0f8c20768165052e2f6521e03d946f4c26$lut for cells of type $lut.
Using template $paramod$cf0428b2acd33f21334e13c910f1fbd12bbca382$lut for cells of type $lut.
Using template $paramod$7c45b674bf95c7ccd1c8cf917059984c93ed302d$lut for cells of type $lut.
Using template $paramod$9c65fdfac74256c2eb67dd209b598e25d1f0a099$lut for cells of type $lut.
Using template $paramod$d87fbdd1b15b67d77dd3383eb2ddb6a2d5df34ae$lut for cells of type $lut.
Using template $paramod$ee19d45db61acb4c70d938b97483a4ed4b792645$lut for cells of type $lut.
Using template $paramod$ea5280fce2698f0f291737e66fca69a1d9d058e1$lut for cells of type $lut.
Using template $paramod$6177fae6bd1d5bf4c6b830b3ce2c42a3a1100a72$lut for cells of type $lut.
Using template $paramod$04c9080383f55c05b1c5ba23f05bc729c3d04c9f$lut for cells of type $lut.
Using template $paramod$cd6072f002903b7ca9c8694d0e162df13b012f36$lut for cells of type $lut.
Using template $paramod$c3e9404bbee96227485bbf320e921a029449f50a$lut for cells of type $lut.
Using template $paramod$6842b8b2a2a38d0fdb35de972b4ce1a464745b17$lut for cells of type $lut.
Using template $paramod$23fc3755a65c2c5d8622512912d53dc7b2178699$lut for cells of type $lut.
Using template $paramod$bec6395250b3b14ad0693a6824999c30291c8c77$lut for cells of type $lut.
Using template $paramod$a6218c8b5f31418989159ec375a5154bd5bc21a6$lut for cells of type $lut.
Using template $paramod$38400b76de2b00d7d5f8f09de118b82fd1b8be0a$lut for cells of type $lut.
Using template $paramod$acd2aac62f6cac8eccb6441cdd9fcd1a9733ebff$lut for cells of type $lut.
Using template $paramod$4bb876346cbc5d13aef9f873277f12d388c5d51a$lut for cells of type $lut.
Using template $paramod$d6a246575d0ba3dcbbccd768ad41b602f82ff057$lut for cells of type $lut.
Using template $paramod$5be61390203e5b060fa3646d193048298889f204$lut for cells of type $lut.
Using template $paramod$b82d1b6d898b1b8734507b0138154e97fdbc9a3c$lut for cells of type $lut.
Using template $paramod$f109125ffdede8321ac65719b1066c75ff1eaef0$lut for cells of type $lut.
Using template $paramod$2e3ee743471be32ec00f428f4a4e2aa54ff42d1c$lut for cells of type $lut.
Using template $paramod$c064d9f267b09049d631f66733af1b91c12aa819$lut for cells of type $lut.
Using template $paramod$ff5e84e1714917f2e7cf9fcbcd6507006b2af6b8$lut for cells of type $lut.
Using template $paramod$9891217114ca63a6e9d48073351d843bb1d46faf$lut for cells of type $lut.
Using template $paramod$7e3e9079b98336c01d449a1ba97d56ca3a206a6d$lut for cells of type $lut.
Using template $paramod$4590a47b116d5775778dc6c1a10c23bcdfd5f1c1$lut for cells of type $lut.
Using template $paramod$c0126fc6d9272c9333142d1fc773c3a82815073d$lut for cells of type $lut.
Using template $paramod$b1680225cc6a5792caa95f54b8b3218fae21705d$lut for cells of type $lut.
Using template $paramod$5ac5268af446a7357e7f3ce1b1694d976ed97487$lut for cells of type $lut.
Using template $paramod$0859a0dcffd4cb7ffd8a38a94b67bf04026be14a$lut for cells of type $lut.
Using template $paramod$707701b498a5cd123a043548b93e61e0b6bdc440$lut for cells of type $lut.
Using template $paramod$7e3f6fcad20100422b5594de12e5927ef6007ce0$lut for cells of type $lut.
Using template $paramod$7620196deaa5b6302e81b2de62ec0de49575647a$lut for cells of type $lut.
Using template $paramod$df23d368a6ae8908771963811f5ab56f622887ca$lut for cells of type $lut.
Using template $paramod$a2fab807853819b915fe411bfcec88fe105f7901$lut for cells of type $lut.
Using template $paramod$c8cedb89b2f711c3e7d6353c28c6a50475ef6bcf$lut for cells of type $lut.
Using template $paramod$a855679ed93e9e77bf8e10caf4f13a8902b0f0a0$lut for cells of type $lut.
Using template $paramod$1f313f85ef575d13bac75382f04905a8c8be8f57$lut for cells of type $lut.
Using template $paramod$4e5f275a8704fce3f124c379b6762cafde096dd0$lut for cells of type $lut.
Using template $paramod$3b78eaf473f51d7c9403615b83ec773fce956e95$lut for cells of type $lut.
Using template $paramod$c362ad8dedc7d166ed978091aca319ab1e81a2d4$lut for cells of type $lut.
Using template $paramod$36f1303d3d652549526c898c7093037700abb60b$lut for cells of type $lut.
Using template $paramod$f7e977e4ab769956ecac4448595a773db86c44e8$lut for cells of type $lut.
Using template $paramod$5b4b4ed558983d9f3ab4c896a7a011d129b0db9a$lut for cells of type $lut.
Using template $paramod$092057a7dd23d8648fd0441295c5cf2cd7f6fd39$lut for cells of type $lut.
Using template $paramod$c679d4ca774111b4e8df6a51f361f38e986fd799$lut for cells of type $lut.
Using template $paramod$lut\WIDTH=32'00000000000000000000000000000011\LUT=8'10001111 for cells of type $lut.
Using template $paramod$lut\WIDTH=32'00000000000000000000000000000011\LUT=8'11110010 for cells of type $lut.
Using template $paramod$lut\WIDTH=32'00000000000000000000000000000010\LUT=4'1011 for cells of type $lut.
Using template $paramod$21f957a7073b1ba634cad0df400394ca323de2fc$lut for cells of type $lut.
Using template $paramod$c64dec5f9cba92e7fb1a4ba3987a6ac85d9a3898$lut for cells of type $lut.
Using template $paramod$66e741791413519a466d4f44240bc83d3a191818$lut for cells of type $lut.
Using template $paramod$272652f6c6fbe9a75eff76e45cc7e2788835518b$lut for cells of type $lut.
Using template $paramod$lut\WIDTH=32'00000000000000000000000000000011\LUT=8'11101010 for cells of type $lut.
Using template $paramod$a15fd389a2f54cb7b94707b25934d226e68d9e2e$lut for cells of type $lut.
Using template $paramod$lut\WIDTH=32'00000000000000000000000000000011\LUT=8'11110100 for cells of type $lut.
Using template $paramod$lut\WIDTH=32'00000000000000000000000000000011\LUT=8'11101100 for cells of type $lut.
Using template $paramod$556f1f8248d46fa51b5b76abd5030284b37d6d0e$lut for cells of type $lut.
Using template $paramod$364c9ffbffac467d60dfec81bba4e18476c15602$lut for cells of type $lut.
Using template $paramod$30305e55a780880b9c824fe3509a4d981acb0f2b$lut for cells of type $lut.
Using template $paramod$571404c0889eaf57f492cb5e37f8acb5df5852f9$lut for cells of type $lut.
Using template $paramod$ab1d10eb704c874892449a9cbc9ba5c001dab42d$lut for cells of type $lut.
Using template $paramod$0f1054d7a869eb1bffa14eab6537eeff64eb55da$lut for cells of type $lut.
Using template $paramod$33f60e9506c8cefb5338f6641825024bb104dae7$lut for cells of type $lut.
Using template $paramod$5ad2d5a73fe5d2d538d9122706ebb20a4c23f2be$lut for cells of type $lut.
Using template $paramod$3fd756c0096ffe19725bbdd16b1cd7ebd664772c$lut for cells of type $lut.
Using template $paramod$0b0769f947f4dbdfadb06f47ff8c24113d2d5487$lut for cells of type $lut.
Using template $paramod$77d128f8a7b591199310617358210673f74bd8a4$lut for cells of type $lut.
Using template $paramod$97c5009775f027c90e332caaffc5aa8507bd1d9f$lut for cells of type $lut.
Using template $paramod$c28a8b7ce0535d090c4cfb52e9c74affd52b110c$lut for cells of type $lut.
Using template $paramod$47a8214374025465e226fa66bee690ff33268a25$lut for cells of type $lut.
Using template $paramod$54980711e9d66596d61029cb51674473c069dcfc$lut for cells of type $lut.
Using template $paramod$59a129f587bb583623968175978cb3b24609d5d9$lut for cells of type $lut.
Using template $paramod$6e46ec5a196ba1a24b8e69ab094cadc07c13ac1f$lut for cells of type $lut.
Using template $paramod$c861acb4d359c4fc0090c4e5a912d80facd803ab$lut for cells of type $lut.
Using template $paramod$fa90e6b4ff54c9a3f6bea754646eebea90c24aad$lut for cells of type $lut.
Using template $paramod$a88cbe275ca0f24a28b776a3819125328c2b6eb0$lut for cells of type $lut.
Using template $paramod$06537b95bf3804fc0a45875153d59faf2a22df58$lut for cells of type $lut.
Using template $paramod$19fe1ba23ba7fdb117bb75432cd43fbe2b988d53$lut for cells of type $lut.
Using template $paramod$a9cc77ddc8c5b4f6a4d0854d18d68b74c5969526$lut for cells of type $lut.
Using template $paramod$aa1beca5d8cdb5270ac58d938ee9bff834898180$lut for cells of type $lut.
Using template $paramod$2fb03879aa352413f26c730779a4de43e1f1b847$lut for cells of type $lut.
Using template $paramod$ddb47b249929f98972c955e761889ead1a770cff$lut for cells of type $lut.
Using template $paramod$7e8b9030a4aed5936a35a5b84ebffe52e1146958$lut for cells of type $lut.
Using template $paramod$7cee57d9dcc55a6563a352ca875ce6c911ea716c$lut for cells of type $lut.
Using template $paramod$66025a043dc2fd71a3ec76ab7ebc4e1daef971ce$lut for cells of type $lut.
Using template $paramod$a05170b3f2d3fcb0bf88d37e810984e864962880$lut for cells of type $lut.
Using template $paramod$eb117e6cc6cf95759acbf9d33d7a66af3bc722fb$lut for cells of type $lut.
Using template $paramod$21f593e5b433cc1aa1aa091598f007048b91903d$lut for cells of type $lut.
Using template $paramod$4f885685dad0f4b3e324e9c13364f17ead36f4ec$lut for cells of type $lut.
Using template $paramod$5807e5c11b59d8711f1580ffbaecdc460660b15a$lut for cells of type $lut.
Using template $paramod$66e7aa99bb4b3fc2ebda1f723e6ac814d1aed52c$lut for cells of type $lut.
Using template $paramod$f90e2ec6b7a4c6db6f7a3682dfa870e7c33a78da$lut for cells of type $lut.
Using template $paramod$a2f01eec25eb92d08608e73046bdb01195b11a42$lut for cells of type $lut.
Using template $paramod$a0cc278065531fd1ac6f19bedd345b4c098e510f$lut for cells of type $lut.
Using template $paramod$ae9b8688208bc968e066759f867620e9ddf86c4d$lut for cells of type $lut.
Using template $paramod$584e4a38268562e2142ef24a574198cdf8d42be8$lut for cells of type $lut.
Using template $paramod$1c850170aebb71200bb7fa29692e5263809220e7$lut for cells of type $lut.
Using template $paramod$281d7d2f622df4f002cd717126ffd4e322f859a2$lut for cells of type $lut.
Using template $paramod$c08a774c89ef1ea6ee2ef4d8c3b071eb141d4259$lut for cells of type $lut.
Using template $paramod$f32bdd7cc07438f72cd437b3c5a28e8ae84afc03$lut for cells of type $lut.
Using template $paramod$32f591d25bbccfbf6e8ff90ad0d6ecaf2ac6c218$lut for cells of type $lut.
Using template $paramod$111aa884856e887bc3861073720e874fc84effdb$lut for cells of type $lut.
Using template $paramod$fb96ba76eab00e312fb7b0858696e1d6a1f2f8e6$lut for cells of type $lut.
Using template $paramod$7295da7c5b19f528a428229f2570e0a23ad372af$lut for cells of type $lut.
Using template $paramod$0eaf51b380ac8b4f78f45e85546102431d4f6b89$lut for cells of type $lut.
Using template $paramod$6c5f8a3dcbea921e638a9776f3517ab873aff16e$lut for cells of type $lut.
Using template $paramod$1843b3c15f2447d117e2d5de9b00f791ef5f9fa3$lut for cells of type $lut.
Using template $paramod$9b39edf2b4be36681a7ce473537f2a556c611cd6$lut for cells of type $lut.
Using template $paramod$b7e1f0e44e1823882f3ed6063906649af1d55c48$lut for cells of type $lut.
Using template $paramod$lut\WIDTH=32'00000000000000000000000000000011\LUT=8'00001110 for cells of type $lut.
Using template $paramod$745afd1fa78a9370670670d55267939ee3bb113b$lut for cells of type $lut.
Using template $paramod$lut\WIDTH=32'00000000000000000000000000000011\LUT=8'00001101 for cells of type $lut.
Using template $paramod$e50929688d8319f8cd7bdd627065cd59d2e91fe4$lut for cells of type $lut.
Using template $paramod$58685d136f916910674b7cdb559b8c116c3484e1$lut for cells of type $lut.
Using template $paramod$7aee9f69444623e4c83a876d7b49067bd9373c95$lut for cells of type $lut.
Using template $paramod$6bf3cc97f36584c5462d7fac46831a46b29a957e$lut for cells of type $lut.
Using template $paramod$00ea7dd5df08e4ea15a7ff78be0b77d8d58d8e6d$lut for cells of type $lut.
Using template $paramod$140dea06035df029f08760cea8e9ec42c8fcfbb2$lut for cells of type $lut.
Using template $paramod$c8e56946d7b33b4de9359965a8ef2b5e8c6d31ec$lut for cells of type $lut.
Using template $paramod$6aa123f49eb0ae3739d6708812cedabc589076b1$lut for cells of type $lut.
Using template $paramod$574ca0dcb04d9c43163750b2840d9e574a8a1814$lut for cells of type $lut.
Using template $paramod$18d0710d3c4b958e8375be2e3246f033a341de28$lut for cells of type $lut.
Using template $paramod$581f1670aa61a213f373ff562f0899844275da2d$lut for cells of type $lut.
Using template $paramod$c5966e98773f1c185668bb7f5b6385d25e498be1$lut for cells of type $lut.
Using template $paramod$f51df52542d4bdc411402889244c06d879744654$lut for cells of type $lut.
Using template $paramod$ad26a1f6e8cd1e74bd4f88fb58d96a709e096bcc$lut for cells of type $lut.
Using template $paramod$lut\WIDTH=32'00000000000000000000000000000010\LUT=4'0111 for cells of type $lut.
Using template $paramod$c76568a9b82495182a105d74dd2bb970f5c2245d$lut for cells of type $lut.
Using template $paramod$96f2db70496a1e8d6e61ba3717e65e21e3bec09e$lut for cells of type $lut.
Using template $paramod$d908650b6fa0387cba38be2d103841d5f13ec79a$lut for cells of type $lut.
Using template $paramod$1f01dfe50167ee32daaf662a586e1c18f92fe2ca$lut for cells of type $lut.
Using template $paramod$479ea6fe838844a478715882cf7334706d3120a7$lut for cells of type $lut.
Using template $paramod$de8efd9038b0b46d594ff166c645b21318a3b7be$lut for cells of type $lut.
Using template $paramod$c60646d9072891d40636380569a28a056ddca0f6$lut for cells of type $lut.
Using template $paramod$9d57eff00bd6b4d25cb1c5a89cb7afd29d5fa5af$lut for cells of type $lut.
Using template $paramod$c581f6382c881129fac55eec32fe31b4c289a2e5$lut for cells of type $lut.
Using template $paramod$b0878fe1110407fee18c8a936649bef81b1047a4$lut for cells of type $lut.
Using template $paramod$b665505b4f2ebaaba7fc00e4553f017f51f0b6e1$lut for cells of type $lut.
Using template $paramod$9ee1cec485b05d51e3035b95b44c9cb044a64a40$lut for cells of type $lut.
Using template $paramod$077f0a484d58dac4e3c69c4cba040f8b2cba23bf$lut for cells of type $lut.
Using template $paramod$4f750cb34540bad7e8d277dd5bc5ea63e403d272$lut for cells of type $lut.
Using template $paramod$97ac471aedd6b8e948e0399f8bd67ae06c2802a6$lut for cells of type $lut.
Using template $paramod$c600b4b1adc22857e1c1ba3b6aeb516fabe09da0$lut for cells of type $lut.
Using template $paramod$50caf33fa4088bd4eb6445ccb9116e4e6031df7f$lut for cells of type $lut.
Using template $paramod$c7b80ba430fcbff15d6bf260d454531db01b4698$lut for cells of type $lut.
Using template $paramod$8ef6be4e40a30331a2039e40b5aa2afe73f638a4$lut for cells of type $lut.
Using template $paramod$08376f7fae321567207e85bf6db3a9f247ca9620$lut for cells of type $lut.
Using template $paramod$57850ddfc6460d036180ebbd1dfeb08a77a58d35$lut for cells of type $lut.
Using template $paramod$173257c402a3003de28bff8c2a49d358e5f4004c$lut for cells of type $lut.
Using template $paramod$9accec461bdf9de30d8ae592852e822e78be8a49$lut for cells of type $lut.
Using template $paramod$0d7b7915f628a681161e5d3791000d48019932b5$lut for cells of type $lut.
Using template $paramod$e7a7b66e55bfceb065b479a57fe8f15e0f352b29$lut for cells of type $lut.
Using template $paramod$2054e486c979b759b6f4f7df3aeef508bad324ef$lut for cells of type $lut.
Using template $paramod$10937e50ec10e9b0ee9a0254632063f0278f51d5$lut for cells of type $lut.
Using template $paramod$6a0fa55dd92820a04c4c027ac3e5c09cfba324d0$lut for cells of type $lut.
Using template $paramod$e1ac894a2723e96ae103a1941dc871fbb0ccd216$lut for cells of type $lut.
Using template $paramod$84cb95f8ff0d6a7447159d4e808aa714df704104$lut for cells of type $lut.
Using template $paramod$44744fa0a1f3cbfd6de483e084877a22bfc244c6$lut for cells of type $lut.
Using template $paramod$75820d9347a3209ed31ee4e9316ffc4b3fcae7a6$lut for cells of type $lut.
Using template $paramod$3be30a5a9f993377f0c44a54aadf0fabaaafa2c9$lut for cells of type $lut.
Using template $paramod$71670dae89174dc8afb88b4ea4d5a67f7e9f519b$lut for cells of type $lut.
Using template $paramod$lut\WIDTH=32'00000000000000000000000000000001\LUT=2'01 for cells of type $lut.
Using template $paramod$f3f4a481f63253c81fa6a9a311031f94fdb91467$lut for cells of type $lut.
Using template $paramod$0ea3ba4e83d067f77e1734266b52d601569f678a$lut for cells of type $lut.
Using template $paramod$315bb1a188d618dacbf4f198d1913f38a9979750$lut for cells of type $lut.
Using template $paramod$af243aeda92ac7573289e9be4784b4d41c9b0ccc$lut for cells of type $lut.
Using template $paramod$1354e023f4737d43453912b981daa172b1cc8c89$lut for cells of type $lut.
Using template $paramod$827f1815e279dfea67b956ddc4720ec7a50fb592$lut for cells of type $lut.
Using template $paramod$872def176acf0af46aee1a4df67a9291309e3c01$lut for cells of type $lut.
Using template $paramod$06347b92e4692a62561f4112384745a9a4083c33$lut for cells of type $lut.
Using template $paramod$ae1f90a85292d7b0a605bcd0956015d0855c59e1$lut for cells of type $lut.
Using template $paramod$e3bd8b4032b695146c8808e198e9593ba7cef5f0$lut for cells of type $lut.
Using template $paramod$cc680ff53b1f353d6fb4a452cf455777cc96519b$lut for cells of type $lut.
Using template $paramod$d8292bc4e40bbad9da20b302d7770101cec5c948$lut for cells of type $lut.
Using template $paramod$bf8afeb8ab21654ac8c4f173fe98f0c960e03b48$lut for cells of type $lut.
Using template $paramod$206cfa331bbfb0a5b6dcc2db03520c1bf1033532$lut for cells of type $lut.
Using template $paramod$7a4cbdf0873f7963058d7f57e0424971c62dee2b$lut for cells of type $lut.
Using template $paramod$lut\WIDTH=32'00000000000000000000000000000011\LUT=8'00001011 for cells of type $lut.
Using template $paramod$6d9736a72e8cdea1c4665f5e210b182aca6cfb26$lut for cells of type $lut.
Using template $paramod$1bb2fc47b457abe7e28b98cfa3441b6432237f90$lut for cells of type $lut.
Using template $paramod$c8c2f45d9083177b70913b41d4370d01f048f309$lut for cells of type $lut.
Using template $paramod$ce57c8604805f80ab07a0434d106bb987e82ae6c$lut for cells of type $lut.
Using template $paramod$d0d27b85008c0f720ecef8ac80ba7db9407bb4a5$lut for cells of type $lut.
Using template $paramod$b27738c62f0876d731c0709f0f95723fc4df3fdf$lut for cells of type $lut.
Using template $paramod$b6643f2b8be198b31e211be85869de0b9ec2194c$lut for cells of type $lut.
Using template $paramod$94ac66a11090dca84889e55fcf03297912a5b7ec$lut for cells of type $lut.
Using template $paramod$de9aba37919c337967edf9aae8f6f91371ad0de7$lut for cells of type $lut.
Using template $paramod$0fd84e28d55d489dd230aa3d5fdd2d453187120f$lut for cells of type $lut.
Using template $paramod$314547a6ed3777f71cab296385959e60977d9efb$lut for cells of type $lut.
Using template $paramod$25696d6b21c8ac3da9913114964545779e21cfa5$lut for cells of type $lut.
Using template $paramod$a7d9b4ab0321c8125e5b895183ee6b84cdb4a31b$lut for cells of type $lut.
Using template $paramod$2ab5e837ebad4f48ff747ecaf559b306e90e9b23$lut for cells of type $lut.
Using template $paramod$8078f2e43ba8032f069fe64aa41798382f3716e2$lut for cells of type $lut.
Using template $paramod$4976b5f7a7b9f6e596e742c7d9dd919d8c62448f$lut for cells of type $lut.
Using template $paramod$ececc55fe721b2d80098bfc00a6005f1af14b6e5$lut for cells of type $lut.
Using template $paramod$56f332859582ea47b70f3181e7352d06ff60f40e$lut for cells of type $lut.
Using template $paramod$50c63483f41ccddec9d1e8b84743ffa05653e4e5$lut for cells of type $lut.
Using template $paramod$4125cdcba5ec6f75dd1e40b31c2ad678de5ffcd8$lut for cells of type $lut.
Using template $paramod$fca3112af1492f1084aab53fd8a15cf362ea6fe0$lut for cells of type $lut.
Using template $paramod$ccf6e86db53cf82c95a8b9cc7c7b9bcf78b7a130$lut for cells of type $lut.
Using template $paramod$5876bb8ae14f82eeb6991837854a06572e323b11$lut for cells of type $lut.
Using template $paramod$d3953e68d1efdf50a2cf33a77e6757ead69c5de3$lut for cells of type $lut.
Using template $paramod$02051f5ee2ff8f1c32a960c00aa3b7a037262465$lut for cells of type $lut.
Using template $paramod$098e0e873ded05f69ea55cb0696b96edb1c3e860$lut for cells of type $lut.
Using template $paramod$45c683147559ba783fe599bc55f6814b9416a115$lut for cells of type $lut.
Using template $paramod$1c610d8a77c1087ab97cd4456e1d4ce6833629ca$lut for cells of type $lut.
Using template $paramod$98f658fe6135096099f383489ef8a83eb11f2515$lut for cells of type $lut.
Using template $paramod$d9249ec8dc3df57924550f5da2e40f611ccd3a77$lut for cells of type $lut.
Using template $paramod$55c74d80fb50e283f9666459c3a2c9264c017672$lut for cells of type $lut.
Using template $paramod$3d264d29aaa96abac7b8fd6ac3193b202488cdc9$lut for cells of type $lut.
Using template $paramod$490253f4201d598cf6d633f09c0a8d2f67f492c5$lut for cells of type $lut.
Using template $paramod$e9e737cd3910ce86208e6de6e42d31cb168001b4$lut for cells of type $lut.
Using template $paramod$6b8ce42b564f8b3438faf3d2cdc80802081ae5f8$lut for cells of type $lut.
Using template $paramod$0604994519269717b3bbc0aa249127efe4317aac$lut for cells of type $lut.
Using template $paramod$eb6c5c009d96f7a5023b9ffc2c370a06b5df46f1$lut for cells of type $lut.
Using template $paramod$84ea209fb099d0d6cf8ffb05f31e94230434a764$lut for cells of type $lut.
Using template $paramod$beeab6d00edea8b2d2d62afbacf572d4a14e9bb8$lut for cells of type $lut.
Using template $paramod$c36179d24c48fb67b34d638db1bbbde5fdc66434$lut for cells of type $lut.
Using template $paramod$84aa6f12cc90d9d9eaa786d91ae1c2bd603b5830$lut for cells of type $lut.
Using template $paramod$abfb94a72a3a85619693fb8ce0c6f77a18006741$lut for cells of type $lut.
Using template $paramod$7d7d0889192542c76acfa82245101017553e949d$lut for cells of type $lut.
Using template $paramod$5fac8a215604b72de6cbb3f4e35b722ec8d04ec4$lut for cells of type $lut.
Using template $paramod$12601615830036ddd2e1fc2eae49600af5e64911$lut for cells of type $lut.
Using template $paramod$6a1df1d96116fd737a741b28465e515ffb09bd4f$lut for cells of type $lut.
Using template $paramod$fcd05456ca580792ecb420b6691fab8718884e2a$lut for cells of type $lut.
Using template $paramod$31463709a0496b8dde9b8145d625819a9e70ab2d$lut for cells of type $lut.
Using template $paramod$8c91d43abf0d201aaaccad9a1b1f93f3c1a78422$lut for cells of type $lut.
Using template $paramod$58abe7757431c5f2f9716e33d281ca587cf0b871$lut for cells of type $lut.
Using template $paramod$f853c1b0f1a2d143c8e9dbf6c238b5b8c62582c4$lut for cells of type $lut.
Using template $paramod$f064fa772b20817d77d531e93fc795065cef51c0$lut for cells of type $lut.
Using template $paramod$552c54a44f22c5fb2e95c58915635f2a2f213caa$lut for cells of type $lut.
Using template $paramod$f3d716d5ea60b13668f75fabb3f2af54e14474e4$lut for cells of type $lut.
Using template $paramod$82e70edc0c601516c918685f086b9ecaafb9d55f$lut for cells of type $lut.
Using template $paramod$8508b88ace7f9aa4799e32c12896ea4dd8943ee0$lut for cells of type $lut.
Using template $paramod$df9add1aab22b3285ff8d9aad7423ddf8ed76e26$lut for cells of type $lut.
Using template $paramod$935fcab33d6519f26b688101123bb36e25e5e6e9$lut for cells of type $lut.
Using template $paramod$f092df1ba3a8423c809e1cd58cfbc705e8a923af$lut for cells of type $lut.
Using template $paramod$9488377740e4bfe5c3622b8069f43137c1dc70dc$lut for cells of type $lut.
Using template $paramod$2481e0616312cfb55bd2d1c50ec888fb54a83ed3$lut for cells of type $lut.
Using template $paramod$9468aba430076ff0823d6f207570cbebeea5d34d$lut for cells of type $lut.
Using template $paramod$3d5568555f4115729cc3941a581f8c813679401b$lut for cells of type $lut.
Using template $paramod$fc6931a11d68e5a539d50b2079f51725307c3ef2$lut for cells of type $lut.
Using template $paramod$a5763bf6276dba640667d9b925e2f79f0771d14c$lut for cells of type $lut.
Using template $paramod$34a5e13ea7476404e6e08548dbd7338bc239b2b5$lut for cells of type $lut.
Using template $paramod$a399ce5686c2a894f7474e122327ed6720560430$lut for cells of type $lut.
No more expansions possible.
<suppressed ~14878 debug messages>

4.47. Executing XILINX_DFFOPT pass (optimize FF control signal usage).
Optimizing FFs in datapath_pipelined.

4.48. Executing OPT_LUT_INS pass (discard unused LUT inputs).
Optimizing LUTs in datapath_pipelined.
  Optimizing lut $abc$138267$lut$aiger138266$13226.genblk1.genblk1.genblk1.genblk1.genblk1.genblk1.genblk1.genblk1.genblk1.genblk1.lut0.genblk1.genblk1.genblk1.genblk1.genblk1.genblk1.genblk1.genblk1.genblk1.lut1 (6 -> 4)
  Optimizing lut $auto$abc_ops_reintegrate.cc:652:reintegrate$138624.genblk1.genblk1.genblk1.genblk1.genblk1.genblk1.genblk1.genblk1.genblk1.genblk1.lut0.genblk1.genblk1.genblk1.genblk1.genblk1.genblk1.genblk1.genblk1.genblk1.lut0 (6 -> 4)
  Optimizing lut $abc$138267$lut$aiger138266$11647.genblk1.genblk1.genblk1.genblk1.genblk1.genblk1.genblk1.genblk1.genblk1.genblk1.lut0.genblk1.genblk1.genblk1.genblk1.genblk1.genblk1.genblk1.genblk1.genblk1.lut0 (6 -> 1)
  Optimizing lut $auto$abc_ops_reintegrate.cc:652:reintegrate$138602.genblk1.genblk1.genblk1.genblk1.genblk1.genblk1.genblk1.genblk1.genblk1.genblk1.lut1.genblk1.genblk1.genblk1.genblk1.genblk1.genblk1.genblk1.genblk1.genblk1.lut0 (6 -> 4)
  Optimizing lut $auto$abc_ops_reintegrate.cc:652:reintegrate$138602.genblk1.genblk1.genblk1.genblk1.genblk1.genblk1.genblk1.genblk1.genblk1.genblk1.lut0.genblk1.genblk1.genblk1.genblk1.genblk1.genblk1.genblk1.genblk1.genblk1.lut0 (6 -> 5)
  Optimizing lut $abc$138267$lut$aiger$o117.genblk1.genblk1.genblk1.genblk1.genblk1.genblk1.genblk1.genblk1.genblk1.genblk1.lut0.genblk1.genblk1.genblk1.genblk1.genblk1.genblk1.genblk1.genblk1.genblk1.lut0 (6 -> 5)
  Optimizing lut $abc$138267$lut$aiger138266$13565.genblk1.genblk1.genblk1.genblk1.genblk1.genblk1.genblk1.genblk1.genblk1.genblk1.lut1.genblk1.genblk1.genblk1.genblk1.genblk1.genblk1.genblk1.genblk1.genblk1.lut0 (6 -> 1)
  Optimizing lut $abc$138267$lut$aiger138266$13565.genblk1.genblk1.genblk1.genblk1.genblk1.genblk1.genblk1.genblk1.genblk1.genblk1.lut0.genblk1.genblk1.genblk1.genblk1.genblk1.genblk1.genblk1.genblk1.genblk1.lut0 (6 -> 5)
  Optimizing lut $abc$138267$lut$aiger138266$13226.genblk1.genblk1.genblk1.genblk1.genblk1.genblk1.genblk1.genblk1.genblk1.genblk1.lut1.genblk1.genblk1.genblk1.genblk1.genblk1.genblk1.genblk1.genblk1.genblk1.lut0 (6 -> 1)
  Optimizing lut $abc$138267$lut$aiger138266$13226.genblk1.genblk1.genblk1.genblk1.genblk1.genblk1.genblk1.genblk1.genblk1.genblk1.lut0.genblk1.genblk1.genblk1.genblk1.genblk1.genblk1.genblk1.genblk1.genblk1.lut0 (6 -> 5)
  Optimizing lut $abc$138267$lut$aiger138266$9769.genblk1.genblk1.genblk1.genblk1.genblk1.genblk1.genblk1.genblk1.genblk1.lut0 (6 -> 4)
  Optimizing lut $auto$abc_ops_reintegrate.cc:652:reintegrate$138624.genblk1.genblk1.genblk1.genblk1.genblk1.genblk1.genblk1.genblk1.genblk1.genblk1.lut1.genblk1.genblk1.genblk1.genblk1.genblk1.genblk1.genblk1.genblk1.genblk1.lut0 (6 -> 4)
  Optimizing lut $abc$138267$lut$aiger138266$11647.genblk1.genblk1.genblk1.genblk1.genblk1.genblk1.genblk1.genblk1.genblk1.genblk1.lut1.genblk1.genblk1.genblk1.genblk1.genblk1.genblk1.genblk1.genblk1.genblk1.lut0 (6 -> 1)
  Optimizing lut $auto$abc_ops_reintegrate.cc:652:reintegrate$138602.genblk1.genblk1.genblk1.genblk1.genblk1.genblk1.genblk1.genblk1.genblk1.genblk1.lut1.genblk1.genblk1.genblk1.genblk1.genblk1.genblk1.genblk1.genblk1.genblk1.lut1 (6 -> 5)
  Optimizing lut $abc$138267$lut$aiger138266$11647.genblk1.genblk1.genblk1.genblk1.genblk1.genblk1.genblk1.genblk1.genblk1.genblk1.lut0.genblk1.genblk1.genblk1.genblk1.genblk1.genblk1.genblk1.genblk1.genblk1.lut1 (6 -> 1)
  Optimizing lut $abc$138267$lut$aiger$o2610.genblk1.genblk1.genblk1.genblk1.genblk1.genblk1.genblk1.genblk1.genblk1.lut0 (6 -> 4)
  Optimizing lut $abc$138267$lut$aiger138266$13565.genblk1.genblk1.genblk1.genblk1.genblk1.genblk1.genblk1.genblk1.genblk1.genblk1.lut1.genblk1.genblk1.genblk1.genblk1.genblk1.genblk1.genblk1.genblk1.genblk1.lut1 (6 -> 4)
  Optimizing lut $abc$138267$lut$aiger$o117.genblk1.genblk1.genblk1.genblk1.genblk1.genblk1.genblk1.genblk1.genblk1.genblk1.lut1.genblk1.genblk1.genblk1.genblk1.genblk1.genblk1.genblk1.genblk1.genblk1.lut0 (6 -> 4)
  Optimizing lut $abc$138267$lut$aiger138266$13226.genblk1.genblk1.genblk1.genblk1.genblk1.genblk1.genblk1.genblk1.genblk1.genblk1.lut1.genblk1.genblk1.genblk1.genblk1.genblk1.genblk1.genblk1.genblk1.genblk1.lut1 (6 -> 4)
  Optimizing lut $abc$138267$lut$aiger138266$13565.genblk1.genblk1.genblk1.genblk1.genblk1.genblk1.genblk1.genblk1.genblk1.genblk1.lut0.genblk1.genblk1.genblk1.genblk1.genblk1.genblk1.genblk1.genblk1.genblk1.lut1 (6 -> 4)
  Optimizing lut $auto$abc_ops_reintegrate.cc:652:reintegrate$138624.genblk1.genblk1.genblk1.genblk1.genblk1.genblk1.genblk1.genblk1.genblk1.genblk1.lut0.genblk1.genblk1.genblk1.genblk1.genblk1.genblk1.genblk1.genblk1.genblk1.lut1 (6 -> 4)
  Optimizing lut $abc$138267$lut$aiger$o117.genblk1.genblk1.genblk1.genblk1.genblk1.genblk1.genblk1.genblk1.genblk1.genblk1.lut1.genblk1.genblk1.genblk1.genblk1.genblk1.genblk1.genblk1.genblk1.genblk1.lut1 (6 -> 5)

4.49. Executing CLKBUFMAP pass (inserting clock buffers).
Inserting BUFG on datapath_pipelined.dmem.clk[0].
Removed 0 unused cells and 9039 unused wires.

4.50. Executing HIERARCHY pass (managing design hierarchy).
Attribute `top' found on module `datapath_pipelined'. Setting top module to datapath_pipelined.

4.50.1. Analyzing design hierarchy..
Top module:  \datapath_pipelined

4.50.2. Analyzing design hierarchy..
Top module:  \datapath_pipelined
Removed 0 unused modules.

4.51. Printing statistics.

=== datapath_pipelined ===

        +----------Local Count, excluding submodules.
        | 
     2335 wires
    14270 wire bits
      306 public wires
     6124 public wire bits
        2 ports
        2 port bits
     3671 cells
        1   BUFG
        2   IBUF
        1   INV
        5   LUT1
      291   LUT2
      326   LUT3
      536   LUT4
     1698   LUT5
      811   LUT6
     3716 submodules
       35   CARRY4
     3657   FDRE
       18   MUXF7
        6   MUXF8

   Estimated number of LCs:       3371

=== design hierarchy ===

        +----------Count including submodules.
        | 
     3671 datapath_pipelined

        +----------Count including submodules.
        | 
     2335 wires
    14270 wire bits
      306 public wires
     6124 public wire bits
        2 ports
        2 port bits
        - memories
        - memory bits
        - processes
     3671 cells
        1   BUFG
        2   IBUF
        1   INV
        5   LUT1
      291   LUT2
      326   LUT3
      536   LUT4
     1698   LUT5
      811   LUT6
     3716 submodules
       35   CARRY4
     3657   FDRE
       18   MUXF7
        6   MUXF8

   Estimated number of LCs:       3371

4.52. Executing CHECK pass (checking for obvious problems).
Checking module datapath_pipelined...
Found and reported 0 problems.

5. Printing statistics.

=== datapath_pipelined ===

        +----------Local Count, excluding submodules.
        | 
     2335 wires
    14270 wire bits
      306 public wires
     6124 public wire bits
        2 ports
        2 port bits
     7387 cells
        1   BUFG
       35   CARRY4
     3657   FDRE
        2   IBUF
        1   INV
        5   LUT1
      291   LUT2
      326   LUT3
      536   LUT4
     1698   LUT5
      811   LUT6
       18   MUXF7
        6   MUXF8

6. Executing SLANG frontend.
Top level design units:
    datapath_pipelined


Build succeeded: 0 errors, 0 warnings

6.1. Executing PROC_CLEAN pass (remove empty switches from decision trees).
Found and cleaned up 1 empty switch in `\datapath_pipelined.$681'.
Found and cleaned up 1 empty switch in `\datapath_pipelined.$657'.
Removing empty process `datapath_pipelined.$647'.
Found and cleaned up 1 empty switch in `\datapath_pipelined.$420'.
Found and cleaned up 1 empty switch in `\datapath_pipelined.$375'.
Found and cleaned up 1 empty switch in `\datapath_pipelined.$357'.
Found and cleaned up 1 empty switch in `\datapath_pipelined.$341'.
Found and cleaned up 1 empty switch in `\datapath_pipelined.$290'.
Found and cleaned up 1 empty switch in `\datapath_pipelined.$281'.
Found and cleaned up 1 empty switch in `\datapath_pipelined.$205'.
Found and cleaned up 1 empty switch in `\datapath_pipelined.$198'.
Removing empty process `datapath_pipelined.$173'.
Found and cleaned up 1 empty switch in `\datapath_pipelined.$50'.
Found and cleaned up 1 empty switch in `\datapath_pipelined.$31'.
Removing empty process `datapath_pipelined.$25'.
Found and cleaned up 1 empty switch in `\datapath_pipelined.$11'.
Cleaned up 13 empty switches.
<suppressed ~275 debug messages>

6.2. Executing TRIBUF pass.

6.3. Executing PROC_RMDEAD pass (remove dead branches from decision trees).
Marked 1 switch rules as full_case in process $451 in module datapath_pipelined.
Marked 1 switch rules as full_case in process $420 in module datapath_pipelined.
Marked 3 switch rules as full_case in process $375 in module datapath_pipelined.
Marked 13 switch rules as full_case in process $357 in module datapath_pipelined.
Marked 5 switch rules as full_case in process $341 in module datapath_pipelined.
Marked 11 switch rules as full_case in process $290 in module datapath_pipelined.
Marked 1 switch rules as full_case in process $281 in module datapath_pipelined.
Marked 1 switch rules as full_case in process $205 in module datapath_pipelined.
Marked 3 switch rules as full_case in process $198 in module datapath_pipelined.
Marked 1 switch rules as full_case in process $657 in module datapath_pipelined.
Marked 1 switch rules as full_case in process $71 in module datapath_pipelined.
Marked 1 switch rules as full_case in process $50 in module datapath_pipelined.
Marked 2 switch rules as full_case in process $31 in module datapath_pipelined.
Marked 1 switch rules as full_case in process $681 in module datapath_pipelined.
Marked 2 switch rules as full_case in process $11 in module datapath_pipelined.
Removed a total of 0 dead cases.

6.4. Executing PROC_PRUNE pass (remove redundant assignments in processes).
Removed 70 redundant assignments.
Promoted 0 assignments to connections.

6.5. Executing PROC_INIT pass (extract init attributes).

6.6. Executing PROC_ROM pass (convert switches to ROMs).
Converted 0 switches.
<suppressed ~51 debug messages>

6.7. Executing PROC_MUX pass (convert decision trees to multiplexers).
Creating decoders for process `\datapath_pipelined.$451'.
     1/65: $645
     2/65: $642
     3/65: $639
     4/65: $636
     5/65: $633
     6/65: $630
     7/65: $627
     8/65: $624
     9/65: $621
    10/65: $618
    11/65: $615
    12/65: $612
    13/65: $609
    14/65: $606
    15/65: $603
    16/65: $600
    17/65: $597
    18/65: $594
    19/65: $591
    20/65: $588
    21/65: $585
    22/65: $582
    23/65: $579
    24/65: $576
    25/65: $573
    26/65: $570
    27/65: $567
    28/65: $564
    29/65: $561
    30/65: $558
    31/65: $555
    32/65: $552
    33/65: $549
    34/65: $546
    35/65: $543
    36/65: $540
    37/65: $537
    38/65: $534
    39/65: $531
    40/65: $528
    41/65: $525
    42/65: $522
    43/65: $519
    44/65: $516
    45/65: $513
    46/65: $510
    47/65: $507
    48/65: $504
    49/65: $501
    50/65: $498
    51/65: $495
    52/65: $492
    53/65: $489
    54/65: $486
    55/65: $483
    56/65: $480
    57/65: $477
    58/65: $474
    59/65: $471
    60/65: $468
    61/65: $465
    62/65: $462
    63/65: $459
    64/65: $456
    65/65: $453
Creating decoders for process `\datapath_pipelined.$420'.
     1/9: $ex_mem.imm_out$429
     2/9: $ex_mem.pc_plus4_out$428
     3/9: $ex_mem.rd_out$427
     4/9: $ex_mem.rdata2_out$426
     5/9: $ex_mem.alu_result_out$425
     6/9: $ex_mem.memregpc_out$424
     7/9: $ex_mem.memr_out$423
     8/9: $ex_mem.memw_out$422
     9/9: $ex_mem.regw_out$421
Creating decoders for process `\datapath_pipelined.$375'.
     1/2: $alu_unit.zero$388
     2/2: $alu_unit.result$386
Creating decoders for process `\datapath_pipelined.$357'.
     1/7: $aluctrl.op$365
     2/7: $aluctrl.op$363
     3/7: $aluctrl.op$364
     4/7: $aluctrl.op$361
     5/7: $aluctrl.op$362
     6/7: $aluctrl.op$366
     7/7: $aluctrl.op$359
Creating decoders for process `\datapath_pipelined.$341'.
     1/3: $fw_mux.r2$344
     2/3: $fw_mux.alu_b$343
     3/3: $fw_mux.alu_a$342
Creating decoders for process `\datapath_pipelined.$290'.
     1/6: $fw_sel.fw_r2$327
     2/6: $fw_sel.fw_r2$328
     3/6: $fw_sel.fw_b$317
     4/6: $fw_sel.fw_b$318
     5/6: $fw_sel.fw_a$303
     6/6: $fw_sel.fw_a$304
Creating decoders for process `\datapath_pipelined.$281'.
     1/1: $exmem_fwd_mux.out$282
Creating decoders for process `\datapath_pipelined.$205'.
     1/19: $id_ex.pc_plus4_out$225
     2/19: $id_ex.rs2_out$224
     3/19: $id_ex.rs1_out$223
     4/19: $id_ex.rd_out$222
     5/19: $id_ex.current_pc_out$221
     6/19: $id_ex.rdata2_out$220
     7/19: $id_ex.rdata1_out$219
     8/19: $id_ex.funct7_out$218
     9/19: $id_ex.funct3_out$217
    10/19: $id_ex.imm_out$216
    11/19: $id_ex.use_br_out$215
    12/19: $id_ex.is_rish_out$214
    13/19: $id_ex.regpc_out$213
    14/19: $id_ex.memregpc_out$212
    15/19: $id_ex.branch_out$211
    16/19: $id_ex.alusrc_out$210
    17/19: $id_ex.memr_out$209
    18/19: $id_ex.memw_out$208
    19/19: $id_ex.regw_out$207
Creating decoders for process `\datapath_pipelined.$198'.
     1/2: $immgen.imm$200
     2/2: $immgen.imm$201
Creating decoders for process `\datapath_pipelined.$657'.
     1/7: $mem_wb.imm_out$664
     2/7: $mem_wb.pc_plus4_out$663
     3/7: $mem_wb.rd_out$662
     4/7: $mem_wb.alu_result_out$661
     5/7: $mem_wb.mem_rdata_out$660
     6/7: $mem_wb.memregpc_out$659
     7/7: $mem_wb.regw_out$658
Creating decoders for process `\datapath_pipelined.$71'.
     1/33: $171
     2/33: $166
     3/33: $163
     4/33: $160
     5/33: $157
     6/33: $154
     7/33: $151
     8/33: $148
     9/33: $145
    10/33: $142
    11/33: $139
    12/33: $136
    13/33: $133
    14/33: $130
    15/33: $127
    16/33: $124
    17/33: $121
    18/33: $118
    19/33: $115
    20/33: $112
    21/33: $109
    22/33: $106
    23/33: $103
    24/33: $100
    25/33: $97
    26/33: $94
    27/33: $91
    28/33: $88
    29/33: $85
    30/33: $82
    31/33: $79
    32/33: $76
    33/33: $73
Creating decoders for process `\datapath_pipelined.$50'.
     1/9: $ctrl.use_br$59
     2/9: $ctrl.is_rish$58
     3/9: $ctrl.regpc$57
     4/9: $ctrl.memregpc$56
     5/9: $ctrl.branch$55
     6/9: $ctrl.alusrc$54
     7/9: $ctrl.memr$53
     8/9: $ctrl.memw$52
     9/9: $ctrl.regw$51
Creating decoders for process `\datapath_pipelined.$31'.
     1/6: $if_id.current_pc_out$36
     2/6: $if_id.pc_plus4_out$35
     3/6: $if_id.instr_out$34
     4/6: $if_id.current_pc_out$39
     5/6: $if_id.pc_plus4_out$38
     6/6: $if_id.instr_out$37
Creating decoders for process `\datapath_pipelined.$681'.
     1/1: $wb_mux.out$682
Creating decoders for process `\datapath_pipelined.$11'.
     1/2: $pc_reg.currentaddr$13
     2/2: $pc_reg.currentaddr$14

6.8. Executing PROC_CLEAN pass (remove empty switches from decision trees).
Found and cleaned up 2 empty switches in `\datapath_pipelined.$451'.
Removing empty process `datapath_pipelined.$451'.
Found and cleaned up 1 empty switch in `\datapath_pipelined.$420'.
Removing empty process `datapath_pipelined.$420'.
Found and cleaned up 3 empty switches in `\datapath_pipelined.$375'.
Removing empty process `datapath_pipelined.$375'.
Found and cleaned up 13 empty switches in `\datapath_pipelined.$357'.
Removing empty process `datapath_pipelined.$357'.
Found and cleaned up 5 empty switches in `\datapath_pipelined.$341'.
Removing empty process `datapath_pipelined.$341'.
Found and cleaned up 11 empty switches in `\datapath_pipelined.$290'.
Removing empty process `datapath_pipelined.$290'.
Found and cleaned up 1 empty switch in `\datapath_pipelined.$281'.
Removing empty process `datapath_pipelined.$281'.
Found and cleaned up 1 empty switch in `\datapath_pipelined.$205'.
Removing empty process `datapath_pipelined.$205'.
Found and cleaned up 3 empty switches in `\datapath_pipelined.$198'.
Removing empty process `datapath_pipelined.$198'.
Found and cleaned up 1 empty switch in `\datapath_pipelined.$657'.
Removing empty process `datapath_pipelined.$657'.
Found and cleaned up 2 empty switches in `\datapath_pipelined.$71'.
Removing empty process `datapath_pipelined.$71'.
Found and cleaned up 1 empty switch in `\datapath_pipelined.$50'.
Removing empty process `datapath_pipelined.$50'.
Found and cleaned up 3 empty switches in `\datapath_pipelined.$31'.
Removing empty process `datapath_pipelined.$31'.
Found and cleaned up 1 empty switch in `\datapath_pipelined.$681'.
Removing empty process `datapath_pipelined.$681'.
Found and cleaned up 3 empty switches in `\datapath_pipelined.$11'.
Removing empty process `datapath_pipelined.$11'.
Cleaned up 51 empty switches.

6.9. Executing OPT_EXPR pass (perform const folding).
Optimizing module datapath_pipelined.
<suppressed ~32 debug messages>

7. Executing SYNTH_XILINX pass.

7.1. Executing Verilog-2005 frontend: /home/shady_wsl/tools/oss-cad-suite/lib/../share/yosys/xilinx/cells_sim.v
Parsing Verilog input from `/home/shady_wsl/tools/oss-cad-suite/lib/../share/yosys/xilinx/cells_sim.v' to AST representation.
Generating RTLIL representation for module `\VCC'.
Generating RTLIL representation for module `\GND'.
Generating RTLIL representation for module `\IBUF'.
Generating RTLIL representation for module `\IBUFG'.
Generating RTLIL representation for module `\OBUF'.
Generating RTLIL representation for module `\IOBUF'.
Generating RTLIL representation for module `\OBUFT'.
Generating RTLIL representation for module `\BUFG'.
Generating RTLIL representation for module `\BUFGCTRL'.
Generating RTLIL representation for module `\BUFHCE'.
Generating RTLIL representation for module `\INV'.
Generating RTLIL representation for module `\LUT1'.
Generating RTLIL representation for module `\LUT2'.
Generating RTLIL representation for module `\LUT3'.
Generating RTLIL representation for module `\LUT4'.
Generating RTLIL representation for module `\LUT5'.
Generating RTLIL representation for module `\LUT6'.
Generating RTLIL representation for module `\LUT6_2'.
Generating RTLIL representation for module `\$__ABC9_LUT7'.
Generating RTLIL representation for module `\$__ABC9_LUT8'.
Generating RTLIL representation for module `\MUXCY'.
Generating RTLIL representation for module `\MUXF5'.
Generating RTLIL representation for module `\MUXF6'.
Generating RTLIL representation for module `\MUXF7'.
Generating RTLIL representation for module `\MUXF8'.
Generating RTLIL representation for module `\MUXF9'.
Generating RTLIL representation for module `\XORCY'.
Generating RTLIL representation for module `\CARRY4'.
Generating RTLIL representation for module `\CARRY8'.
Generating RTLIL representation for module `\ORCY'.
Generating RTLIL representation for module `\MULT_AND'.
Generating RTLIL representation for module `\FDRE'.
Generating RTLIL representation for module `\FDRE_1'.
Generating RTLIL representation for module `\FDSE'.
Generating RTLIL representation for module `\FDSE_1'.
Generating RTLIL representation for module `\FDRSE'.
Generating RTLIL representation for module `\FDRSE_1'.
Generating RTLIL representation for module `\FDCE'.
Generating RTLIL representation for module `\FDCE_1'.
Generating RTLIL representation for module `\FDPE'.
Generating RTLIL representation for module `\FDPE_1'.
Generating RTLIL representation for module `\FDCPE'.
Generating RTLIL representation for module `\FDCPE_1'.
Generating RTLIL representation for module `\LDCE'.
Generating RTLIL representation for module `\LDPE'.
Generating RTLIL representation for module `\LDCPE'.
Generating RTLIL representation for module `\AND2B1L'.
Generating RTLIL representation for module `\OR2L'.
Generating RTLIL representation for module `\RAM16X1S'.
Generating RTLIL representation for module `\RAM16X1S_1'.
Generating RTLIL representation for module `\RAM32X1S'.
Generating RTLIL representation for module `\RAM32X1S_1'.
Generating RTLIL representation for module `\RAM64X1S'.
Generating RTLIL representation for module `\RAM64X1S_1'.
Generating RTLIL representation for module `\RAM128X1S'.
Generating RTLIL representation for module `\RAM128X1S_1'.
Generating RTLIL representation for module `\RAM256X1S'.
Generating RTLIL representation for module `\RAM512X1S'.
Generating RTLIL representation for module `\RAM16X2S'.
Generating RTLIL representation for module `\RAM32X2S'.
Generating RTLIL representation for module `\RAM64X2S'.
Generating RTLIL representation for module `\RAM16X4S'.
Generating RTLIL representation for module `\RAM32X4S'.
Generating RTLIL representation for module `\RAM16X8S'.
Generating RTLIL representation for module `\RAM32X8S'.
Generating RTLIL representation for module `\RAM16X1D'.
Generating RTLIL representation for module `\RAM16X1D_1'.
Generating RTLIL representation for module `\RAM32X1D'.
Generating RTLIL representation for module `\RAM32X1D_1'.
Generating RTLIL representation for module `\RAM64X1D'.
Generating RTLIL representation for module `\RAM64X1D_1'.
Generating RTLIL representation for module `\RAM128X1D'.
Generating RTLIL representation for module `\RAM256X1D'.
Generating RTLIL representation for module `\RAM32M'.
Generating RTLIL representation for module `\RAM32M16'.
Generating RTLIL representation for module `\RAM64M'.
Generating RTLIL representation for module `\RAM64M8'.
Generating RTLIL representation for module `\RAM32X16DR8'.
Generating RTLIL representation for module `\RAM64X8SW'.
Generating RTLIL representation for module `\ROM16X1'.
Generating RTLIL representation for module `\ROM32X1'.
Generating RTLIL representation for module `\ROM64X1'.
Generating RTLIL representation for module `\ROM128X1'.
Generating RTLIL representation for module `\ROM256X1'.
Generating RTLIL representation for module `\SRL16'.
Generating RTLIL representation for module `\SRL16E'.
Generating RTLIL representation for module `\SRLC16'.
Generating RTLIL representation for module `\SRLC16E'.
Generating RTLIL representation for module `\SRLC32E'.
Generating RTLIL representation for module `\CFGLUT5'.
Generating RTLIL representation for module `\MULT18X18'.
Generating RTLIL representation for module `\MULT18X18S'.
Generating RTLIL representation for module `\MULT18X18SIO'.
Generating RTLIL representation for module `\DSP48A'.
Generating RTLIL representation for module `\DSP48A1'.
Generating RTLIL representation for module `\DSP48'.
Generating RTLIL representation for module `\DSP48E1'.
Generating RTLIL representation for module `\RAMB18E1'.
Generating RTLIL representation for module `\RAMB36E1'.
Successfully finished Verilog frontend.

7.2. Executing Verilog-2005 frontend: /home/shady_wsl/tools/oss-cad-suite/lib/../share/yosys/xilinx/cells_xtra.v
Parsing Verilog input from `/home/shady_wsl/tools/oss-cad-suite/lib/../share/yosys/xilinx/cells_xtra.v' to AST representation.
Generating RTLIL representation for module `\RAMB4_S1'.
Generating RTLIL representation for module `\RAMB4_S2'.
Generating RTLIL representation for module `\RAMB4_S4'.
Generating RTLIL representation for module `\RAMB4_S8'.
Generating RTLIL representation for module `\RAMB4_S16'.
Generating RTLIL representation for module `\RAMB4_S1_S1'.
Generating RTLIL representation for module `\RAMB4_S1_S2'.
Generating RTLIL representation for module `\RAMB4_S1_S4'.
Generating RTLIL representation for module `\RAMB4_S1_S8'.
Generating RTLIL representation for module `\RAMB4_S1_S16'.
Generating RTLIL representation for module `\RAMB4_S2_S2'.
Generating RTLIL representation for module `\RAMB4_S2_S4'.
Generating RTLIL representation for module `\RAMB4_S2_S8'.
Generating RTLIL representation for module `\RAMB4_S2_S16'.
Generating RTLIL representation for module `\RAMB4_S4_S4'.
Generating RTLIL representation for module `\RAMB4_S4_S8'.
Generating RTLIL representation for module `\RAMB4_S4_S16'.
Generating RTLIL representation for module `\RAMB4_S8_S8'.
Generating RTLIL representation for module `\RAMB4_S8_S16'.
Generating RTLIL representation for module `\RAMB4_S16_S16'.
Generating RTLIL representation for module `\RAMB16_S1'.
Generating RTLIL representation for module `\RAMB16_S2'.
Generating RTLIL representation for module `\RAMB16_S4'.
Generating RTLIL representation for module `\RAMB16_S9'.
Generating RTLIL representation for module `\RAMB16_S18'.
Generating RTLIL representation for module `\RAMB16_S36'.
Generating RTLIL representation for module `\RAMB16_S1_S1'.
Generating RTLIL representation for module `\RAMB16_S1_S2'.
Generating RTLIL representation for module `\RAMB16_S1_S4'.
Generating RTLIL representation for module `\RAMB16_S1_S9'.
Generating RTLIL representation for module `\RAMB16_S1_S18'.
Generating RTLIL representation for module `\RAMB16_S1_S36'.
Generating RTLIL representation for module `\RAMB16_S2_S2'.
Generating RTLIL representation for module `\RAMB16_S2_S4'.
Generating RTLIL representation for module `\RAMB16_S2_S9'.
Generating RTLIL representation for module `\RAMB16_S2_S18'.
Generating RTLIL representation for module `\RAMB16_S2_S36'.
Generating RTLIL representation for module `\RAMB16_S4_S4'.
Generating RTLIL representation for module `\RAMB16_S4_S9'.
Generating RTLIL representation for module `\RAMB16_S4_S18'.
Generating RTLIL representation for module `\RAMB16_S4_S36'.
Generating RTLIL representation for module `\RAMB16_S9_S9'.
Generating RTLIL representation for module `\RAMB16_S9_S18'.
Generating RTLIL representation for module `\RAMB16_S9_S36'.
Generating RTLIL representation for module `\RAMB16_S18_S18'.
Generating RTLIL representation for module `\RAMB16_S18_S36'.
Generating RTLIL representation for module `\RAMB16_S36_S36'.
Generating RTLIL representation for module `\RAMB16BWE_S18'.
Generating RTLIL representation for module `\RAMB16BWE_S36'.
Generating RTLIL representation for module `\RAMB16BWE_S18_S9'.
Generating RTLIL representation for module `\RAMB16BWE_S18_S18'.
Generating RTLIL representation for module `\RAMB16BWE_S36_S9'.
Generating RTLIL representation for module `\RAMB16BWE_S36_S18'.
Generating RTLIL representation for module `\RAMB16BWE_S36_S36'.
Generating RTLIL representation for module `\RAMB16BWER'.
Generating RTLIL representation for module `\RAMB8BWER'.
Generating RTLIL representation for module `\FIFO16'.
Generating RTLIL representation for module `\RAMB16'.
Generating RTLIL representation for module `\RAMB32_S64_ECC'.
Generating RTLIL representation for module `\FIFO18'.
Generating RTLIL representation for module `\FIFO18_36'.
Generating RTLIL representation for module `\FIFO36'.
Generating RTLIL representation for module `\FIFO36_72'.
Generating RTLIL representation for module `\RAMB18'.
Generating RTLIL representation for module `\RAMB36'.
Generating RTLIL representation for module `\RAMB18SDP'.
Generating RTLIL representation for module `\RAMB36SDP'.
Generating RTLIL representation for module `\FIFO18E1'.
Generating RTLIL representation for module `\FIFO36E1'.
Generating RTLIL representation for module `\FIFO18E2'.
Generating RTLIL representation for module `\FIFO36E2'.
Generating RTLIL representation for module `\RAMB18E2'.
Generating RTLIL representation for module `\RAMB36E2'.
Generating RTLIL representation for module `\URAM288'.
Generating RTLIL representation for module `\URAM288_BASE'.
Generating RTLIL representation for module `\DSP48E'.
Generating RTLIL representation for module `\DSP48E2'.
Generating RTLIL representation for module `\FDDRCPE'.
Generating RTLIL representation for module `\FDDRRSE'.
Generating RTLIL representation for module `\IFDDRCPE'.
Generating RTLIL representation for module `\IFDDRRSE'.
Generating RTLIL representation for module `\OFDDRCPE'.
Generating RTLIL representation for module `\OFDDRRSE'.
Generating RTLIL representation for module `\OFDDRTCPE'.
Generating RTLIL representation for module `\OFDDRTRSE'.
Generating RTLIL representation for module `\IDDR2'.
Generating RTLIL representation for module `\ODDR2'.
Generating RTLIL representation for module `\IDDR'.
Generating RTLIL representation for module `\IDDR_2CLK'.
Generating RTLIL representation for module `\ODDR'.
Generating RTLIL representation for module `\IDELAYCTRL'.
Generating RTLIL representation for module `\IDELAY'.
Generating RTLIL representation for module `\ISERDES'.
Generating RTLIL representation for module `\OSERDES'.
Generating RTLIL representation for module `\IODELAY'.
Generating RTLIL representation for module `\ISERDES_NODELAY'.
Generating RTLIL representation for module `\IODELAYE1'.
Generating RTLIL representation for module `\ISERDESE1'.
Generating RTLIL representation for module `\OSERDESE1'.
Generating RTLIL representation for module `\IDELAYE2'.
Generating RTLIL representation for module `\ODELAYE2'.
Generating RTLIL representation for module `\ISERDESE2'.
Generating RTLIL representation for module `\OSERDESE2'.
Generating RTLIL representation for module `\PHASER_IN'.
Generating RTLIL representation for module `\PHASER_IN_PHY'.
Generating RTLIL representation for module `\PHASER_OUT'.
Generating RTLIL representation for module `\PHASER_OUT_PHY'.
Generating RTLIL representation for module `\PHASER_REF'.
Generating RTLIL representation for module `\PHY_CONTROL'.
Generating RTLIL representation for module `\IDDRE1'.
Generating RTLIL representation for module `\ODDRE1'.
Generating RTLIL representation for module `\IDELAYE3'.
Generating RTLIL representation for module `\ODELAYE3'.
Generating RTLIL representation for module `\ISERDESE3'.
Generating RTLIL representation for module `\OSERDESE3'.
Generating RTLIL representation for module `\BITSLICE_CONTROL'.
Generating RTLIL representation for module `\RIU_OR'.
Generating RTLIL representation for module `\RX_BITSLICE'.
Generating RTLIL representation for module `\RXTX_BITSLICE'.
Generating RTLIL representation for module `\TX_BITSLICE'.
Generating RTLIL representation for module `\TX_BITSLICE_TRI'.
Generating RTLIL representation for module `\IODELAY2'.
Generating RTLIL representation for module `\IODRP2'.
Generating RTLIL representation for module `\IODRP2_MCB'.
Generating RTLIL representation for module `\ISERDES2'.
Generating RTLIL representation for module `\OSERDES2'.
Generating RTLIL representation for module `\IBUF_DLY_ADJ'.
Generating RTLIL representation for module `\IBUF_IBUFDISABLE'.
Generating RTLIL representation for module `\IBUF_INTERMDISABLE'.
Generating RTLIL representation for module `\IBUF_ANALOG'.
Generating RTLIL representation for module `\IBUFE3'.
Generating RTLIL representation for module `\IBUFDS'.
Generating RTLIL representation for module `\IBUFDS_DLY_ADJ'.
Generating RTLIL representation for module `\IBUFDS_IBUFDISABLE'.
Generating RTLIL representation for module `\IBUFDS_INTERMDISABLE'.
Generating RTLIL representation for module `\IBUFDS_DIFF_OUT'.
Generating RTLIL representation for module `\IBUFDS_DIFF_OUT_IBUFDISABLE'.
Generating RTLIL representation for module `\IBUFDS_DIFF_OUT_INTERMDISABLE'.
Generating RTLIL representation for module `\IBUFDSE3'.
Generating RTLIL representation for module `\IBUFDS_DPHY'.
Generating RTLIL representation for module `\IBUFGDS'.
Generating RTLIL representation for module `\IBUFGDS_DIFF_OUT'.
Generating RTLIL representation for module `\IOBUF_DCIEN'.
Generating RTLIL representation for module `\IOBUF_INTERMDISABLE'.
Generating RTLIL representation for module `\IOBUFE3'.
Generating RTLIL representation for module `\IOBUFDS'.
Generating RTLIL representation for module `\IOBUFDS_DCIEN'.
Generating RTLIL representation for module `\IOBUFDS_INTERMDISABLE'.
Generating RTLIL representation for module `\IOBUFDS_DIFF_OUT'.
Generating RTLIL representation for module `\IOBUFDS_DIFF_OUT_DCIEN'.
Generating RTLIL representation for module `\IOBUFDS_DIFF_OUT_INTERMDISABLE'.
Generating RTLIL representation for module `\IOBUFDSE3'.
Generating RTLIL representation for module `\OBUFDS'.
Generating RTLIL representation for module `\OBUFDS_DPHY'.
Generating RTLIL representation for module `\OBUFTDS'.
Generating RTLIL representation for module `\KEEPER'.
Generating RTLIL representation for module `\PULLDOWN'.
Generating RTLIL representation for module `\PULLUP'.
Generating RTLIL representation for module `\DCIRESET'.
Generating RTLIL representation for module `\HPIO_VREF'.
Generating RTLIL representation for module `\BUFGCE'.
Generating RTLIL representation for module `\BUFGCE_1'.
Generating RTLIL representation for module `\BUFGMUX'.
Generating RTLIL representation for module `\BUFGMUX_1'.
Generating RTLIL representation for module `\BUFGMUX_CTRL'.
Generating RTLIL representation for module `\BUFGMUX_VIRTEX4'.
Generating RTLIL representation for module `\BUFG_GT'.
Generating RTLIL representation for module `\BUFG_GT_SYNC'.
Generating RTLIL representation for module `\BUFG_PS'.
Generating RTLIL representation for module `\BUFGCE_DIV'.
Generating RTLIL representation for module `\BUFH'.
Generating RTLIL representation for module `\BUFIO2'.
Generating RTLIL representation for module `\BUFIO2_2CLK'.
Generating RTLIL representation for module `\BUFIO2FB'.
Generating RTLIL representation for module `\BUFPLL'.
Generating RTLIL representation for module `\BUFPLL_MCB'.
Generating RTLIL representation for module `\BUFIO'.
Generating RTLIL representation for module `\BUFIODQS'.
Generating RTLIL representation for module `\BUFR'.
Generating RTLIL representation for module `\BUFMR'.
Generating RTLIL representation for module `\BUFMRCE'.
Generating RTLIL representation for module `\DCM'.
Generating RTLIL representation for module `\DCM_SP'.
Generating RTLIL representation for module `\DCM_CLKGEN'.
Generating RTLIL representation for module `\DCM_ADV'.
Generating RTLIL representation for module `\DCM_BASE'.
Generating RTLIL representation for module `\DCM_PS'.
Generating RTLIL representation for module `\PMCD'.
Generating RTLIL representation for module `\PLL_ADV'.
Generating RTLIL representation for module `\PLL_BASE'.
Generating RTLIL representation for module `\MMCM_ADV'.
Generating RTLIL representation for module `\MMCM_BASE'.
Generating RTLIL representation for module `\MMCME2_ADV'.
Generating RTLIL representation for module `\MMCME2_BASE'.
Generating RTLIL representation for module `\PLLE2_ADV'.
Generating RTLIL representation for module `\PLLE2_BASE'.
Generating RTLIL representation for module `\MMCME3_ADV'.
Generating RTLIL representation for module `\MMCME3_BASE'.
Generating RTLIL representation for module `\PLLE3_ADV'.
Generating RTLIL representation for module `\PLLE3_BASE'.
Generating RTLIL representation for module `\MMCME4_ADV'.
Generating RTLIL representation for module `\MMCME4_BASE'.
Generating RTLIL representation for module `\PLLE4_ADV'.
Generating RTLIL representation for module `\PLLE4_BASE'.
Generating RTLIL representation for module `\BUFT'.
Generating RTLIL representation for module `\IN_FIFO'.
Generating RTLIL representation for module `\OUT_FIFO'.
Generating RTLIL representation for module `\HARD_SYNC'.
Generating RTLIL representation for module `\STARTUP_SPARTAN3'.
Generating RTLIL representation for module `\STARTUP_SPARTAN3E'.
Generating RTLIL representation for module `\STARTUP_SPARTAN3A'.
Generating RTLIL representation for module `\STARTUP_SPARTAN6'.
Generating RTLIL representation for module `\STARTUP_VIRTEX4'.
Generating RTLIL representation for module `\STARTUP_VIRTEX5'.
Generating RTLIL representation for module `\STARTUP_VIRTEX6'.
Generating RTLIL representation for module `\STARTUPE2'.
Generating RTLIL representation for module `\STARTUPE3'.
Generating RTLIL representation for module `\CAPTURE_SPARTAN3'.
Generating RTLIL representation for module `\CAPTURE_SPARTAN3A'.
Generating RTLIL representation for module `\CAPTURE_VIRTEX4'.
Generating RTLIL representation for module `\CAPTURE_VIRTEX5'.
Generating RTLIL representation for module `\CAPTURE_VIRTEX6'.
Generating RTLIL representation for module `\CAPTUREE2'.
Generating RTLIL representation for module `\ICAP_SPARTAN3A'.
Generating RTLIL representation for module `\ICAP_SPARTAN6'.
Generating RTLIL representation for module `\ICAP_VIRTEX4'.
Generating RTLIL representation for module `\ICAP_VIRTEX5'.
Generating RTLIL representation for module `\ICAP_VIRTEX6'.
Generating RTLIL representation for module `\ICAPE2'.
Generating RTLIL representation for module `\ICAPE3'.
Generating RTLIL representation for module `\BSCAN_SPARTAN3'.
Generating RTLIL representation for module `\BSCAN_SPARTAN3A'.
Generating RTLIL representation for module `\BSCAN_SPARTAN6'.
Generating RTLIL representation for module `\BSCAN_VIRTEX4'.
Generating RTLIL representation for module `\BSCAN_VIRTEX5'.
Generating RTLIL representation for module `\BSCAN_VIRTEX6'.
Generating RTLIL representation for module `\BSCANE2'.
Generating RTLIL representation for module `\DNA_PORT'.
Generating RTLIL representation for module `\DNA_PORTE2'.
Generating RTLIL representation for module `\FRAME_ECC_VIRTEX4'.
Generating RTLIL representation for module `\FRAME_ECC_VIRTEX5'.
Generating RTLIL representation for module `\FRAME_ECC_VIRTEX6'.
Generating RTLIL representation for module `\FRAME_ECCE2'.
Generating RTLIL representation for module `\FRAME_ECCE3'.
Generating RTLIL representation for module `\FRAME_ECCE4'.
Generating RTLIL representation for module `\USR_ACCESS_VIRTEX4'.
Generating RTLIL representation for module `\USR_ACCESS_VIRTEX5'.
Generating RTLIL representation for module `\USR_ACCESS_VIRTEX6'.
Generating RTLIL representation for module `\USR_ACCESSE2'.
Generating RTLIL representation for module `\POST_CRC_INTERNAL'.
Generating RTLIL representation for module `\SUSPEND_SYNC'.
Generating RTLIL representation for module `\KEY_CLEAR'.
Generating RTLIL representation for module `\MASTER_JTAG'.
Generating RTLIL representation for module `\SPI_ACCESS'.
Generating RTLIL representation for module `\EFUSE_USR'.
Generating RTLIL representation for module `\SYSMON'.
Generating RTLIL representation for module `\XADC'.
Generating RTLIL representation for module `\SYSMONE1'.
Generating RTLIL representation for module `\SYSMONE4'.
Generating RTLIL representation for module `\GTPA1_DUAL'.
Generating RTLIL representation for module `\GT11_CUSTOM'.
Generating RTLIL representation for module `\GT11_DUAL'.
Generating RTLIL representation for module `\GT11CLK'.
Generating RTLIL representation for module `\GT11CLK_MGT'.
Generating RTLIL representation for module `\GTP_DUAL'.
Generating RTLIL representation for module `\GTX_DUAL'.
Generating RTLIL representation for module `\CRC32'.
Generating RTLIL representation for module `\CRC64'.
Generating RTLIL representation for module `\GTHE1_QUAD'.
Generating RTLIL representation for module `\GTXE1'.
Generating RTLIL representation for module `\IBUFDS_GTXE1'.
Generating RTLIL representation for module `\IBUFDS_GTHE1'.
Generating RTLIL representation for module `\GTHE2_CHANNEL'.
Generating RTLIL representation for module `\GTHE2_COMMON'.
Generating RTLIL representation for module `\GTPE2_CHANNEL'.
Generating RTLIL representation for module `\GTPE2_COMMON'.
Generating RTLIL representation for module `\GTXE2_CHANNEL'.
Generating RTLIL representation for module `\GTXE2_COMMON'.
Generating RTLIL representation for module `\IBUFDS_GTE2'.
Generating RTLIL representation for module `\GTHE3_CHANNEL'.
Generating RTLIL representation for module `\GTHE3_COMMON'.
Generating RTLIL representation for module `\GTYE3_CHANNEL'.
Generating RTLIL representation for module `\GTYE3_COMMON'.
Generating RTLIL representation for module `\IBUFDS_GTE3'.
Generating RTLIL representation for module `\OBUFDS_GTE3'.
Generating RTLIL representation for module `\OBUFDS_GTE3_ADV'.
Generating RTLIL representation for module `\GTHE4_CHANNEL'.
Generating RTLIL representation for module `\GTHE4_COMMON'.
Generating RTLIL representation for module `\GTYE4_CHANNEL'.
Generating RTLIL representation for module `\GTYE4_COMMON'.
Generating RTLIL representation for module `\IBUFDS_GTE4'.
Generating RTLIL representation for module `\OBUFDS_GTE4'.
Generating RTLIL representation for module `\OBUFDS_GTE4_ADV'.
Generating RTLIL representation for module `\GTM_DUAL'.
Generating RTLIL representation for module `\IBUFDS_GTM'.
Generating RTLIL representation for module `\OBUFDS_GTM'.
Generating RTLIL representation for module `\OBUFDS_GTM_ADV'.
Generating RTLIL representation for module `\HSDAC'.
Generating RTLIL representation for module `\HSADC'.
Generating RTLIL representation for module `\RFDAC'.
Generating RTLIL representation for module `\RFADC'.
Generating RTLIL representation for module `\PCIE_A1'.
Generating RTLIL representation for module `\PCIE_EP'.
Generating RTLIL representation for module `\PCIE_2_0'.
Generating RTLIL representation for module `\PCIE_2_1'.
Generating RTLIL representation for module `\PCIE_3_0'.
Generating RTLIL representation for module `\PCIE_3_1'.
Generating RTLIL representation for module `\PCIE40E4'.
Generating RTLIL representation for module `\PCIE4CE4'.
Generating RTLIL representation for module `\EMAC'.
Generating RTLIL representation for module `\TEMAC'.
Generating RTLIL representation for module `\TEMAC_SINGLE'.
Generating RTLIL representation for module `\CMAC'.
Generating RTLIL representation for module `\CMACE4'.
Generating RTLIL representation for module `\MCB'.
Generating RTLIL representation for module `\HBM_REF_CLK'.
Generating RTLIL representation for module `\HBM_SNGLBLI_INTF_APB'.
Generating RTLIL representation for module `\HBM_SNGLBLI_INTF_AXI'.
Generating RTLIL representation for module `\HBM_ONE_STACK_INTF'.
Generating RTLIL representation for module `\HBM_TWO_STACK_INTF'.
Generating RTLIL representation for module `\PPC405_ADV'.
Generating RTLIL representation for module `\PPC440'.
Generating RTLIL representation for module `\PS7'.
Generating RTLIL representation for module `\PS8'.
Generating RTLIL representation for module `\ILKN'.
Generating RTLIL representation for module `\ILKNE4'.
Generating RTLIL representation for module `\VCU'.
Generating RTLIL representation for module `\FE'.
Successfully finished Verilog frontend.

7.3. Executing HIERARCHY pass (managing design hierarchy).

7.3.1. Analyzing design hierarchy..
Top module:  \datapath_pipelined

7.3.2. Analyzing design hierarchy..
Top module:  \datapath_pipelined
Removed 0 unused modules.

7.4. Executing PROC pass (convert processes to netlists).

7.4.1. Executing PROC_CLEAN pass (remove empty switches from decision trees).
Cleaned up 0 empty switches.

7.4.2. Executing PROC_RMDEAD pass (remove dead branches from decision trees).
Removed a total of 0 dead cases.

7.4.3. Executing PROC_PRUNE pass (remove redundant assignments in processes).
Removed 0 redundant assignments.
Promoted 0 assignments to connections.

7.4.4. Executing PROC_INIT pass (extract init attributes).

7.4.5. Executing PROC_ARST pass (detect async resets in processes).

7.4.6. Executing PROC_ROM pass (convert switches to ROMs).
Converted 0 switches.

7.4.7. Executing PROC_MUX pass (convert decision trees to multiplexers).

7.4.8. Executing PROC_DLATCH pass (convert process syncs to latches).

7.4.9. Executing PROC_DFF pass (convert process syncs to FFs).

7.4.10. Executing PROC_MEMWR pass (convert process memory writes to cells).

7.4.11. Executing PROC_CLEAN pass (remove empty switches from decision trees).
Cleaned up 0 empty switches.

7.4.12. Executing OPT_EXPR pass (perform const folding).
Optimizing module datapath_pipelined.

7.5. Executing TRIBUF pass.

7.6. Executing DEMINOUT pass (demote inout ports to input or output).

7.7. Executing OPT_EXPR pass (perform const folding).
Optimizing module datapath_pipelined.

7.8. Executing OPT_CLEAN pass (remove unused cells and wires).
Finding unused cells or wires in module \datapath_pipelined..
Removed 6 unused cells and 391 unused wires.
<suppressed ~223 debug messages>

7.9. Executing CHECK pass (checking for obvious problems).
Checking module datapath_pipelined...
Found and reported 0 problems.

7.10. Executing OPT pass (performing simple optimizations).

7.10.1. Executing OPT_EXPR pass (perform const folding).
Optimizing module datapath_pipelined.

7.10.2. Executing OPT_MERGE pass (detect identical cells).
Finding identical cells in module `\datapath_pipelined'.
Computing hashes of 580 cells of `\datapath_pipelined'.
Finding duplicate cells in `\datapath_pipelined'.
Computing hashes of 540 cells of `\datapath_pipelined'.
Finding duplicate cells in `\datapath_pipelined'.
Computing hashes of 535 cells of `\datapath_pipelined'.
Finding duplicate cells in `\datapath_pipelined'.
Computing hashes of 533 cells of `\datapath_pipelined'.
Finding duplicate cells in `\datapath_pipelined'.
<suppressed ~141 debug messages>
Removed a total of 47 cells.

7.10.3. Executing OPT_MUXTREE pass (detect dead branches in mux trees).
Running muxtree optimizer on module \datapath_pipelined..
  Creating internal representation of mux trees.
  Evaluating internal representation of mux trees.
  Analyzing evaluation results.
    dead port 1/2 on $mux $procmux$142995.
    dead port 1/2 on $mux $procmux$142990.
    dead port 1/2 on $mux $procmux$142985.
    dead port 1/2 on $mux $procmux$143017.
    dead port 2/2 on $mux $procmux$142784.
    dead port 1/2 on $mux $procmux$142708.
    dead port 1/2 on $mux $procmux$142698.
    dead port 1/2 on $mux $procmux$142688.
    dead port 2/2 on $mux $procmux$142670.
    dead port 1/2 on $mux $procmux$142659.
    dead port 2/2 on $mux $procmux$142656.
    dead port 2/2 on $mux $procmux$142654.
    dead port 1/2 on $mux $procmux$142640.
    dead port 2/2 on $mux $procmux$142637.
    dead port 2/2 on $mux $procmux$142635.
    dead port 1/2 on $mux $procmux$142633.
    dead port 1/2 on $mux $procmux$142619.
    dead port 2/2 on $mux $procmux$142616.
    dead port 1/2 on $mux $procmux$142602.
    dead port 2/2 on $mux $procmux$142599.
    dead port 2/2 on $mux $procmux$142597.
    dead port 1/2 on $mux $procmux$142585.
Removed 22 multiplexer ports.
<suppressed ~549 debug messages>

7.10.4. Executing OPT_REDUCE pass (consolidate $*mux and $reduce_* inputs).
  Optimizing cells in module \datapath_pipelined.
    Consolidated identical input bits for $mux cell $646:
      Old ports: A=0, B=32'11111111111111111111111111111111, Y=$646y
      New ports: A=1'0, B=1'1, Y=$646y [0]
      New connections: $646y [31:1] = { $646y [0] $646y [0] $646y [0] $646y [0] $646y [0] $646y [0] $646y [0] $646y [0] $646y [0] $646y [0] $646y [0] $646y [0] $646y [0] $646y [0] $646y [0] $646y [0] $646y [0] $646y [0] $646y [0] $646y [0] $646y [0] $646y [0] $646y [0] $646y [0] $646y [0] $646y [0] $646y [0] $646y [0] $646y [0] $646y [0] $646y [0] }
    Consolidated identical input bits for $mux cell $643:
      Old ports: A=0, B=32'11111111111111111111111111111111, Y=$643y
      New ports: A=1'0, B=1'1, Y=$643y [0]
      New connections: $643y [31:1] = { $643y [0] $643y [0] $643y [0] $643y [0] $643y [0] $643y [0] $643y [0] $643y [0] $643y [0] $643y [0] $643y [0] $643y [0] $643y [0] $643y [0] $643y [0] $643y [0] $643y [0] $643y [0] $643y [0] $643y [0] $643y [0] $643y [0] $643y [0] $643y [0] $643y [0] $643y [0] $643y [0] $643y [0] $643y [0] $643y [0] $643y [0] }
    Consolidated identical input bits for $mux cell $640:
      Old ports: A=0, B=32'11111111111111111111111111111111, Y=$640y
      New ports: A=1'0, B=1'1, Y=$640y [0]
      New connections: $640y [31:1] = { $640y [0] $640y [0] $640y [0] $640y [0] $640y [0] $640y [0] $640y [0] $640y [0] $640y [0] $640y [0] $640y [0] $640y [0] $640y [0] $640y [0] $640y [0] $640y [0] $640y [0] $640y [0] $640y [0] $640y [0] $640y [0] $640y [0] $640y [0] $640y [0] $640y [0] $640y [0] $640y [0] $640y [0] $640y [0] $640y [0] $640y [0] }
    Consolidated identical input bits for $mux cell $637:
      Old ports: A=0, B=32'11111111111111111111111111111111, Y=$637y
      New ports: A=1'0, B=1'1, Y=$637y [0]
      New connections: $637y [31:1] = { $637y [0] $637y [0] $637y [0] $637y [0] $637y [0] $637y [0] $637y [0] $637y [0] $637y [0] $637y [0] $637y [0] $637y [0] $637y [0] $637y [0] $637y [0] $637y [0] $637y [0] $637y [0] $637y [0] $637y [0] $637y [0] $637y [0] $637y [0] $637y [0] $637y [0] $637y [0] $637y [0] $637y [0] $637y [0] $637y [0] $637y [0] }
    Consolidated identical input bits for $mux cell $634:
      Old ports: A=0, B=32'11111111111111111111111111111111, Y=$634y
      New ports: A=1'0, B=1'1, Y=$634y [0]
      New connections: $634y [31:1] = { $634y [0] $634y [0] $634y [0] $634y [0] $634y [0] $634y [0] $634y [0] $634y [0] $634y [0] $634y [0] $634y [0] $634y [0] $634y [0] $634y [0] $634y [0] $634y [0] $634y [0] $634y [0] $634y [0] $634y [0] $634y [0] $634y [0] $634y [0] $634y [0] $634y [0] $634y [0] $634y [0] $634y [0] $634y [0] $634y [0] $634y [0] }
    Consolidated identical input bits for $mux cell $631:
      Old ports: A=0, B=32'11111111111111111111111111111111, Y=$631y
      New ports: A=1'0, B=1'1, Y=$631y [0]
      New connections: $631y [31:1] = { $631y [0] $631y [0] $631y [0] $631y [0] $631y [0] $631y [0] $631y [0] $631y [0] $631y [0] $631y [0] $631y [0] $631y [0] $631y [0] $631y [0] $631y [0] $631y [0] $631y [0] $631y [0] $631y [0] $631y [0] $631y [0] $631y [0] $631y [0] $631y [0] $631y [0] $631y [0] $631y [0] $631y [0] $631y [0] $631y [0] $631y [0] }
    Consolidated identical input bits for $mux cell $628:
      Old ports: A=0, B=32'11111111111111111111111111111111, Y=$628y
      New ports: A=1'0, B=1'1, Y=$628y [0]
      New connections: $628y [31:1] = { $628y [0] $628y [0] $628y [0] $628y [0] $628y [0] $628y [0] $628y [0] $628y [0] $628y [0] $628y [0] $628y [0] $628y [0] $628y [0] $628y [0] $628y [0] $628y [0] $628y [0] $628y [0] $628y [0] $628y [0] $628y [0] $628y [0] $628y [0] $628y [0] $628y [0] $628y [0] $628y [0] $628y [0] $628y [0] $628y [0] $628y [0] }
    Consolidated identical input bits for $mux cell $625:
      Old ports: A=0, B=32'11111111111111111111111111111111, Y=$625y
      New ports: A=1'0, B=1'1, Y=$625y [0]
      New connections: $625y [31:1] = { $625y [0] $625y [0] $625y [0] $625y [0] $625y [0] $625y [0] $625y [0] $625y [0] $625y [0] $625y [0] $625y [0] $625y [0] $625y [0] $625y [0] $625y [0] $625y [0] $625y [0] $625y [0] $625y [0] $625y [0] $625y [0] $625y [0] $625y [0] $625y [0] $625y [0] $625y [0] $625y [0] $625y [0] $625y [0] $625y [0] $625y [0] }
    Consolidated identical input bits for $mux cell $622:
      Old ports: A=0, B=32'11111111111111111111111111111111, Y=$622y
      New ports: A=1'0, B=1'1, Y=$622y [0]
      New connections: $622y [31:1] = { $622y [0] $622y [0] $622y [0] $622y [0] $622y [0] $622y [0] $622y [0] $622y [0] $622y [0] $622y [0] $622y [0] $622y [0] $622y [0] $622y [0] $622y [0] $622y [0] $622y [0] $622y [0] $622y [0] $622y [0] $622y [0] $622y [0] $622y [0] $622y [0] $622y [0] $622y [0] $622y [0] $622y [0] $622y [0] $622y [0] $622y [0] }
    Consolidated identical input bits for $mux cell $619:
      Old ports: A=0, B=32'11111111111111111111111111111111, Y=$619y
      New ports: A=1'0, B=1'1, Y=$619y [0]
      New connections: $619y [31:1] = { $619y [0] $619y [0] $619y [0] $619y [0] $619y [0] $619y [0] $619y [0] $619y [0] $619y [0] $619y [0] $619y [0] $619y [0] $619y [0] $619y [0] $619y [0] $619y [0] $619y [0] $619y [0] $619y [0] $619y [0] $619y [0] $619y [0] $619y [0] $619y [0] $619y [0] $619y [0] $619y [0] $619y [0] $619y [0] $619y [0] $619y [0] }
    Consolidated identical input bits for $mux cell $616:
      Old ports: A=0, B=32'11111111111111111111111111111111, Y=$616y
      New ports: A=1'0, B=1'1, Y=$616y [0]
      New connections: $616y [31:1] = { $616y [0] $616y [0] $616y [0] $616y [0] $616y [0] $616y [0] $616y [0] $616y [0] $616y [0] $616y [0] $616y [0] $616y [0] $616y [0] $616y [0] $616y [0] $616y [0] $616y [0] $616y [0] $616y [0] $616y [0] $616y [0] $616y [0] $616y [0] $616y [0] $616y [0] $616y [0] $616y [0] $616y [0] $616y [0] $616y [0] $616y [0] }
    Consolidated identical input bits for $mux cell $613:
      Old ports: A=0, B=32'11111111111111111111111111111111, Y=$613y
      New ports: A=1'0, B=1'1, Y=$613y [0]
      New connections: $613y [31:1] = { $613y [0] $613y [0] $613y [0] $613y [0] $613y [0] $613y [0] $613y [0] $613y [0] $613y [0] $613y [0] $613y [0] $613y [0] $613y [0] $613y [0] $613y [0] $613y [0] $613y [0] $613y [0] $613y [0] $613y [0] $613y [0] $613y [0] $613y [0] $613y [0] $613y [0] $613y [0] $613y [0] $613y [0] $613y [0] $613y [0] $613y [0] }
    Consolidated identical input bits for $mux cell $610:
      Old ports: A=0, B=32'11111111111111111111111111111111, Y=$610y
      New ports: A=1'0, B=1'1, Y=$610y [0]
      New connections: $610y [31:1] = { $610y [0] $610y [0] $610y [0] $610y [0] $610y [0] $610y [0] $610y [0] $610y [0] $610y [0] $610y [0] $610y [0] $610y [0] $610y [0] $610y [0] $610y [0] $610y [0] $610y [0] $610y [0] $610y [0] $610y [0] $610y [0] $610y [0] $610y [0] $610y [0] $610y [0] $610y [0] $610y [0] $610y [0] $610y [0] $610y [0] $610y [0] }
    Consolidated identical input bits for $mux cell $607:
      Old ports: A=0, B=32'11111111111111111111111111111111, Y=$607y
      New ports: A=1'0, B=1'1, Y=$607y [0]
      New connections: $607y [31:1] = { $607y [0] $607y [0] $607y [0] $607y [0] $607y [0] $607y [0] $607y [0] $607y [0] $607y [0] $607y [0] $607y [0] $607y [0] $607y [0] $607y [0] $607y [0] $607y [0] $607y [0] $607y [0] $607y [0] $607y [0] $607y [0] $607y [0] $607y [0] $607y [0] $607y [0] $607y [0] $607y [0] $607y [0] $607y [0] $607y [0] $607y [0] }
    Consolidated identical input bits for $mux cell $604:
      Old ports: A=0, B=32'11111111111111111111111111111111, Y=$604y
      New ports: A=1'0, B=1'1, Y=$604y [0]
      New connections: $604y [31:1] = { $604y [0] $604y [0] $604y [0] $604y [0] $604y [0] $604y [0] $604y [0] $604y [0] $604y [0] $604y [0] $604y [0] $604y [0] $604y [0] $604y [0] $604y [0] $604y [0] $604y [0] $604y [0] $604y [0] $604y [0] $604y [0] $604y [0] $604y [0] $604y [0] $604y [0] $604y [0] $604y [0] $604y [0] $604y [0] $604y [0] $604y [0] }
    Consolidated identical input bits for $mux cell $601:
      Old ports: A=0, B=32'11111111111111111111111111111111, Y=$601y
      New ports: A=1'0, B=1'1, Y=$601y [0]
      New connections: $601y [31:1] = { $601y [0] $601y [0] $601y [0] $601y [0] $601y [0] $601y [0] $601y [0] $601y [0] $601y [0] $601y [0] $601y [0] $601y [0] $601y [0] $601y [0] $601y [0] $601y [0] $601y [0] $601y [0] $601y [0] $601y [0] $601y [0] $601y [0] $601y [0] $601y [0] $601y [0] $601y [0] $601y [0] $601y [0] $601y [0] $601y [0] $601y [0] }
    Consolidated identical input bits for $mux cell $598:
      Old ports: A=0, B=32'11111111111111111111111111111111, Y=$598y
      New ports: A=1'0, B=1'1, Y=$598y [0]
      New connections: $598y [31:1] = { $598y [0] $598y [0] $598y [0] $598y [0] $598y [0] $598y [0] $598y [0] $598y [0] $598y [0] $598y [0] $598y [0] $598y [0] $598y [0] $598y [0] $598y [0] $598y [0] $598y [0] $598y [0] $598y [0] $598y [0] $598y [0] $598y [0] $598y [0] $598y [0] $598y [0] $598y [0] $598y [0] $598y [0] $598y [0] $598y [0] $598y [0] }
    Consolidated identical input bits for $mux cell $595:
      Old ports: A=0, B=32'11111111111111111111111111111111, Y=$595y
      New ports: A=1'0, B=1'1, Y=$595y [0]
      New connections: $595y [31:1] = { $595y [0] $595y [0] $595y [0] $595y [0] $595y [0] $595y [0] $595y [0] $595y [0] $595y [0] $595y [0] $595y [0] $595y [0] $595y [0] $595y [0] $595y [0] $595y [0] $595y [0] $595y [0] $595y [0] $595y [0] $595y [0] $595y [0] $595y [0] $595y [0] $595y [0] $595y [0] $595y [0] $595y [0] $595y [0] $595y [0] $595y [0] }
    Consolidated identical input bits for $mux cell $592:
      Old ports: A=0, B=32'11111111111111111111111111111111, Y=$592y
      New ports: A=1'0, B=1'1, Y=$592y [0]
      New connections: $592y [31:1] = { $592y [0] $592y [0] $592y [0] $592y [0] $592y [0] $592y [0] $592y [0] $592y [0] $592y [0] $592y [0] $592y [0] $592y [0] $592y [0] $592y [0] $592y [0] $592y [0] $592y [0] $592y [0] $592y [0] $592y [0] $592y [0] $592y [0] $592y [0] $592y [0] $592y [0] $592y [0] $592y [0] $592y [0] $592y [0] $592y [0] $592y [0] }
    Consolidated identical input bits for $mux cell $589:
      Old ports: A=0, B=32'11111111111111111111111111111111, Y=$589y
      New ports: A=1'0, B=1'1, Y=$589y [0]
      New connections: $589y [31:1] = { $589y [0] $589y [0] $589y [0] $589y [0] $589y [0] $589y [0] $589y [0] $589y [0] $589y [0] $589y [0] $589y [0] $589y [0] $589y [0] $589y [0] $589y [0] $589y [0] $589y [0] $589y [0] $589y [0] $589y [0] $589y [0] $589y [0] $589y [0] $589y [0] $589y [0] $589y [0] $589y [0] $589y [0] $589y [0] $589y [0] $589y [0] }
    Consolidated identical input bits for $mux cell $586:
      Old ports: A=0, B=32'11111111111111111111111111111111, Y=$586y
      New ports: A=1'0, B=1'1, Y=$586y [0]
      New connections: $586y [31:1] = { $586y [0] $586y [0] $586y [0] $586y [0] $586y [0] $586y [0] $586y [0] $586y [0] $586y [0] $586y [0] $586y [0] $586y [0] $586y [0] $586y [0] $586y [0] $586y [0] $586y [0] $586y [0] $586y [0] $586y [0] $586y [0] $586y [0] $586y [0] $586y [0] $586y [0] $586y [0] $586y [0] $586y [0] $586y [0] $586y [0] $586y [0] }
    Consolidated identical input bits for $mux cell $583:
      Old ports: A=0, B=32'11111111111111111111111111111111, Y=$583y
      New ports: A=1'0, B=1'1, Y=$583y [0]
      New connections: $583y [31:1] = { $583y [0] $583y [0] $583y [0] $583y [0] $583y [0] $583y [0] $583y [0] $583y [0] $583y [0] $583y [0] $583y [0] $583y [0] $583y [0] $583y [0] $583y [0] $583y [0] $583y [0] $583y [0] $583y [0] $583y [0] $583y [0] $583y [0] $583y [0] $583y [0] $583y [0] $583y [0] $583y [0] $583y [0] $583y [0] $583y [0] $583y [0] }
    Consolidated identical input bits for $mux cell $580:
      Old ports: A=0, B=32'11111111111111111111111111111111, Y=$580y
      New ports: A=1'0, B=1'1, Y=$580y [0]
      New connections: $580y [31:1] = { $580y [0] $580y [0] $580y [0] $580y [0] $580y [0] $580y [0] $580y [0] $580y [0] $580y [0] $580y [0] $580y [0] $580y [0] $580y [0] $580y [0] $580y [0] $580y [0] $580y [0] $580y [0] $580y [0] $580y [0] $580y [0] $580y [0] $580y [0] $580y [0] $580y [0] $580y [0] $580y [0] $580y [0] $580y [0] $580y [0] $580y [0] }
    Consolidated identical input bits for $mux cell $577:
      Old ports: A=0, B=32'11111111111111111111111111111111, Y=$577y
      New ports: A=1'0, B=1'1, Y=$577y [0]
      New connections: $577y [31:1] = { $577y [0] $577y [0] $577y [0] $577y [0] $577y [0] $577y [0] $577y [0] $577y [0] $577y [0] $577y [0] $577y [0] $577y [0] $577y [0] $577y [0] $577y [0] $577y [0] $577y [0] $577y [0] $577y [0] $577y [0] $577y [0] $577y [0] $577y [0] $577y [0] $577y [0] $577y [0] $577y [0] $577y [0] $577y [0] $577y [0] $577y [0] }
    Consolidated identical input bits for $mux cell $574:
      Old ports: A=0, B=32'11111111111111111111111111111111, Y=$574y
      New ports: A=1'0, B=1'1, Y=$574y [0]
      New connections: $574y [31:1] = { $574y [0] $574y [0] $574y [0] $574y [0] $574y [0] $574y [0] $574y [0] $574y [0] $574y [0] $574y [0] $574y [0] $574y [0] $574y [0] $574y [0] $574y [0] $574y [0] $574y [0] $574y [0] $574y [0] $574y [0] $574y [0] $574y [0] $574y [0] $574y [0] $574y [0] $574y [0] $574y [0] $574y [0] $574y [0] $574y [0] $574y [0] }
    Consolidated identical input bits for $mux cell $571:
      Old ports: A=0, B=32'11111111111111111111111111111111, Y=$571y
      New ports: A=1'0, B=1'1, Y=$571y [0]
      New connections: $571y [31:1] = { $571y [0] $571y [0] $571y [0] $571y [0] $571y [0] $571y [0] $571y [0] $571y [0] $571y [0] $571y [0] $571y [0] $571y [0] $571y [0] $571y [0] $571y [0] $571y [0] $571y [0] $571y [0] $571y [0] $571y [0] $571y [0] $571y [0] $571y [0] $571y [0] $571y [0] $571y [0] $571y [0] $571y [0] $571y [0] $571y [0] $571y [0] }
    Consolidated identical input bits for $mux cell $568:
      Old ports: A=0, B=32'11111111111111111111111111111111, Y=$568y
      New ports: A=1'0, B=1'1, Y=$568y [0]
      New connections: $568y [31:1] = { $568y [0] $568y [0] $568y [0] $568y [0] $568y [0] $568y [0] $568y [0] $568y [0] $568y [0] $568y [0] $568y [0] $568y [0] $568y [0] $568y [0] $568y [0] $568y [0] $568y [0] $568y [0] $568y [0] $568y [0] $568y [0] $568y [0] $568y [0] $568y [0] $568y [0] $568y [0] $568y [0] $568y [0] $568y [0] $568y [0] $568y [0] }
    Consolidated identical input bits for $mux cell $565:
      Old ports: A=0, B=32'11111111111111111111111111111111, Y=$565y
      New ports: A=1'0, B=1'1, Y=$565y [0]
      New connections: $565y [31:1] = { $565y [0] $565y [0] $565y [0] $565y [0] $565y [0] $565y [0] $565y [0] $565y [0] $565y [0] $565y [0] $565y [0] $565y [0] $565y [0] $565y [0] $565y [0] $565y [0] $565y [0] $565y [0] $565y [0] $565y [0] $565y [0] $565y [0] $565y [0] $565y [0] $565y [0] $565y [0] $565y [0] $565y [0] $565y [0] $565y [0] $565y [0] }
    Consolidated identical input bits for $mux cell $562:
      Old ports: A=0, B=32'11111111111111111111111111111111, Y=$562y
      New ports: A=1'0, B=1'1, Y=$562y [0]
      New connections: $562y [31:1] = { $562y [0] $562y [0] $562y [0] $562y [0] $562y [0] $562y [0] $562y [0] $562y [0] $562y [0] $562y [0] $562y [0] $562y [0] $562y [0] $562y [0] $562y [0] $562y [0] $562y [0] $562y [0] $562y [0] $562y [0] $562y [0] $562y [0] $562y [0] $562y [0] $562y [0] $562y [0] $562y [0] $562y [0] $562y [0] $562y [0] $562y [0] }
    Consolidated identical input bits for $mux cell $559:
      Old ports: A=0, B=32'11111111111111111111111111111111, Y=$559y
      New ports: A=1'0, B=1'1, Y=$559y [0]
      New connections: $559y [31:1] = { $559y [0] $559y [0] $559y [0] $559y [0] $559y [0] $559y [0] $559y [0] $559y [0] $559y [0] $559y [0] $559y [0] $559y [0] $559y [0] $559y [0] $559y [0] $559y [0] $559y [0] $559y [0] $559y [0] $559y [0] $559y [0] $559y [0] $559y [0] $559y [0] $559y [0] $559y [0] $559y [0] $559y [0] $559y [0] $559y [0] $559y [0] }
    Consolidated identical input bits for $mux cell $556:
      Old ports: A=0, B=32'11111111111111111111111111111111, Y=$556y
      New ports: A=1'0, B=1'1, Y=$556y [0]
      New connections: $556y [31:1] = { $556y [0] $556y [0] $556y [0] $556y [0] $556y [0] $556y [0] $556y [0] $556y [0] $556y [0] $556y [0] $556y [0] $556y [0] $556y [0] $556y [0] $556y [0] $556y [0] $556y [0] $556y [0] $556y [0] $556y [0] $556y [0] $556y [0] $556y [0] $556y [0] $556y [0] $556y [0] $556y [0] $556y [0] $556y [0] $556y [0] $556y [0] }
    Consolidated identical input bits for $mux cell $553:
      Old ports: A=0, B=32'11111111111111111111111111111111, Y=$553y
      New ports: A=1'0, B=1'1, Y=$553y [0]
      New connections: $553y [31:1] = { $553y [0] $553y [0] $553y [0] $553y [0] $553y [0] $553y [0] $553y [0] $553y [0] $553y [0] $553y [0] $553y [0] $553y [0] $553y [0] $553y [0] $553y [0] $553y [0] $553y [0] $553y [0] $553y [0] $553y [0] $553y [0] $553y [0] $553y [0] $553y [0] $553y [0] $553y [0] $553y [0] $553y [0] $553y [0] $553y [0] $553y [0] }
    Consolidated identical input bits for $mux cell $550:
      Old ports: A=0, B=32'11111111111111111111111111111111, Y=$550y
      New ports: A=1'0, B=1'1, Y=$550y [0]
      New connections: $550y [31:1] = { $550y [0] $550y [0] $550y [0] $550y [0] $550y [0] $550y [0] $550y [0] $550y [0] $550y [0] $550y [0] $550y [0] $550y [0] $550y [0] $550y [0] $550y [0] $550y [0] $550y [0] $550y [0] $550y [0] $550y [0] $550y [0] $550y [0] $550y [0] $550y [0] $550y [0] $550y [0] $550y [0] $550y [0] $550y [0] $550y [0] $550y [0] }
    Consolidated identical input bits for $mux cell $547:
      Old ports: A=0, B=32'11111111111111111111111111111111, Y=$547y
      New ports: A=1'0, B=1'1, Y=$547y [0]
      New connections: $547y [31:1] = { $547y [0] $547y [0] $547y [0] $547y [0] $547y [0] $547y [0] $547y [0] $547y [0] $547y [0] $547y [0] $547y [0] $547y [0] $547y [0] $547y [0] $547y [0] $547y [0] $547y [0] $547y [0] $547y [0] $547y [0] $547y [0] $547y [0] $547y [0] $547y [0] $547y [0] $547y [0] $547y [0] $547y [0] $547y [0] $547y [0] $547y [0] }
    Consolidated identical input bits for $mux cell $544:
      Old ports: A=0, B=32'11111111111111111111111111111111, Y=$544y
      New ports: A=1'0, B=1'1, Y=$544y [0]
      New connections: $544y [31:1] = { $544y [0] $544y [0] $544y [0] $544y [0] $544y [0] $544y [0] $544y [0] $544y [0] $544y [0] $544y [0] $544y [0] $544y [0] $544y [0] $544y [0] $544y [0] $544y [0] $544y [0] $544y [0] $544y [0] $544y [0] $544y [0] $544y [0] $544y [0] $544y [0] $544y [0] $544y [0] $544y [0] $544y [0] $544y [0] $544y [0] $544y [0] }
    Consolidated identical input bits for $mux cell $541:
      Old ports: A=0, B=32'11111111111111111111111111111111, Y=$541y
      New ports: A=1'0, B=1'1, Y=$541y [0]
      New connections: $541y [31:1] = { $541y [0] $541y [0] $541y [0] $541y [0] $541y [0] $541y [0] $541y [0] $541y [0] $541y [0] $541y [0] $541y [0] $541y [0] $541y [0] $541y [0] $541y [0] $541y [0] $541y [0] $541y [0] $541y [0] $541y [0] $541y [0] $541y [0] $541y [0] $541y [0] $541y [0] $541y [0] $541y [0] $541y [0] $541y [0] $541y [0] $541y [0] }
    Consolidated identical input bits for $mux cell $538:
      Old ports: A=0, B=32'11111111111111111111111111111111, Y=$538y
      New ports: A=1'0, B=1'1, Y=$538y [0]
      New connections: $538y [31:1] = { $538y [0] $538y [0] $538y [0] $538y [0] $538y [0] $538y [0] $538y [0] $538y [0] $538y [0] $538y [0] $538y [0] $538y [0] $538y [0] $538y [0] $538y [0] $538y [0] $538y [0] $538y [0] $538y [0] $538y [0] $538y [0] $538y [0] $538y [0] $538y [0] $538y [0] $538y [0] $538y [0] $538y [0] $538y [0] $538y [0] $538y [0] }
    Consolidated identical input bits for $mux cell $535:
      Old ports: A=0, B=32'11111111111111111111111111111111, Y=$535y
      New ports: A=1'0, B=1'1, Y=$535y [0]
      New connections: $535y [31:1] = { $535y [0] $535y [0] $535y [0] $535y [0] $535y [0] $535y [0] $535y [0] $535y [0] $535y [0] $535y [0] $535y [0] $535y [0] $535y [0] $535y [0] $535y [0] $535y [0] $535y [0] $535y [0] $535y [0] $535y [0] $535y [0] $535y [0] $535y [0] $535y [0] $535y [0] $535y [0] $535y [0] $535y [0] $535y [0] $535y [0] $535y [0] }
    Consolidated identical input bits for $mux cell $532:
      Old ports: A=0, B=32'11111111111111111111111111111111, Y=$532y
      New ports: A=1'0, B=1'1, Y=$532y [0]
      New connections: $532y [31:1] = { $532y [0] $532y [0] $532y [0] $532y [0] $532y [0] $532y [0] $532y [0] $532y [0] $532y [0] $532y [0] $532y [0] $532y [0] $532y [0] $532y [0] $532y [0] $532y [0] $532y [0] $532y [0] $532y [0] $532y [0] $532y [0] $532y [0] $532y [0] $532y [0] $532y [0] $532y [0] $532y [0] $532y [0] $532y [0] $532y [0] $532y [0] }
    Consolidated identical input bits for $mux cell $529:
      Old ports: A=0, B=32'11111111111111111111111111111111, Y=$529y
      New ports: A=1'0, B=1'1, Y=$529y [0]
      New connections: $529y [31:1] = { $529y [0] $529y [0] $529y [0] $529y [0] $529y [0] $529y [0] $529y [0] $529y [0] $529y [0] $529y [0] $529y [0] $529y [0] $529y [0] $529y [0] $529y [0] $529y [0] $529y [0] $529y [0] $529y [0] $529y [0] $529y [0] $529y [0] $529y [0] $529y [0] $529y [0] $529y [0] $529y [0] $529y [0] $529y [0] $529y [0] $529y [0] }
    Consolidated identical input bits for $mux cell $526:
      Old ports: A=0, B=32'11111111111111111111111111111111, Y=$526y
      New ports: A=1'0, B=1'1, Y=$526y [0]
      New connections: $526y [31:1] = { $526y [0] $526y [0] $526y [0] $526y [0] $526y [0] $526y [0] $526y [0] $526y [0] $526y [0] $526y [0] $526y [0] $526y [0] $526y [0] $526y [0] $526y [0] $526y [0] $526y [0] $526y [0] $526y [0] $526y [0] $526y [0] $526y [0] $526y [0] $526y [0] $526y [0] $526y [0] $526y [0] $526y [0] $526y [0] $526y [0] $526y [0] }
    Consolidated identical input bits for $mux cell $523:
      Old ports: A=0, B=32'11111111111111111111111111111111, Y=$523y
      New ports: A=1'0, B=1'1, Y=$523y [0]
      New connections: $523y [31:1] = { $523y [0] $523y [0] $523y [0] $523y [0] $523y [0] $523y [0] $523y [0] $523y [0] $523y [0] $523y [0] $523y [0] $523y [0] $523y [0] $523y [0] $523y [0] $523y [0] $523y [0] $523y [0] $523y [0] $523y [0] $523y [0] $523y [0] $523y [0] $523y [0] $523y [0] $523y [0] $523y [0] $523y [0] $523y [0] $523y [0] $523y [0] }
    Consolidated identical input bits for $mux cell $520:
      Old ports: A=0, B=32'11111111111111111111111111111111, Y=$520y
      New ports: A=1'0, B=1'1, Y=$520y [0]
      New connections: $520y [31:1] = { $520y [0] $520y [0] $520y [0] $520y [0] $520y [0] $520y [0] $520y [0] $520y [0] $520y [0] $520y [0] $520y [0] $520y [0] $520y [0] $520y [0] $520y [0] $520y [0] $520y [0] $520y [0] $520y [0] $520y [0] $520y [0] $520y [0] $520y [0] $520y [0] $520y [0] $520y [0] $520y [0] $520y [0] $520y [0] $520y [0] $520y [0] }
    Consolidated identical input bits for $mux cell $517:
      Old ports: A=0, B=32'11111111111111111111111111111111, Y=$517y
      New ports: A=1'0, B=1'1, Y=$517y [0]
      New connections: $517y [31:1] = { $517y [0] $517y [0] $517y [0] $517y [0] $517y [0] $517y [0] $517y [0] $517y [0] $517y [0] $517y [0] $517y [0] $517y [0] $517y [0] $517y [0] $517y [0] $517y [0] $517y [0] $517y [0] $517y [0] $517y [0] $517y [0] $517y [0] $517y [0] $517y [0] $517y [0] $517y [0] $517y [0] $517y [0] $517y [0] $517y [0] $517y [0] }
    Consolidated identical input bits for $mux cell $514:
      Old ports: A=0, B=32'11111111111111111111111111111111, Y=$514y
      New ports: A=1'0, B=1'1, Y=$514y [0]
      New connections: $514y [31:1] = { $514y [0] $514y [0] $514y [0] $514y [0] $514y [0] $514y [0] $514y [0] $514y [0] $514y [0] $514y [0] $514y [0] $514y [0] $514y [0] $514y [0] $514y [0] $514y [0] $514y [0] $514y [0] $514y [0] $514y [0] $514y [0] $514y [0] $514y [0] $514y [0] $514y [0] $514y [0] $514y [0] $514y [0] $514y [0] $514y [0] $514y [0] }
    Consolidated identical input bits for $mux cell $511:
      Old ports: A=0, B=32'11111111111111111111111111111111, Y=$511y
      New ports: A=1'0, B=1'1, Y=$511y [0]
      New connections: $511y [31:1] = { $511y [0] $511y [0] $511y [0] $511y [0] $511y [0] $511y [0] $511y [0] $511y [0] $511y [0] $511y [0] $511y [0] $511y [0] $511y [0] $511y [0] $511y [0] $511y [0] $511y [0] $511y [0] $511y [0] $511y [0] $511y [0] $511y [0] $511y [0] $511y [0] $511y [0] $511y [0] $511y [0] $511y [0] $511y [0] $511y [0] $511y [0] }
    Consolidated identical input bits for $mux cell $508:
      Old ports: A=0, B=32'11111111111111111111111111111111, Y=$508y
      New ports: A=1'0, B=1'1, Y=$508y [0]
      New connections: $508y [31:1] = { $508y [0] $508y [0] $508y [0] $508y [0] $508y [0] $508y [0] $508y [0] $508y [0] $508y [0] $508y [0] $508y [0] $508y [0] $508y [0] $508y [0] $508y [0] $508y [0] $508y [0] $508y [0] $508y [0] $508y [0] $508y [0] $508y [0] $508y [0] $508y [0] $508y [0] $508y [0] $508y [0] $508y [0] $508y [0] $508y [0] $508y [0] }
    Consolidated identical input bits for $mux cell $505:
      Old ports: A=0, B=32'11111111111111111111111111111111, Y=$505y
      New ports: A=1'0, B=1'1, Y=$505y [0]
      New connections: $505y [31:1] = { $505y [0] $505y [0] $505y [0] $505y [0] $505y [0] $505y [0] $505y [0] $505y [0] $505y [0] $505y [0] $505y [0] $505y [0] $505y [0] $505y [0] $505y [0] $505y [0] $505y [0] $505y [0] $505y [0] $505y [0] $505y [0] $505y [0] $505y [0] $505y [0] $505y [0] $505y [0] $505y [0] $505y [0] $505y [0] $505y [0] $505y [0] }
    Consolidated identical input bits for $mux cell $502:
      Old ports: A=0, B=32'11111111111111111111111111111111, Y=$502y
      New ports: A=1'0, B=1'1, Y=$502y [0]
      New connections: $502y [31:1] = { $502y [0] $502y [0] $502y [0] $502y [0] $502y [0] $502y [0] $502y [0] $502y [0] $502y [0] $502y [0] $502y [0] $502y [0] $502y [0] $502y [0] $502y [0] $502y [0] $502y [0] $502y [0] $502y [0] $502y [0] $502y [0] $502y [0] $502y [0] $502y [0] $502y [0] $502y [0] $502y [0] $502y [0] $502y [0] $502y [0] $502y [0] }
    Consolidated identical input bits for $mux cell $499:
      Old ports: A=0, B=32'11111111111111111111111111111111, Y=$499y
      New ports: A=1'0, B=1'1, Y=$499y [0]
      New connections: $499y [31:1] = { $499y [0] $499y [0] $499y [0] $499y [0] $499y [0] $499y [0] $499y [0] $499y [0] $499y [0] $499y [0] $499y [0] $499y [0] $499y [0] $499y [0] $499y [0] $499y [0] $499y [0] $499y [0] $499y [0] $499y [0] $499y [0] $499y [0] $499y [0] $499y [0] $499y [0] $499y [0] $499y [0] $499y [0] $499y [0] $499y [0] $499y [0] }
    Consolidated identical input bits for $mux cell $496:
      Old ports: A=0, B=32'11111111111111111111111111111111, Y=$496y
      New ports: A=1'0, B=1'1, Y=$496y [0]
      New connections: $496y [31:1] = { $496y [0] $496y [0] $496y [0] $496y [0] $496y [0] $496y [0] $496y [0] $496y [0] $496y [0] $496y [0] $496y [0] $496y [0] $496y [0] $496y [0] $496y [0] $496y [0] $496y [0] $496y [0] $496y [0] $496y [0] $496y [0] $496y [0] $496y [0] $496y [0] $496y [0] $496y [0] $496y [0] $496y [0] $496y [0] $496y [0] $496y [0] }
    Consolidated identical input bits for $mux cell $493:
      Old ports: A=0, B=32'11111111111111111111111111111111, Y=$493y
      New ports: A=1'0, B=1'1, Y=$493y [0]
      New connections: $493y [31:1] = { $493y [0] $493y [0] $493y [0] $493y [0] $493y [0] $493y [0] $493y [0] $493y [0] $493y [0] $493y [0] $493y [0] $493y [0] $493y [0] $493y [0] $493y [0] $493y [0] $493y [0] $493y [0] $493y [0] $493y [0] $493y [0] $493y [0] $493y [0] $493y [0] $493y [0] $493y [0] $493y [0] $493y [0] $493y [0] $493y [0] $493y [0] }
    Consolidated identical input bits for $mux cell $490:
      Old ports: A=0, B=32'11111111111111111111111111111111, Y=$490y
      New ports: A=1'0, B=1'1, Y=$490y [0]
      New connections: $490y [31:1] = { $490y [0] $490y [0] $490y [0] $490y [0] $490y [0] $490y [0] $490y [0] $490y [0] $490y [0] $490y [0] $490y [0] $490y [0] $490y [0] $490y [0] $490y [0] $490y [0] $490y [0] $490y [0] $490y [0] $490y [0] $490y [0] $490y [0] $490y [0] $490y [0] $490y [0] $490y [0] $490y [0] $490y [0] $490y [0] $490y [0] $490y [0] }
    Consolidated identical input bits for $mux cell $487:
      Old ports: A=0, B=32'11111111111111111111111111111111, Y=$487y
      New ports: A=1'0, B=1'1, Y=$487y [0]
      New connections: $487y [31:1] = { $487y [0] $487y [0] $487y [0] $487y [0] $487y [0] $487y [0] $487y [0] $487y [0] $487y [0] $487y [0] $487y [0] $487y [0] $487y [0] $487y [0] $487y [0] $487y [0] $487y [0] $487y [0] $487y [0] $487y [0] $487y [0] $487y [0] $487y [0] $487y [0] $487y [0] $487y [0] $487y [0] $487y [0] $487y [0] $487y [0] $487y [0] }
    Consolidated identical input bits for $mux cell $484:
      Old ports: A=0, B=32'11111111111111111111111111111111, Y=$484y
      New ports: A=1'0, B=1'1, Y=$484y [0]
      New connections: $484y [31:1] = { $484y [0] $484y [0] $484y [0] $484y [0] $484y [0] $484y [0] $484y [0] $484y [0] $484y [0] $484y [0] $484y [0] $484y [0] $484y [0] $484y [0] $484y [0] $484y [0] $484y [0] $484y [0] $484y [0] $484y [0] $484y [0] $484y [0] $484y [0] $484y [0] $484y [0] $484y [0] $484y [0] $484y [0] $484y [0] $484y [0] $484y [0] }
    Consolidated identical input bits for $mux cell $481:
      Old ports: A=0, B=32'11111111111111111111111111111111, Y=$481y
      New ports: A=1'0, B=1'1, Y=$481y [0]
      New connections: $481y [31:1] = { $481y [0] $481y [0] $481y [0] $481y [0] $481y [0] $481y [0] $481y [0] $481y [0] $481y [0] $481y [0] $481y [0] $481y [0] $481y [0] $481y [0] $481y [0] $481y [0] $481y [0] $481y [0] $481y [0] $481y [0] $481y [0] $481y [0] $481y [0] $481y [0] $481y [0] $481y [0] $481y [0] $481y [0] $481y [0] $481y [0] $481y [0] }
    Consolidated identical input bits for $mux cell $478:
      Old ports: A=0, B=32'11111111111111111111111111111111, Y=$478y
      New ports: A=1'0, B=1'1, Y=$478y [0]
      New connections: $478y [31:1] = { $478y [0] $478y [0] $478y [0] $478y [0] $478y [0] $478y [0] $478y [0] $478y [0] $478y [0] $478y [0] $478y [0] $478y [0] $478y [0] $478y [0] $478y [0] $478y [0] $478y [0] $478y [0] $478y [0] $478y [0] $478y [0] $478y [0] $478y [0] $478y [0] $478y [0] $478y [0] $478y [0] $478y [0] $478y [0] $478y [0] $478y [0] }
    Consolidated identical input bits for $mux cell $475:
      Old ports: A=0, B=32'11111111111111111111111111111111, Y=$475y
      New ports: A=1'0, B=1'1, Y=$475y [0]
      New connections: $475y [31:1] = { $475y [0] $475y [0] $475y [0] $475y [0] $475y [0] $475y [0] $475y [0] $475y [0] $475y [0] $475y [0] $475y [0] $475y [0] $475y [0] $475y [0] $475y [0] $475y [0] $475y [0] $475y [0] $475y [0] $475y [0] $475y [0] $475y [0] $475y [0] $475y [0] $475y [0] $475y [0] $475y [0] $475y [0] $475y [0] $475y [0] $475y [0] }
    Consolidated identical input bits for $mux cell $472:
      Old ports: A=0, B=32'11111111111111111111111111111111, Y=$472y
      New ports: A=1'0, B=1'1, Y=$472y [0]
      New connections: $472y [31:1] = { $472y [0] $472y [0] $472y [0] $472y [0] $472y [0] $472y [0] $472y [0] $472y [0] $472y [0] $472y [0] $472y [0] $472y [0] $472y [0] $472y [0] $472y [0] $472y [0] $472y [0] $472y [0] $472y [0] $472y [0] $472y [0] $472y [0] $472y [0] $472y [0] $472y [0] $472y [0] $472y [0] $472y [0] $472y [0] $472y [0] $472y [0] }
    Consolidated identical input bits for $mux cell $469:
      Old ports: A=0, B=32'11111111111111111111111111111111, Y=$469y
      New ports: A=1'0, B=1'1, Y=$469y [0]
      New connections: $469y [31:1] = { $469y [0] $469y [0] $469y [0] $469y [0] $469y [0] $469y [0] $469y [0] $469y [0] $469y [0] $469y [0] $469y [0] $469y [0] $469y [0] $469y [0] $469y [0] $469y [0] $469y [0] $469y [0] $469y [0] $469y [0] $469y [0] $469y [0] $469y [0] $469y [0] $469y [0] $469y [0] $469y [0] $469y [0] $469y [0] $469y [0] $469y [0] }
    Consolidated identical input bits for $mux cell $466:
      Old ports: A=0, B=32'11111111111111111111111111111111, Y=$466y
      New ports: A=1'0, B=1'1, Y=$466y [0]
      New connections: $466y [31:1] = { $466y [0] $466y [0] $466y [0] $466y [0] $466y [0] $466y [0] $466y [0] $466y [0] $466y [0] $466y [0] $466y [0] $466y [0] $466y [0] $466y [0] $466y [0] $466y [0] $466y [0] $466y [0] $466y [0] $466y [0] $466y [0] $466y [0] $466y [0] $466y [0] $466y [0] $466y [0] $466y [0] $466y [0] $466y [0] $466y [0] $466y [0] }
    Consolidated identical input bits for $mux cell $463:
      Old ports: A=0, B=32'11111111111111111111111111111111, Y=$463y
      New ports: A=1'0, B=1'1, Y=$463y [0]
      New connections: $463y [31:1] = { $463y [0] $463y [0] $463y [0] $463y [0] $463y [0] $463y [0] $463y [0] $463y [0] $463y [0] $463y [0] $463y [0] $463y [0] $463y [0] $463y [0] $463y [0] $463y [0] $463y [0] $463y [0] $463y [0] $463y [0] $463y [0] $463y [0] $463y [0] $463y [0] $463y [0] $463y [0] $463y [0] $463y [0] $463y [0] $463y [0] $463y [0] }
    Consolidated identical input bits for $mux cell $460:
      Old ports: A=0, B=32'11111111111111111111111111111111, Y=$460y
      New ports: A=1'0, B=1'1, Y=$460y [0]
      New connections: $460y [31:1] = { $460y [0] $460y [0] $460y [0] $460y [0] $460y [0] $460y [0] $460y [0] $460y [0] $460y [0] $460y [0] $460y [0] $460y [0] $460y [0] $460y [0] $460y [0] $460y [0] $460y [0] $460y [0] $460y [0] $460y [0] $460y [0] $460y [0] $460y [0] $460y [0] $460y [0] $460y [0] $460y [0] $460y [0] $460y [0] $460y [0] $460y [0] }
    Consolidated identical input bits for $mux cell $457:
      Old ports: A=0, B=32'11111111111111111111111111111111, Y=$457y
      New ports: A=1'0, B=1'1, Y=$457y [0]
      New connections: $457y [31:1] = { $457y [0] $457y [0] $457y [0] $457y [0] $457y [0] $457y [0] $457y [0] $457y [0] $457y [0] $457y [0] $457y [0] $457y [0] $457y [0] $457y [0] $457y [0] $457y [0] $457y [0] $457y [0] $457y [0] $457y [0] $457y [0] $457y [0] $457y [0] $457y [0] $457y [0] $457y [0] $457y [0] $457y [0] $457y [0] $457y [0] $457y [0] }
    Consolidated identical input bits for $mux cell $454:
      Old ports: A=0, B=32'11111111111111111111111111111111, Y=$454y
      New ports: A=1'0, B=1'1, Y=$454y [0]
      New connections: $454y [31:1] = { $454y [0] $454y [0] $454y [0] $454y [0] $454y [0] $454y [0] $454y [0] $454y [0] $454y [0] $454y [0] $454y [0] $454y [0] $454y [0] $454y [0] $454y [0] $454y [0] $454y [0] $454y [0] $454y [0] $454y [0] $454y [0] $454y [0] $454y [0] $454y [0] $454y [0] $454y [0] $454y [0] $454y [0] $454y [0] $454y [0] $454y [0] }
    New ctrl vector for $pmux cell $procmux$142948: $auto$opt_reduce.cc:137:opt_pmux$144120
    New ctrl vector for $pmux cell $procmux$142943: $auto$opt_reduce.cc:137:opt_pmux$144122
    New ctrl vector for $pmux cell $procmux$142937: { $auto$opt_reduce.cc:137:opt_pmux$144124 $procmux$142978_CMP $procmux$142979_CMP }
    New ctrl vector for $pmux cell $procmux$142933: $auto$opt_reduce.cc:137:opt_pmux$144126
    New ctrl vector for $pmux cell $procmux$142928: $auto$opt_reduce.cc:137:opt_pmux$144128
    New ctrl vector for $pmux cell $procmux$142974: $auto$opt_reduce.cc:137:opt_pmux$144130
    Consolidated identical input bits for $mux cell $172:
      Old ports: A=0, B=32'11111111111111111111111111111111, Y=$172y
      New ports: A=1'0, B=1'1, Y=$172y [0]
      New connections: $172y [31:1] = { $172y [0] $172y [0] $172y [0] $172y [0] $172y [0] $172y [0] $172y [0] $172y [0] $172y [0] $172y [0] $172y [0] $172y [0] $172y [0] $172y [0] $172y [0] $172y [0] $172y [0] $172y [0] $172y [0] $172y [0] $172y [0] $172y [0] $172y [0] $172y [0] $172y [0] $172y [0] $172y [0] $172y [0] $172y [0] $172y [0] $172y [0] }
    Consolidated identical input bits for $mux cell $167:
      Old ports: A=0, B=32'11111111111111111111111111111111, Y=$167y
      New ports: A=1'0, B=1'1, Y=$167y [0]
      New connections: $167y [31:1] = { $167y [0] $167y [0] $167y [0] $167y [0] $167y [0] $167y [0] $167y [0] $167y [0] $167y [0] $167y [0] $167y [0] $167y [0] $167y [0] $167y [0] $167y [0] $167y [0] $167y [0] $167y [0] $167y [0] $167y [0] $167y [0] $167y [0] $167y [0] $167y [0] $167y [0] $167y [0] $167y [0] $167y [0] $167y [0] $167y [0] $167y [0] }
    Consolidated identical input bits for $mux cell $164:
      Old ports: A=0, B=32'11111111111111111111111111111111, Y=$164y
      New ports: A=1'0, B=1'1, Y=$164y [0]
      New connections: $164y [31:1] = { $164y [0] $164y [0] $164y [0] $164y [0] $164y [0] $164y [0] $164y [0] $164y [0] $164y [0] $164y [0] $164y [0] $164y [0] $164y [0] $164y [0] $164y [0] $164y [0] $164y [0] $164y [0] $164y [0] $164y [0] $164y [0] $164y [0] $164y [0] $164y [0] $164y [0] $164y [0] $164y [0] $164y [0] $164y [0] $164y [0] $164y [0] }
    Consolidated identical input bits for $mux cell $161:
      Old ports: A=0, B=32'11111111111111111111111111111111, Y=$161y
      New ports: A=1'0, B=1'1, Y=$161y [0]
      New connections: $161y [31:1] = { $161y [0] $161y [0] $161y [0] $161y [0] $161y [0] $161y [0] $161y [0] $161y [0] $161y [0] $161y [0] $161y [0] $161y [0] $161y [0] $161y [0] $161y [0] $161y [0] $161y [0] $161y [0] $161y [0] $161y [0] $161y [0] $161y [0] $161y [0] $161y [0] $161y [0] $161y [0] $161y [0] $161y [0] $161y [0] $161y [0] $161y [0] }
    Consolidated identical input bits for $mux cell $158:
      Old ports: A=0, B=32'11111111111111111111111111111111, Y=$158y
      New ports: A=1'0, B=1'1, Y=$158y [0]
      New connections: $158y [31:1] = { $158y [0] $158y [0] $158y [0] $158y [0] $158y [0] $158y [0] $158y [0] $158y [0] $158y [0] $158y [0] $158y [0] $158y [0] $158y [0] $158y [0] $158y [0] $158y [0] $158y [0] $158y [0] $158y [0] $158y [0] $158y [0] $158y [0] $158y [0] $158y [0] $158y [0] $158y [0] $158y [0] $158y [0] $158y [0] $158y [0] $158y [0] }
    Consolidated identical input bits for $mux cell $155:
      Old ports: A=0, B=32'11111111111111111111111111111111, Y=$155y
      New ports: A=1'0, B=1'1, Y=$155y [0]
      New connections: $155y [31:1] = { $155y [0] $155y [0] $155y [0] $155y [0] $155y [0] $155y [0] $155y [0] $155y [0] $155y [0] $155y [0] $155y [0] $155y [0] $155y [0] $155y [0] $155y [0] $155y [0] $155y [0] $155y [0] $155y [0] $155y [0] $155y [0] $155y [0] $155y [0] $155y [0] $155y [0] $155y [0] $155y [0] $155y [0] $155y [0] $155y [0] $155y [0] }
    Consolidated identical input bits for $mux cell $152:
      Old ports: A=0, B=32'11111111111111111111111111111111, Y=$152y
      New ports: A=1'0, B=1'1, Y=$152y [0]
      New connections: $152y [31:1] = { $152y [0] $152y [0] $152y [0] $152y [0] $152y [0] $152y [0] $152y [0] $152y [0] $152y [0] $152y [0] $152y [0] $152y [0] $152y [0] $152y [0] $152y [0] $152y [0] $152y [0] $152y [0] $152y [0] $152y [0] $152y [0] $152y [0] $152y [0] $152y [0] $152y [0] $152y [0] $152y [0] $152y [0] $152y [0] $152y [0] $152y [0] }
    Consolidated identical input bits for $mux cell $149:
      Old ports: A=0, B=32'11111111111111111111111111111111, Y=$149y
      New ports: A=1'0, B=1'1, Y=$149y [0]
      New connections: $149y [31:1] = { $149y [0] $149y [0] $149y [0] $149y [0] $149y [0] $149y [0] $149y [0] $149y [0] $149y [0] $149y [0] $149y [0] $149y [0] $149y [0] $149y [0] $149y [0] $149y [0] $149y [0] $149y [0] $149y [0] $149y [0] $149y [0] $149y [0] $149y [0] $149y [0] $149y [0] $149y [0] $149y [0] $149y [0] $149y [0] $149y [0] $149y [0] }
    Consolidated identical input bits for $mux cell $146:
      Old ports: A=0, B=32'11111111111111111111111111111111, Y=$146y
      New ports: A=1'0, B=1'1, Y=$146y [0]
      New connections: $146y [31:1] = { $146y [0] $146y [0] $146y [0] $146y [0] $146y [0] $146y [0] $146y [0] $146y [0] $146y [0] $146y [0] $146y [0] $146y [0] $146y [0] $146y [0] $146y [0] $146y [0] $146y [0] $146y [0] $146y [0] $146y [0] $146y [0] $146y [0] $146y [0] $146y [0] $146y [0] $146y [0] $146y [0] $146y [0] $146y [0] $146y [0] $146y [0] }
    Consolidated identical input bits for $mux cell $143:
      Old ports: A=0, B=32'11111111111111111111111111111111, Y=$143y
      New ports: A=1'0, B=1'1, Y=$143y [0]
      New connections: $143y [31:1] = { $143y [0] $143y [0] $143y [0] $143y [0] $143y [0] $143y [0] $143y [0] $143y [0] $143y [0] $143y [0] $143y [0] $143y [0] $143y [0] $143y [0] $143y [0] $143y [0] $143y [0] $143y [0] $143y [0] $143y [0] $143y [0] $143y [0] $143y [0] $143y [0] $143y [0] $143y [0] $143y [0] $143y [0] $143y [0] $143y [0] $143y [0] }
    Consolidated identical input bits for $mux cell $140:
      Old ports: A=0, B=32'11111111111111111111111111111111, Y=$140y
      New ports: A=1'0, B=1'1, Y=$140y [0]
      New connections: $140y [31:1] = { $140y [0] $140y [0] $140y [0] $140y [0] $140y [0] $140y [0] $140y [0] $140y [0] $140y [0] $140y [0] $140y [0] $140y [0] $140y [0] $140y [0] $140y [0] $140y [0] $140y [0] $140y [0] $140y [0] $140y [0] $140y [0] $140y [0] $140y [0] $140y [0] $140y [0] $140y [0] $140y [0] $140y [0] $140y [0] $140y [0] $140y [0] }
    Consolidated identical input bits for $mux cell $137:
      Old ports: A=0, B=32'11111111111111111111111111111111, Y=$137y
      New ports: A=1'0, B=1'1, Y=$137y [0]
      New connections: $137y [31:1] = { $137y [0] $137y [0] $137y [0] $137y [0] $137y [0] $137y [0] $137y [0] $137y [0] $137y [0] $137y [0] $137y [0] $137y [0] $137y [0] $137y [0] $137y [0] $137y [0] $137y [0] $137y [0] $137y [0] $137y [0] $137y [0] $137y [0] $137y [0] $137y [0] $137y [0] $137y [0] $137y [0] $137y [0] $137y [0] $137y [0] $137y [0] }
    Consolidated identical input bits for $mux cell $134:
      Old ports: A=0, B=32'11111111111111111111111111111111, Y=$134y
      New ports: A=1'0, B=1'1, Y=$134y [0]
      New connections: $134y [31:1] = { $134y [0] $134y [0] $134y [0] $134y [0] $134y [0] $134y [0] $134y [0] $134y [0] $134y [0] $134y [0] $134y [0] $134y [0] $134y [0] $134y [0] $134y [0] $134y [0] $134y [0] $134y [0] $134y [0] $134y [0] $134y [0] $134y [0] $134y [0] $134y [0] $134y [0] $134y [0] $134y [0] $134y [0] $134y [0] $134y [0] $134y [0] }
    Consolidated identical input bits for $mux cell $131:
      Old ports: A=0, B=32'11111111111111111111111111111111, Y=$131y
      New ports: A=1'0, B=1'1, Y=$131y [0]
      New connections: $131y [31:1] = { $131y [0] $131y [0] $131y [0] $131y [0] $131y [0] $131y [0] $131y [0] $131y [0] $131y [0] $131y [0] $131y [0] $131y [0] $131y [0] $131y [0] $131y [0] $131y [0] $131y [0] $131y [0] $131y [0] $131y [0] $131y [0] $131y [0] $131y [0] $131y [0] $131y [0] $131y [0] $131y [0] $131y [0] $131y [0] $131y [0] $131y [0] }
    Consolidated identical input bits for $mux cell $128:
      Old ports: A=0, B=32'11111111111111111111111111111111, Y=$128y
      New ports: A=1'0, B=1'1, Y=$128y [0]
      New connections: $128y [31:1] = { $128y [0] $128y [0] $128y [0] $128y [0] $128y [0] $128y [0] $128y [0] $128y [0] $128y [0] $128y [0] $128y [0] $128y [0] $128y [0] $128y [0] $128y [0] $128y [0] $128y [0] $128y [0] $128y [0] $128y [0] $128y [0] $128y [0] $128y [0] $128y [0] $128y [0] $128y [0] $128y [0] $128y [0] $128y [0] $128y [0] $128y [0] }
    Consolidated identical input bits for $mux cell $125:
      Old ports: A=0, B=32'11111111111111111111111111111111, Y=$125y
      New ports: A=1'0, B=1'1, Y=$125y [0]
      New connections: $125y [31:1] = { $125y [0] $125y [0] $125y [0] $125y [0] $125y [0] $125y [0] $125y [0] $125y [0] $125y [0] $125y [0] $125y [0] $125y [0] $125y [0] $125y [0] $125y [0] $125y [0] $125y [0] $125y [0] $125y [0] $125y [0] $125y [0] $125y [0] $125y [0] $125y [0] $125y [0] $125y [0] $125y [0] $125y [0] $125y [0] $125y [0] $125y [0] }
    Consolidated identical input bits for $mux cell $122:
      Old ports: A=0, B=32'11111111111111111111111111111111, Y=$122y
      New ports: A=1'0, B=1'1, Y=$122y [0]
      New connections: $122y [31:1] = { $122y [0] $122y [0] $122y [0] $122y [0] $122y [0] $122y [0] $122y [0] $122y [0] $122y [0] $122y [0] $122y [0] $122y [0] $122y [0] $122y [0] $122y [0] $122y [0] $122y [0] $122y [0] $122y [0] $122y [0] $122y [0] $122y [0] $122y [0] $122y [0] $122y [0] $122y [0] $122y [0] $122y [0] $122y [0] $122y [0] $122y [0] }
    Consolidated identical input bits for $mux cell $119:
      Old ports: A=0, B=32'11111111111111111111111111111111, Y=$119y
      New ports: A=1'0, B=1'1, Y=$119y [0]
      New connections: $119y [31:1] = { $119y [0] $119y [0] $119y [0] $119y [0] $119y [0] $119y [0] $119y [0] $119y [0] $119y [0] $119y [0] $119y [0] $119y [0] $119y [0] $119y [0] $119y [0] $119y [0] $119y [0] $119y [0] $119y [0] $119y [0] $119y [0] $119y [0] $119y [0] $119y [0] $119y [0] $119y [0] $119y [0] $119y [0] $119y [0] $119y [0] $119y [0] }
    Consolidated identical input bits for $mux cell $116:
      Old ports: A=0, B=32'11111111111111111111111111111111, Y=$116y
      New ports: A=1'0, B=1'1, Y=$116y [0]
      New connections: $116y [31:1] = { $116y [0] $116y [0] $116y [0] $116y [0] $116y [0] $116y [0] $116y [0] $116y [0] $116y [0] $116y [0] $116y [0] $116y [0] $116y [0] $116y [0] $116y [0] $116y [0] $116y [0] $116y [0] $116y [0] $116y [0] $116y [0] $116y [0] $116y [0] $116y [0] $116y [0] $116y [0] $116y [0] $116y [0] $116y [0] $116y [0] $116y [0] }
    Consolidated identical input bits for $mux cell $113:
      Old ports: A=0, B=32'11111111111111111111111111111111, Y=$113y
      New ports: A=1'0, B=1'1, Y=$113y [0]
      New connections: $113y [31:1] = { $113y [0] $113y [0] $113y [0] $113y [0] $113y [0] $113y [0] $113y [0] $113y [0] $113y [0] $113y [0] $113y [0] $113y [0] $113y [0] $113y [0] $113y [0] $113y [0] $113y [0] $113y [0] $113y [0] $113y [0] $113y [0] $113y [0] $113y [0] $113y [0] $113y [0] $113y [0] $113y [0] $113y [0] $113y [0] $113y [0] $113y [0] }
    Consolidated identical input bits for $mux cell $110:
      Old ports: A=0, B=32'11111111111111111111111111111111, Y=$110y
      New ports: A=1'0, B=1'1, Y=$110y [0]
      New connections: $110y [31:1] = { $110y [0] $110y [0] $110y [0] $110y [0] $110y [0] $110y [0] $110y [0] $110y [0] $110y [0] $110y [0] $110y [0] $110y [0] $110y [0] $110y [0] $110y [0] $110y [0] $110y [0] $110y [0] $110y [0] $110y [0] $110y [0] $110y [0] $110y [0] $110y [0] $110y [0] $110y [0] $110y [0] $110y [0] $110y [0] $110y [0] $110y [0] }
    Consolidated identical input bits for $mux cell $107:
      Old ports: A=0, B=32'11111111111111111111111111111111, Y=$107y
      New ports: A=1'0, B=1'1, Y=$107y [0]
      New connections: $107y [31:1] = { $107y [0] $107y [0] $107y [0] $107y [0] $107y [0] $107y [0] $107y [0] $107y [0] $107y [0] $107y [0] $107y [0] $107y [0] $107y [0] $107y [0] $107y [0] $107y [0] $107y [0] $107y [0] $107y [0] $107y [0] $107y [0] $107y [0] $107y [0] $107y [0] $107y [0] $107y [0] $107y [0] $107y [0] $107y [0] $107y [0] $107y [0] }
    Consolidated identical input bits for $mux cell $104:
      Old ports: A=0, B=32'11111111111111111111111111111111, Y=$104y
      New ports: A=1'0, B=1'1, Y=$104y [0]
      New connections: $104y [31:1] = { $104y [0] $104y [0] $104y [0] $104y [0] $104y [0] $104y [0] $104y [0] $104y [0] $104y [0] $104y [0] $104y [0] $104y [0] $104y [0] $104y [0] $104y [0] $104y [0] $104y [0] $104y [0] $104y [0] $104y [0] $104y [0] $104y [0] $104y [0] $104y [0] $104y [0] $104y [0] $104y [0] $104y [0] $104y [0] $104y [0] $104y [0] }
    Consolidated identical input bits for $mux cell $101:
      Old ports: A=0, B=32'11111111111111111111111111111111, Y=$101y
      New ports: A=1'0, B=1'1, Y=$101y [0]
      New connections: $101y [31:1] = { $101y [0] $101y [0] $101y [0] $101y [0] $101y [0] $101y [0] $101y [0] $101y [0] $101y [0] $101y [0] $101y [0] $101y [0] $101y [0] $101y [0] $101y [0] $101y [0] $101y [0] $101y [0] $101y [0] $101y [0] $101y [0] $101y [0] $101y [0] $101y [0] $101y [0] $101y [0] $101y [0] $101y [0] $101y [0] $101y [0] $101y [0] }
    Consolidated identical input bits for $mux cell $98:
      Old ports: A=0, B=32'11111111111111111111111111111111, Y=$98y
      New ports: A=1'0, B=1'1, Y=$98y [0]
      New connections: $98y [31:1] = { $98y [0] $98y [0] $98y [0] $98y [0] $98y [0] $98y [0] $98y [0] $98y [0] $98y [0] $98y [0] $98y [0] $98y [0] $98y [0] $98y [0] $98y [0] $98y [0] $98y [0] $98y [0] $98y [0] $98y [0] $98y [0] $98y [0] $98y [0] $98y [0] $98y [0] $98y [0] $98y [0] $98y [0] $98y [0] $98y [0] $98y [0] }
    Consolidated identical input bits for $mux cell $95:
      Old ports: A=0, B=32'11111111111111111111111111111111, Y=$95y
      New ports: A=1'0, B=1'1, Y=$95y [0]
      New connections: $95y [31:1] = { $95y [0] $95y [0] $95y [0] $95y [0] $95y [0] $95y [0] $95y [0] $95y [0] $95y [0] $95y [0] $95y [0] $95y [0] $95y [0] $95y [0] $95y [0] $95y [0] $95y [0] $95y [0] $95y [0] $95y [0] $95y [0] $95y [0] $95y [0] $95y [0] $95y [0] $95y [0] $95y [0] $95y [0] $95y [0] $95y [0] $95y [0] }
    Consolidated identical input bits for $mux cell $92:
      Old ports: A=0, B=32'11111111111111111111111111111111, Y=$92y
      New ports: A=1'0, B=1'1, Y=$92y [0]
      New connections: $92y [31:1] = { $92y [0] $92y [0] $92y [0] $92y [0] $92y [0] $92y [0] $92y [0] $92y [0] $92y [0] $92y [0] $92y [0] $92y [0] $92y [0] $92y [0] $92y [0] $92y [0] $92y [0] $92y [0] $92y [0] $92y [0] $92y [0] $92y [0] $92y [0] $92y [0] $92y [0] $92y [0] $92y [0] $92y [0] $92y [0] $92y [0] $92y [0] }
    Consolidated identical input bits for $mux cell $89:
      Old ports: A=0, B=32'11111111111111111111111111111111, Y=$89y
      New ports: A=1'0, B=1'1, Y=$89y [0]
      New connections: $89y [31:1] = { $89y [0] $89y [0] $89y [0] $89y [0] $89y [0] $89y [0] $89y [0] $89y [0] $89y [0] $89y [0] $89y [0] $89y [0] $89y [0] $89y [0] $89y [0] $89y [0] $89y [0] $89y [0] $89y [0] $89y [0] $89y [0] $89y [0] $89y [0] $89y [0] $89y [0] $89y [0] $89y [0] $89y [0] $89y [0] $89y [0] $89y [0] }
    Consolidated identical input bits for $mux cell $86:
      Old ports: A=0, B=32'11111111111111111111111111111111, Y=$86y
      New ports: A=1'0, B=1'1, Y=$86y [0]
      New connections: $86y [31:1] = { $86y [0] $86y [0] $86y [0] $86y [0] $86y [0] $86y [0] $86y [0] $86y [0] $86y [0] $86y [0] $86y [0] $86y [0] $86y [0] $86y [0] $86y [0] $86y [0] $86y [0] $86y [0] $86y [0] $86y [0] $86y [0] $86y [0] $86y [0] $86y [0] $86y [0] $86y [0] $86y [0] $86y [0] $86y [0] $86y [0] $86y [0] }
    Consolidated identical input bits for $mux cell $83:
      Old ports: A=0, B=32'11111111111111111111111111111111, Y=$83y
      New ports: A=1'0, B=1'1, Y=$83y [0]
      New connections: $83y [31:1] = { $83y [0] $83y [0] $83y [0] $83y [0] $83y [0] $83y [0] $83y [0] $83y [0] $83y [0] $83y [0] $83y [0] $83y [0] $83y [0] $83y [0] $83y [0] $83y [0] $83y [0] $83y [0] $83y [0] $83y [0] $83y [0] $83y [0] $83y [0] $83y [0] $83y [0] $83y [0] $83y [0] $83y [0] $83y [0] $83y [0] $83y [0] }
    Consolidated identical input bits for $mux cell $80:
      Old ports: A=0, B=32'11111111111111111111111111111111, Y=$80y
      New ports: A=1'0, B=1'1, Y=$80y [0]
      New connections: $80y [31:1] = { $80y [0] $80y [0] $80y [0] $80y [0] $80y [0] $80y [0] $80y [0] $80y [0] $80y [0] $80y [0] $80y [0] $80y [0] $80y [0] $80y [0] $80y [0] $80y [0] $80y [0] $80y [0] $80y [0] $80y [0] $80y [0] $80y [0] $80y [0] $80y [0] $80y [0] $80y [0] $80y [0] $80y [0] $80y [0] $80y [0] $80y [0] }
    Consolidated identical input bits for $mux cell $77:
      Old ports: A=0, B=32'11111111111111111111111111111111, Y=$77y
      New ports: A=1'0, B=1'1, Y=$77y [0]
      New connections: $77y [31:1] = { $77y [0] $77y [0] $77y [0] $77y [0] $77y [0] $77y [0] $77y [0] $77y [0] $77y [0] $77y [0] $77y [0] $77y [0] $77y [0] $77y [0] $77y [0] $77y [0] $77y [0] $77y [0] $77y [0] $77y [0] $77y [0] $77y [0] $77y [0] $77y [0] $77y [0] $77y [0] $77y [0] $77y [0] $77y [0] $77y [0] $77y [0] }
    Consolidated identical input bits for $mux cell $74:
      Old ports: A=0, B=32'11111111111111111111111111111111, Y=$74y
      New ports: A=1'0, B=1'1, Y=$74y [0]
      New connections: $74y [31:1] = { $74y [0] $74y [0] $74y [0] $74y [0] $74y [0] $74y [0] $74y [0] $74y [0] $74y [0] $74y [0] $74y [0] $74y [0] $74y [0] $74y [0] $74y [0] $74y [0] $74y [0] $74y [0] $74y [0] $74y [0] $74y [0] $74y [0] $74y [0] $74y [0] $74y [0] $74y [0] $74y [0] $74y [0] $74y [0] $74y [0] $74y [0] }
  Optimizing cells in module \datapath_pipelined.
Performed a total of 104 changes.

7.10.5. Executing OPT_MERGE pass (detect identical cells).
Finding identical cells in module `\datapath_pipelined'.
Computing hashes of 517 cells of `\datapath_pipelined'.
Finding duplicate cells in `\datapath_pipelined'.
Computing hashes of 422 cells of `\datapath_pipelined'.
Finding duplicate cells in `\datapath_pipelined'.
Computing hashes of 327 cells of `\datapath_pipelined'.
Finding duplicate cells in `\datapath_pipelined'.
<suppressed ~570 debug messages>
Removed a total of 190 cells.

7.10.6. Executing OPT_DFF pass (perform DFF optimizations).

7.10.7. Executing OPT_CLEAN pass (remove unused cells and wires).
Finding unused cells or wires in module \datapath_pipelined..
Removed 0 unused cells and 259 unused wires.
<suppressed ~1 debug messages>

7.10.8. Executing OPT_EXPR pass (perform const folding).
Optimizing module datapath_pipelined.

7.10.9. Rerunning OPT passes. (Maybe there is more to do..)

7.10.10. Executing OPT_MUXTREE pass (detect dead branches in mux trees).
Running muxtree optimizer on module \datapath_pipelined..
  Creating internal representation of mux trees.
  Evaluating internal representation of mux trees.
  Analyzing evaluation results.
Removed 0 multiplexer ports.
<suppressed ~147 debug messages>

7.10.11. Executing OPT_REDUCE pass (consolidate $*mux and $reduce_* inputs).
  Optimizing cells in module \datapath_pipelined.
Performed a total of 0 changes.

7.10.12. Executing OPT_MERGE pass (detect identical cells).
Finding identical cells in module `\datapath_pipelined'.
Computing hashes of 327 cells of `\datapath_pipelined'.
Finding duplicate cells in `\datapath_pipelined'.
Removed a total of 0 cells.

7.10.13. Executing OPT_DFF pass (perform DFF optimizations).

7.10.14. Executing OPT_CLEAN pass (remove unused cells and wires).
Finding unused cells or wires in module \datapath_pipelined..

7.10.15. Executing OPT_EXPR pass (perform const folding).
Optimizing module datapath_pipelined.

7.10.16. Finished fast OPT passes. (There is nothing left to do.)

7.11. Executing FSM pass (extract and optimize FSM).

7.11.1. Executing FSM_DETECT pass (finding FSMs in design).
Not marking datapath_pipelined.id_ex.memregpc_out as FSM state register:
    Users of register don't seem to benefit from recoding.

7.11.2. Executing FSM_EXTRACT pass (extracting FSM from design).

7.11.3. Executing FSM_OPT pass (simple optimizations of FSMs).

7.11.4. Executing OPT_CLEAN pass (remove unused cells and wires).
Finding unused cells or wires in module \datapath_pipelined..

7.11.5. Executing FSM_OPT pass (simple optimizations of FSMs).

7.11.6. Executing FSM_RECODE pass (re-assigning FSM state encoding).

7.11.7. Executing FSM_INFO pass (dumping all available information on FSM cells).

7.11.8. Executing FSM_MAP pass (mapping FSMs to basic logic).

7.12. Executing OPT pass (performing simple optimizations).

7.12.1. Executing OPT_EXPR pass (perform const folding).
Optimizing module datapath_pipelined.

7.12.2. Executing OPT_MERGE pass (detect identical cells).
Finding identical cells in module `\datapath_pipelined'.
Computing hashes of 327 cells of `\datapath_pipelined'.
Finding duplicate cells in `\datapath_pipelined'.
Removed a total of 0 cells.

7.12.3. Executing OPT_MUXTREE pass (detect dead branches in mux trees).
Running muxtree optimizer on module \datapath_pipelined..
  Creating internal representation of mux trees.
  Evaluating internal representation of mux trees.
  Analyzing evaluation results.
Removed 0 multiplexer ports.
<suppressed ~147 debug messages>

7.12.4. Executing OPT_REDUCE pass (consolidate $*mux and $reduce_* inputs).
  Optimizing cells in module \datapath_pipelined.
Performed a total of 0 changes.

7.12.5. Executing OPT_MERGE pass (detect identical cells).
Finding identical cells in module `\datapath_pipelined'.
Computing hashes of 327 cells of `\datapath_pipelined'.
Finding duplicate cells in `\datapath_pipelined'.
Removed a total of 0 cells.

7.12.6. Executing OPT_DFF pass (perform DFF optimizations).
Adding SRST signal on $driver$pc_reg.currentaddr ($dff) from module datapath_pipelined (D = $pc_reg.currentaddr$13, Q = \pc_reg.currentaddr, rval = 0).
Adding EN signal on $auto$ff.cc:337:slice$144131 ($sdff) from module datapath_pipelined (D = \pc_reg.nextaddr, Q = \pc_reg.currentaddr).
Adding SRST signal on $driver$if_id.instr_out ($dff) from module datapath_pipelined (D = $if_id.instr_out$34, Q = \if_id.instr_out, rval = 0).
Adding EN signal on $auto$ff.cc:337:slice$144133 ($sdff) from module datapath_pipelined (D = \if_id.instr_in, Q = \if_id.instr_out).
Adding SRST signal on $driver$if_id.pc_plus4_out ($dff) from module datapath_pipelined (D = $if_id.pc_plus4_out$35, Q = \if_id.pc_plus4_out, rval = 0).
Adding EN signal on $auto$ff.cc:337:slice$144135 ($sdff) from module datapath_pipelined (D = \if_id.pc_plus4_in, Q = \if_id.pc_plus4_out).
Adding SRST signal on $driver$if_id.current_pc_out ($dff) from module datapath_pipelined (D = $if_id.current_pc_out$36, Q = \if_id.current_pc_out, rval = 0).
Adding EN signal on $auto$ff.cc:337:slice$144137 ($sdff) from module datapath_pipelined (D = \pc_reg.currentaddr, Q = \if_id.current_pc_out).
Adding SRST signal on $driver$mem_wb.imm_out ($dff) from module datapath_pipelined (D = \ex_mem.imm_out, Q = \mem_wb.imm_out, rval = 0).
Adding SRST signal on $driver$ex_mem.regw_out ($dff) from module datapath_pipelined (D = \id_ex.regw_out, Q = \ex_mem.regw_out, rval = 1'0).
Adding SRST signal on $driver$ex_mem.memw_out ($dff) from module datapath_pipelined (D = \id_ex.memw_out, Q = \ex_mem.memw_out, rval = 1'0).
Adding SRST signal on $driver$ex_mem.memregpc_out ($dff) from module datapath_pipelined (D = \id_ex.memregpc_out, Q = \ex_mem.memregpc_out, rval = 2'00).
Adding SRST signal on $driver$ex_mem.alu_result_out ($dff) from module datapath_pipelined (D = \ex_mem.alu_result_in, Q = \ex_mem.alu_result_out, rval = 0).
Adding SRST signal on $driver$ex_mem.rdata2_out ($dff) from module datapath_pipelined (D = \ex_mem.rdata2_in, Q = \ex_mem.rdata2_out, rval = 0).
Adding SRST signal on $driver$ex_mem.rd_out ($dff) from module datapath_pipelined (D = \id_ex.rd_out, Q = \ex_mem.rd_out, rval = 5'00000).
Adding SRST signal on $driver$ex_mem.pc_plus4_out ($dff) from module datapath_pipelined (D = \id_ex.pc_plus4_out, Q = \ex_mem.pc_plus4_out, rval = 0).
Adding SRST signal on $driver$ex_mem.imm_out ($dff) from module datapath_pipelined (D = \id_ex.imm_out, Q = \ex_mem.imm_out, rval = 0).
Adding SRST signal on $driver$mem_wb.regw_out ($dff) from module datapath_pipelined (D = \ex_mem.regw_out, Q = \mem_wb.regw_out, rval = 1'0).
Adding SRST signal on $driver$mem_wb.memregpc_out ($dff) from module datapath_pipelined (D = \ex_mem.memregpc_out, Q = \mem_wb.memregpc_out, rval = 2'00).
Adding SRST signal on $driver$mem_wb.mem_rdata_out ($dff) from module datapath_pipelined (D = \exmem_fwd_mux.mem, Q = \mem_wb.mem_rdata_out, rval = 0).
Adding SRST signal on $driver$mem_wb.alu_result_out ($dff) from module datapath_pipelined (D = \ex_mem.alu_result_out, Q = \mem_wb.alu_result_out, rval = 0).
Adding SRST signal on $driver$mem_wb.rd_out ($dff) from module datapath_pipelined (D = \ex_mem.rd_out, Q = \mem_wb.rd_out, rval = 5'00000).
Adding SRST signal on $driver$mem_wb.pc_plus4_out ($dff) from module datapath_pipelined (D = \ex_mem.pc_plus4_out, Q = \mem_wb.pc_plus4_out, rval = 0).
Adding SRST signal on $driver$id_ex.regw_out ($dff) from module datapath_pipelined (D = \id_ex.regw_in, Q = \id_ex.regw_out, rval = 1'0).
Adding SRST signal on $driver$id_ex.memw_out ($dff) from module datapath_pipelined (D = \id_ex.memw_in, Q = \id_ex.memw_out, rval = 1'0).
Adding SRST signal on $driver$id_ex.memr_out ($dff) from module datapath_pipelined (D = \id_ex.memr_in, Q = \id_ex.memr_out, rval = 1'0).
Adding SRST signal on $driver$id_ex.alusrc_out ($dff) from module datapath_pipelined (D = \id_ex.alusrc_in, Q = \id_ex.alusrc_out, rval = 1'0).
Adding SRST signal on $driver$id_ex.branch_out ($dff) from module datapath_pipelined (D = \id_ex.branch_in, Q = \id_ex.branch_out, rval = 1'0).
Adding SRST signal on $driver$id_ex.memregpc_out ($dff) from module datapath_pipelined (D = \id_ex.memregpc_in, Q = \id_ex.memregpc_out, rval = 2'00).
Adding SRST signal on $driver$id_ex.regpc_out ($dff) from module datapath_pipelined (D = \id_ex.regpc_in, Q = \id_ex.regpc_out, rval = 1'0).
Adding SRST signal on $driver$id_ex.is_rish_out ($dff) from module datapath_pipelined (D = \id_ex.is_rish_in, Q = \id_ex.is_rish_out, rval = 1'0).
Adding SRST signal on $driver$id_ex.use_br_out ($dff) from module datapath_pipelined (D = \id_ex.use_br_in, Q = \id_ex.use_br_out, rval = 1'0).
Adding SRST signal on $driver$id_ex.imm_out ($dff) from module datapath_pipelined (D = \id_ex.imm_in, Q = \id_ex.imm_out, rval = 0).
Adding SRST signal on $driver$id_ex.funct3_out ($dff) from module datapath_pipelined (D = \if_id.instr_out [14:12], Q = \id_ex.funct3_out, rval = 3'000).
Adding SRST signal on $driver$id_ex.funct7_out ($dff) from module datapath_pipelined (D = \if_id.instr_out [31:25], Q = \id_ex.funct7_out, rval = 7'0000000).
Adding SRST signal on $driver$id_ex.rdata1_out ($dff) from module datapath_pipelined (D = $178y, Q = \id_ex.rdata1_out, rval = 0).
Adding SRST signal on $driver$id_ex.rdata2_out ($dff) from module datapath_pipelined (D = $185y, Q = \id_ex.rdata2_out, rval = 0).
Adding SRST signal on $driver$id_ex.current_pc_out ($dff) from module datapath_pipelined (D = \if_id.current_pc_out, Q = \id_ex.current_pc_out, rval = 0).
Adding SRST signal on $driver$id_ex.rd_out ($dff) from module datapath_pipelined (D = \if_id.instr_out [11:7], Q = \id_ex.rd_out, rval = 5'00000).
Adding SRST signal on $driver$id_ex.rs1_out ($dff) from module datapath_pipelined (D = \if_id.instr_out [19:15], Q = \id_ex.rs1_out, rval = 5'00000).
Adding SRST signal on $driver$id_ex.rs2_out ($dff) from module datapath_pipelined (D = \if_id.instr_out [24:20], Q = \id_ex.rs2_out, rval = 5'00000).
Adding SRST signal on $driver$id_ex.pc_plus4_out ($dff) from module datapath_pipelined (D = \if_id.pc_plus4_out, Q = \id_ex.pc_plus4_out, rval = 0).

7.12.7. Executing OPT_CLEAN pass (remove unused cells and wires).
Finding unused cells or wires in module \datapath_pipelined..
Removed 44 unused cells and 48 unused wires.
<suppressed ~51 debug messages>

7.12.8. Executing OPT_EXPR pass (perform const folding).
Optimizing module datapath_pipelined.

7.12.9. Rerunning OPT passes. (Maybe there is more to do..)

7.12.10. Executing OPT_MUXTREE pass (detect dead branches in mux trees).
Running muxtree optimizer on module \datapath_pipelined..
  Creating internal representation of mux trees.
  Evaluating internal representation of mux trees.
  Analyzing evaluation results.
Removed 0 multiplexer ports.
<suppressed ~79 debug messages>

7.12.11. Executing OPT_REDUCE pass (consolidate $*mux and $reduce_* inputs).
  Optimizing cells in module \datapath_pipelined.
Performed a total of 0 changes.

7.12.12. Executing OPT_MERGE pass (detect identical cells).
Finding identical cells in module `\datapath_pipelined'.
Computing hashes of 285 cells of `\datapath_pipelined'.
Finding duplicate cells in `\datapath_pipelined'.
Removed a total of 0 cells.

7.12.13. Executing OPT_DFF pass (perform DFF optimizations).

7.12.14. Executing OPT_CLEAN pass (remove unused cells and wires).
Finding unused cells or wires in module \datapath_pipelined..

7.12.15. Executing OPT_EXPR pass (perform const folding).
Optimizing module datapath_pipelined.

7.12.16. Finished fast OPT passes. (There is nothing left to do.)

7.13. Executing WREDUCE pass (reducing word size of cells).
Removed top 26 address bits (of 32) from memory init port datapath_pipelined.$473 (dmem.datas).
Removed top 26 address bits (of 32) from memory init port datapath_pipelined.$488 (dmem.datas).
Removed top 26 address bits (of 32) from memory init port datapath_pipelined.$629 (dmem.datas).
Removed top 26 address bits (of 32) from memory init port datapath_pipelined.$512 (dmem.datas).
Removed top 26 address bits (of 32) from memory init port datapath_pipelined.$626 (dmem.datas).
Removed top 26 address bits (of 32) from memory init port datapath_pipelined.$485 (dmem.datas).
Removed top 26 address bits (of 32) from memory init port datapath_pipelined.$599 (dmem.datas).
Removed top 26 address bits (of 32) from memory init port datapath_pipelined.$521 (dmem.datas).
Removed top 26 address bits (of 32) from memory init port datapath_pipelined.$596 (dmem.datas).
Removed top 26 address bits (of 32) from memory init port datapath_pipelined.$470 (dmem.datas).
Removed top 26 address bits (of 32) from memory init port datapath_pipelined.$593 (dmem.datas).
Removed top 26 address bits (of 32) from memory init port datapath_pipelined.$503 (dmem.datas).
Removed top 26 address bits (of 32) from memory init port datapath_pipelined.$590 (dmem.datas).
Removed top 26 address bits (of 32) from memory init port datapath_pipelined.$467 (dmem.datas).
Removed top 26 address bits (of 32) from memory init port datapath_pipelined.$587 (dmem.datas).
Removed top 26 address bits (of 32) from memory init port datapath_pipelined.$533 (dmem.datas).
Removed top 26 address bits (of 32) from memory init port datapath_pipelined.$584 (dmem.datas).
Removed top 26 address bits (of 32) from memory init port datapath_pipelined.$464 (dmem.datas).
Removed top 26 address bits (of 32) from memory init port datapath_pipelined.$581 (dmem.datas).
Removed top 26 address bits (of 32) from memory init port datapath_pipelined.$500 (dmem.datas).
Removed top 26 address bits (of 32) from memory init port datapath_pipelined.$578 (dmem.datas).
Removed top 26 address bits (of 32) from memory init port datapath_pipelined.$461 (dmem.datas).
Removed top 26 address bits (of 32) from memory init port datapath_pipelined.$575 (dmem.datas).
Removed top 26 address bits (of 32) from memory init port datapath_pipelined.$518 (dmem.datas).
Removed top 26 address bits (of 32) from memory init port datapath_pipelined.$572 (dmem.datas).
Removed top 26 address bits (of 32) from memory init port datapath_pipelined.$458 (dmem.datas).
Removed top 26 address bits (of 32) from memory init port datapath_pipelined.$623 (dmem.datas).
Removed top 26 address bits (of 32) from memory init port datapath_pipelined.$524 (dmem.datas).
Removed top 26 address bits (of 32) from memory init port datapath_pipelined.$620 (dmem.datas).
Removed top 26 address bits (of 32) from memory init port datapath_pipelined.$482 (dmem.datas).
Removed top 26 address bits (of 32) from memory init port datapath_pipelined.$617 (dmem.datas).
Removed top 26 address bits (of 32) from memory init port datapath_pipelined.$509 (dmem.datas).
Removed top 26 address bits (of 32) from memory init port datapath_pipelined.$614 (dmem.datas).
Removed top 26 address bits (of 32) from memory init port datapath_pipelined.$569 (dmem.datas).
Removed top 26 address bits (of 32) from memory init port datapath_pipelined.$497 (dmem.datas).
Removed top 26 address bits (of 32) from memory init port datapath_pipelined.$635 (dmem.datas).
Removed top 26 address bits (of 32) from memory init port datapath_pipelined.$632 (dmem.datas).
Removed top 26 address bits (of 32) from memory init port datapath_pipelined.$566 (dmem.datas).
Removed top 26 address bits (of 32) from memory init port datapath_pipelined.$455 (dmem.datas).
Removed top 26 address bits (of 32) from memory init port datapath_pipelined.$563 (dmem.datas).
Removed top 26 address bits (of 32) from memory init port datapath_pipelined.$527 (dmem.datas).
Removed top 26 address bits (of 32) from memory init port datapath_pipelined.$452 (dmem.datas).
Removed top 27 address bits (of 32) from memory init port datapath_pipelined.$165 (regfile.registers).
Removed top 27 address bits (of 32) from memory init port datapath_pipelined.$162 (regfile.registers).
Removed top 27 address bits (of 32) from memory init port datapath_pipelined.$159 (regfile.registers).
Removed top 27 address bits (of 32) from memory init port datapath_pipelined.$156 (regfile.registers).
Removed top 27 address bits (of 32) from memory init port datapath_pipelined.$153 (regfile.registers).
Removed top 27 address bits (of 32) from memory init port datapath_pipelined.$150 (regfile.registers).
Removed top 27 address bits (of 32) from memory init port datapath_pipelined.$147 (regfile.registers).
Removed top 27 address bits (of 32) from memory init port datapath_pipelined.$144 (regfile.registers).
Removed top 27 address bits (of 32) from memory init port datapath_pipelined.$141 (regfile.registers).
Removed top 27 address bits (of 32) from memory init port datapath_pipelined.$138 (regfile.registers).
Removed top 27 address bits (of 32) from memory init port datapath_pipelined.$135 (regfile.registers).
Removed top 27 address bits (of 32) from memory init port datapath_pipelined.$132 (regfile.registers).
Removed top 27 address bits (of 32) from memory init port datapath_pipelined.$129 (regfile.registers).
Removed top 27 address bits (of 32) from memory init port datapath_pipelined.$126 (regfile.registers).
Removed top 27 address bits (of 32) from memory init port datapath_pipelined.$123 (regfile.registers).
Removed top 27 address bits (of 32) from memory init port datapath_pipelined.$120 (regfile.registers).
Removed top 27 address bits (of 32) from memory init port datapath_pipelined.$117 (regfile.registers).
Removed top 27 address bits (of 32) from memory init port datapath_pipelined.$114 (regfile.registers).
Removed top 27 address bits (of 32) from memory init port datapath_pipelined.$111 (regfile.registers).
Removed top 27 address bits (of 32) from memory init port datapath_pipelined.$108 (regfile.registers).
Removed top 27 address bits (of 32) from memory init port datapath_pipelined.$105 (regfile.registers).
Removed top 27 address bits (of 32) from memory init port datapath_pipelined.$102 (regfile.registers).
Removed top 27 address bits (of 32) from memory init port datapath_pipelined.$99 (regfile.registers).
Removed top 27 address bits (of 32) from memory init port datapath_pipelined.$96 (regfile.registers).
Removed top 27 address bits (of 32) from memory init port datapath_pipelined.$93 (regfile.registers).
Removed top 27 address bits (of 32) from memory init port datapath_pipelined.$90 (regfile.registers).
Removed top 27 address bits (of 32) from memory init port datapath_pipelined.$87 (regfile.registers).
Removed top 27 address bits (of 32) from memory init port datapath_pipelined.$84 (regfile.registers).
Removed top 27 address bits (of 32) from memory init port datapath_pipelined.$81 (regfile.registers).
Removed top 27 address bits (of 32) from memory init port datapath_pipelined.$78 (regfile.registers).
Removed top 27 address bits (of 32) from memory init port datapath_pipelined.$75 (regfile.registers).
Removed top 27 address bits (of 32) from memory init port datapath_pipelined.$72 (regfile.registers).
Removed top 26 address bits (of 32) from memory init port datapath_pipelined.$479 (dmem.datas).
Removed top 26 address bits (of 32) from memory init port datapath_pipelined.$611 (dmem.datas).
Removed top 26 address bits (of 32) from memory init port datapath_pipelined.$560 (dmem.datas).
Removed top 26 address bits (of 32) from memory init port datapath_pipelined.$530 (dmem.datas).
Removed top 26 address bits (of 32) from memory init port datapath_pipelined.$608 (dmem.datas).
Removed top 26 address bits (of 32) from memory init port datapath_pipelined.$476 (dmem.datas).
Removed top 26 address bits (of 32) from memory init port datapath_pipelined.$605 (dmem.datas).
Removed top 26 address bits (of 32) from memory init port datapath_pipelined.$506 (dmem.datas).
Removed top 26 address bits (of 32) from memory init port datapath_pipelined.$602 (dmem.datas).
Removed top 26 address bits (of 32) from memory init port datapath_pipelined.$557 (dmem.datas).
Removed top 26 address bits (of 32) from memory init port datapath_pipelined.$24 (imem.instructions).
Removed top 26 address bits (of 32) from memory init port datapath_pipelined.$554 (dmem.datas).
Removed top 26 address bits (of 32) from memory init port datapath_pipelined.$494 (dmem.datas).
Removed top 26 address bits (of 32) from memory init port datapath_pipelined.$551 (dmem.datas).
Removed top 26 address bits (of 32) from memory init port datapath_pipelined.$641 (dmem.datas).
Removed top 26 address bits (of 32) from memory init port datapath_pipelined.$548 (dmem.datas).
Removed top 26 address bits (of 32) from memory init port datapath_pipelined.$545 (dmem.datas).
Removed top 26 address bits (of 32) from memory init port datapath_pipelined.$515 (dmem.datas).
Removed top 26 address bits (of 32) from memory init port datapath_pipelined.$542 (dmem.datas).
Removed top 26 address bits (of 32) from memory init port datapath_pipelined.$539 (dmem.datas).
Removed top 26 address bits (of 32) from memory init port datapath_pipelined.$638 (dmem.datas).
Removed top 26 address bits (of 32) from memory init port datapath_pipelined.$536 (dmem.datas).
Removed top 26 address bits (of 32) from memory init port datapath_pipelined.$491 (dmem.datas).
Removed top 1 bits (of 7) from FF cell datapath_pipelined.$auto$ff.cc:337:slice$144165 ($sdff).
Removed top 1 bits (of 2) from port B of cell datapath_pipelined.$procmux$143012_CMP0 ($eq).
Removed top 1 bits (of 7) from port B of cell datapath_pipelined.$procmux$142981_CMP0 ($eq).
Removed top 2 bits (of 7) from port B of cell datapath_pipelined.$procmux$142980_CMP0 ($eq).
Removed top 5 bits (of 7) from port B of cell datapath_pipelined.$procmux$142979_CMP0 ($eq).
Removed top 1 bits (of 7) from port B of cell datapath_pipelined.$procmux$142978_CMP0 ($eq).
Removed top 2 bits (of 7) from port B of cell datapath_pipelined.$procmux$142977_CMP0 ($eq).
Removed top 1 bits (of 7) from port B of cell datapath_pipelined.$procmux$142972_CMP0 ($eq).
Removed top 21 bits (of 32) from mux cell datapath_pipelined.$procmux$142782 ($mux).
Removed top 1 bits (of 2) from port B of cell datapath_pipelined.$procmux$142717_CMP0 ($eq).
Removed top 1 bits (of 2) from port B of cell datapath_pipelined.$procmux$142683_CMP0 ($eq).
Removed top 1 bits (of 2) from port B of cell datapath_pipelined.$procmux$142679_CMP0 ($eq).
Removed top 1 bits (of 2) from port B of cell datapath_pipelined.$procmux$142675_CMP0 ($eq).
Removed top 3 bits (of 4) from mux cell datapath_pipelined.$procmux$142668 ($mux).
Removed top 3 bits (of 4) from mux cell datapath_pipelined.$procmux$142630 ($mux).
Removed top 1 bits (of 3) from port B of cell datapath_pipelined.$procmux$142608_CMP0 ($eq).
Removed top 2 bits (of 3) from port B of cell datapath_pipelined.$procmux$142607_CMP0 ($eq).
Removed top 3 bits (of 4) from port B of cell datapath_pipelined.$procmux$142578_CMP0 ($eq).
Removed top 2 bits (of 4) from port B of cell datapath_pipelined.$procmux$142577_CMP0 ($eq).
Removed top 2 bits (of 4) from port B of cell datapath_pipelined.$procmux$142576_CMP0 ($eq).
Removed top 1 bits (of 4) from port B of cell datapath_pipelined.$procmux$142575_CMP0 ($eq).
Removed top 1 bits (of 4) from port B of cell datapath_pipelined.$procmux$142574_CMP0 ($eq).
Removed top 1 bits (of 4) from port B of cell datapath_pipelined.$procmux$142573_CMP0 ($eq).
Removed top 1 bits (of 4) from port B of cell datapath_pipelined.$procmux$142572_CMP0 ($eq).
Removed top 31 bits (of 32) from mux cell datapath_pipelined.$382 ($mux).
Removed top 29 bits (of 32) from port B of cell datapath_pipelined.$20 ($add).
Removed top 3 bits (of 4) from wire datapath_pipelined.$aluctrl.op$361.
Removed top 3 bits (of 4) from wire datapath_pipelined.$aluctrl.op$359.
Removed top 31 bits (of 32) from wire datapath_pipelined.$382y.

7.14. Executing PEEPOPT pass (run peephole optimizers).

7.15. Executing OPT_CLEAN pass (remove unused cells and wires).
Finding unused cells or wires in module \datapath_pipelined..
Removed 0 unused cells and 3 unused wires.
<suppressed ~1 debug messages>

7.16. Executing PMUX2SHIFTX pass.
Inspecting $pmux cell datapath_pipelined/$procmux$142787.
  data width: 32 (next power-of-2 = 32, log2 = 5)
  checking ctrl signal \if_id.instr_out [6:0]
    best permutation: { \if_id.instr_out [1:0] \if_id.instr_out [6:2] }
    best xor mask: 7'1100000
      0: 7'1101111 -> 7'1111011 -> 7'0011011: { \if_id.instr_out [31] \if_id.instr_out [31] \if_id.instr_out [31] \if_id.instr_out [31] \if_id.instr_out [31] \if_id.instr_out [31] \if_id.instr_out [31] \if_id.instr_out [31] \if_id.instr_out [31] \if_id.instr_out [31] \if_id.instr_out [31] \if_id.instr_out [31] \if_id.instr_out [19:12] \if_id.instr_out [20] \if_id.instr_out [30:21] 1'0 }
      2: 7'1100011 -> 7'1111000 -> 7'0011000: { \if_id.instr_out [31] \if_id.instr_out [31] \if_id.instr_out [31] \if_id.instr_out [31] \if_id.instr_out [31] \if_id.instr_out [31] \if_id.instr_out [31] \if_id.instr_out [31] \if_id.instr_out [31] \if_id.instr_out [31] \if_id.instr_out [31] \if_id.instr_out [31] \if_id.instr_out [31] \if_id.instr_out [31] \if_id.instr_out [31] \if_id.instr_out [31] \if_id.instr_out [31] \if_id.instr_out [31] \if_id.instr_out [31] \if_id.instr_out [31] \if_id.instr_out [7] \if_id.instr_out [30:25] \if_id.instr_out [11:8] 1'0 }
      3: 7'0100011 -> 7'1101000 -> 7'0001000: { \if_id.instr_out [31] \if_id.instr_out [31] \if_id.instr_out [31] \if_id.instr_out [31] \if_id.instr_out [31] \if_id.instr_out [31] \if_id.instr_out [31] \if_id.instr_out [31] \if_id.instr_out [31] \if_id.instr_out [31] \if_id.instr_out [31] \if_id.instr_out [31] \if_id.instr_out [31] \if_id.instr_out [31] \if_id.instr_out [31] \if_id.instr_out [31] \if_id.instr_out [31] \if_id.instr_out [31] \if_id.instr_out [31] \if_id.instr_out [31] \if_id.instr_out [31:25] \if_id.instr_out [11:7] }
      4: 7'0010011 -> 7'1100100 -> 7'0000100: { \if_id.instr_out [31] \if_id.instr_out [31] \if_id.instr_out [31] \if_id.instr_out [31] \if_id.instr_out [31] \if_id.instr_out [31] \if_id.instr_out [31] \if_id.instr_out [31] \if_id.instr_out [31] \if_id.instr_out [31] \if_id.instr_out [31] \if_id.instr_out [31] \if_id.instr_out [31] \if_id.instr_out [31] \if_id.instr_out [31] \if_id.instr_out [31] \if_id.instr_out [31] \if_id.instr_out [31] \if_id.instr_out [31] \if_id.instr_out [31] \if_id.instr_out [31] $immgen.imm$200 [10:0] }
    choices: 4
    min choice: 4
    max choice: 27
    range density: 16%
    absolute density: 14%
    full case: false
    insufficient density.
Inspecting $pmux cell datapath_pipelined/$procmux$142714.
  data width: 32 (next power-of-2 = 32, log2 = 5)
  checking ctrl signal \ex_mem.memregpc_out
    best permutation: \ex_mem.memregpc_out
    best xor mask: 2'00
      0: 2'11 -> 2'11 -> 2'11: \ex_mem.imm_out
      1: 2'10 -> 2'10 -> 2'10: \ex_mem.pc_plus4_out
      2: 2'01 -> 2'01 -> 2'01: \exmem_fwd_mux.mem
      3: 2'00 -> 2'00 -> 2'00: \ex_mem.alu_result_out
    choices: 4
    min choice: 0
    max choice: 3
    range density: 100%
    absolute density: 100%
    full density: 100%
    update to full case.
    new min choice: 0
    new max choice: 3
    full case: true
    created $shiftx cell $auto$pmux2shiftx.cc:714:execute$144181.
Inspecting $pmux cell datapath_pipelined/$procmux$143009.
  data width: 32 (next power-of-2 = 32, log2 = 5)
  checking ctrl signal \mem_wb.memregpc_out
    best permutation: \mem_wb.memregpc_out
    best xor mask: 2'00
      0: 2'11 -> 2'11 -> 2'11: \mem_wb.imm_out
      1: 2'10 -> 2'10 -> 2'10: \mem_wb.pc_plus4_out
      2: 2'01 -> 2'01 -> 2'01: \mem_wb.mem_rdata_out
      3: 2'00 -> 2'00 -> 2'00: \mem_wb.alu_result_out
    choices: 4
    min choice: 0
    max choice: 3
    range density: 100%
    absolute density: 100%
    full density: 100%
    update to full case.
    new min choice: 0
    new max choice: 3
    full case: true
    created $shiftx cell $auto$pmux2shiftx.cc:714:execute$144183.
Inspecting $pmux cell datapath_pipelined/$procmux$142606.
  data width: 4 (next power-of-2 = 4, log2 = 2)
  checking ctrl signal \id_ex.funct3_out
    best permutation: \id_ex.funct3_out
    best xor mask: 3'000
      0: 3'001 -> 3'001 -> 3'001: 4'0110
      1: 3'010 -> 3'010 -> 3'010: 4'0101
      2: 3'100 -> 3'100 -> 3'100: 4'0100
      3: 3'110 -> 3'110 -> 3'110: 4'0011
      4: 3'111 -> 3'111 -> 3'111: 4'0010
      5: 3'101 -> 3'101 -> 3'101: $aluctrl.op$363
      6: 3'000 -> 3'000 -> 3'000: $aluctrl.op$362
    choices: 7
    min choice: 0
    max choice: 7
    range density: 87%
    absolute density: 87%
    full density: 87%
    update to full case.
    new min choice: 0
    new max choice: 7
    full case: true
    created $shiftx cell $auto$pmux2shiftx.cc:714:execute$144185.
Inspecting $pmux cell datapath_pipelined/$procmux$142570.
  data width: 32 (next power-of-2 = 32, log2 = 5)
  checking ctrl signal \alu_unit.op
    best permutation: \alu_unit.op
    best xor mask: 4'0000
      0: 4'1000 -> 4'1000 -> 4'1000: $385y
      1: 4'0111 -> 4'0111 -> 4'0111: $384y
      2: 4'0110 -> 4'0110 -> 4'0110: $383y
      3: 4'0101 -> 4'0101 -> 4'0101: { 31'0000000000000000000000000000000 $382y }
      4: 4'0100 -> 4'0100 -> 4'0100: $380y
      5: 4'0011 -> 4'0011 -> 4'0011: $379y
      6: 4'0010 -> 4'0010 -> 4'0010: $378y
      7: 4'0001 -> 4'0001 -> 4'0001: $377y
      8: 4'0000 -> 4'0000 -> 4'0000: $376y
    choices: 9
    min choice: 0
    max choice: 8
    range density: 100%
    absolute density: 100%
    full density: 56%
    update to full case.
    new min choice: 0
    new max choice: 15
    full case: true
    created $shiftx cell $auto$pmux2shiftx.cc:714:execute$144187.
Removed 24 unused cells and 24 unused wires.

7.17. Executing SORT pass.

7.18. Executing MEMORY_DFF pass (merging $dff cells to $memrd).
Checking read port `\dmem.datas'[0] in module `\datapath_pipelined': no output FF found.
Checking read port `\imem.instructions'[0] in module `\datapath_pipelined': merging output FF to cell.
Checking read port `\regfile.registers'[0] in module `\datapath_pipelined': merging output FF to cell.
    Write port 0: don't care on collision.
    Write port 1: don't care on collision.
    Write port 2: don't care on collision.
    Write port 3: don't care on collision.
    Write port 4: don't care on collision.
    Write port 5: don't care on collision.
    Write port 6: don't care on collision.
    Write port 7: don't care on collision.
    Write port 8: don't care on collision.
    Write port 9: don't care on collision.
    Write port 10: don't care on collision.
    Write port 11: don't care on collision.
    Write port 12: don't care on collision.
    Write port 13: don't care on collision.
    Write port 14: don't care on collision.
    Write port 15: don't care on collision.
    Write port 16: don't care on collision.
    Write port 17: don't care on collision.
    Write port 18: don't care on collision.
    Write port 19: don't care on collision.
    Write port 20: don't care on collision.
    Write port 21: don't care on collision.
    Write port 22: don't care on collision.
    Write port 23: don't care on collision.
    Write port 24: don't care on collision.
    Write port 25: don't care on collision.
    Write port 26: don't care on collision.
    Write port 27: don't care on collision.
    Write port 28: don't care on collision.
    Write port 29: don't care on collision.
    Write port 30: don't care on collision.
    Write port 31: don't care on collision.
    Write port 32: transparent.
Checking read port `\regfile.registers'[1] in module `\datapath_pipelined': merging output FF to cell.
    Write port 0: don't care on collision.
    Write port 1: don't care on collision.
    Write port 2: don't care on collision.
    Write port 3: don't care on collision.
    Write port 4: don't care on collision.
    Write port 5: don't care on collision.
    Write port 6: don't care on collision.
    Write port 7: don't care on collision.
    Write port 8: don't care on collision.
    Write port 9: don't care on collision.
    Write port 10: don't care on collision.
    Write port 11: don't care on collision.
    Write port 12: don't care on collision.
    Write port 13: don't care on collision.
    Write port 14: don't care on collision.
    Write port 15: don't care on collision.
    Write port 16: don't care on collision.
    Write port 17: don't care on collision.
    Write port 18: don't care on collision.
    Write port 19: don't care on collision.
    Write port 20: don't care on collision.
    Write port 21: don't care on collision.
    Write port 22: don't care on collision.
    Write port 23: don't care on collision.
    Write port 24: don't care on collision.
    Write port 25: don't care on collision.
    Write port 26: don't care on collision.
    Write port 27: don't care on collision.
    Write port 28: don't care on collision.
    Write port 29: don't care on collision.
    Write port 30: don't care on collision.
    Write port 31: don't care on collision.
    Write port 32: transparent.
Checking read port address `\dmem.datas'[0] in module `\datapath_pipelined': merged address FF to cell.

7.19. Executing TECHMAP pass (map to technology primitives).

7.19.1. Executing Verilog-2005 frontend: /home/shady_wsl/tools/oss-cad-suite/lib/../share/yosys/mul2dsp.v
Parsing Verilog input from `/home/shady_wsl/tools/oss-cad-suite/lib/../share/yosys/mul2dsp.v' to AST representation.
Generating RTLIL representation for module `\_80_mul'.
Generating RTLIL representation for module `\_90_soft_mul'.
Successfully finished Verilog frontend.

7.19.2. Executing Verilog-2005 frontend: /home/shady_wsl/tools/oss-cad-suite/lib/../share/yosys/xilinx/xc7_dsp_map.v
Parsing Verilog input from `/home/shady_wsl/tools/oss-cad-suite/lib/../share/yosys/xilinx/xc7_dsp_map.v' to AST representation.
Generating RTLIL representation for module `$__MUL25X18'.
Successfully finished Verilog frontend.

7.19.3. Continuing TECHMAP pass.
No more expansions possible.
<suppressed ~5 debug messages>

7.20. Executing OPT_EXPR pass (perform const folding).

7.21. Executing WREDUCE pass (reducing word size of cells).

7.22. Executing XILINX_DSP pass (pack resources into DSPs).

7.23. Executing TECHMAP pass (map to technology primitives).

7.23.1. Executing Verilog-2005 frontend: /home/shady_wsl/tools/oss-cad-suite/lib/../share/yosys/cmp2lut.v
Parsing Verilog input from `/home/shady_wsl/tools/oss-cad-suite/lib/../share/yosys/cmp2lut.v' to AST representation.
Generating RTLIL representation for module `\_90_lut_cmp_'.
Successfully finished Verilog frontend.

7.23.2. Executing Verilog-2005 frontend: /home/shady_wsl/tools/oss-cad-suite/lib/../share/yosys/cmp2lcu.v
Parsing Verilog input from `/home/shady_wsl/tools/oss-cad-suite/lib/../share/yosys/cmp2lcu.v' to AST representation.
Generating RTLIL representation for module `\_80_lcu_cmp_'.
Generating RTLIL representation for module `$__CMP2LCU'.
Successfully finished Verilog frontend.

7.23.3. Continuing TECHMAP pass.
Using template $paramod$d5de20e7d2f4e42d0bb14c5c99f5dd4d7cf7d159\_80_lcu_cmp_ for cells of type $lt.
Using template $paramod$efc6276d5269699a74f97af6fbf0bafe6acc3e19\_80_lcu_cmp_ for cells of type $gt.
Using template $paramod$45f2f108157929267f6a876bda8209e58f25e0cd$__CMP2LCU for cells of type $__CMP2LCU.
Using template $paramod$6685b98533bd405fdb66177f608eed8f76d21e8d$__CMP2LCU for cells of type $__CMP2LCU.
Using template $paramod$8a9e823e249a18cf40e8e3311ed4e0b87be604a3$__CMP2LCU for cells of type $__CMP2LCU.
Using template $paramod$3e249468c598b509b2189213d155ba6eb7f2b51e$__CMP2LCU for cells of type $__CMP2LCU.
Using template $paramod$8bd824ba2533c8480636f690575d8203304ffa5a$__CMP2LCU for cells of type $__CMP2LCU.
Using template $paramod$c7212ca15062f404a4a2b88cc72c0bba52776650$__CMP2LCU for cells of type $__CMP2LCU.
Using template $paramod$46d8cbacee00d8ff946ef2f8aaadd92906683b31$__CMP2LCU for cells of type $__CMP2LCU.
Using template $paramod$f0e75a3f09301560d3386ea17b4f2c1327bc66dd$__CMP2LCU for cells of type $__CMP2LCU.
Using template $paramod$304404e4f7c11f383c19ceb65b9570973a882e40$__CMP2LCU for cells of type $__CMP2LCU.
Using template $paramod$4ba603f7f099c7c26d77d00610446050688190ee$__CMP2LCU for cells of type $__CMP2LCU.
Using template $paramod$80f528699b7df9e1ac70774aaf402c997178d092$__CMP2LCU for cells of type $__CMP2LCU.
Using template $paramod$744a3dbaebfdf08651817a6a3870fb6e34065a4b$__CMP2LCU for cells of type $__CMP2LCU.
Using template $paramod$e31b294a0680e72a03b6421c4eff5316c662db3d$__CMP2LCU for cells of type $__CMP2LCU.
Using template $paramod$7576c1d57da290ee243a300e703225fce44b9803$__CMP2LCU for cells of type $__CMP2LCU.
Using template $paramod$53f2488f7b67c23d1fcbecae9e0ea65a2fa70428$__CMP2LCU for cells of type $__CMP2LCU.
Using template $paramod$c9ed519a964df09a49f3e136e9a8f41840e8876a$__CMP2LCU for cells of type $__CMP2LCU.
Using template $paramod$0c9c1994e65d84e02829afc11150d4ace924add3$__CMP2LCU for cells of type $__CMP2LCU.
Using template $paramod$5e58b3bd644282af0bf8b48f45207bc98dc20ef3$__CMP2LCU for cells of type $__CMP2LCU.
Using template $paramod$0a630c7ca44f699d41e14b58085cae102f4a57e6$__CMP2LCU for cells of type $__CMP2LCU.
Using template $paramod$4d196030c0f57d436091051b21d6bb5652c88bdd$__CMP2LCU for cells of type $__CMP2LCU.
Using template $paramod$a1604c510d79d890fb2868e900d37a29b4d33ee3$__CMP2LCU for cells of type $__CMP2LCU.
Using template $paramod$b20bd01da13bb71480541a66493586b32ca46765$__CMP2LCU for cells of type $__CMP2LCU.
Using template $paramod$5a250c323c4f8bfcef72ea167c7d79512a3e5405$__CMP2LCU for cells of type $__CMP2LCU.
Using template $paramod$0d1c5d55b7717105a370eb36460beba579328517$__CMP2LCU for cells of type $__CMP2LCU.
Using template $paramod$13d4153ea76e985055406d938a091c90f56b0277$__CMP2LCU for cells of type $__CMP2LCU.
Using template $paramod$363e70ff8e24ba1bf2ed3f1f4d33b8ccb7ba185e$__CMP2LCU for cells of type $__CMP2LCU.
Using template $paramod$11b8e473205c8b79e1be9acfa001660fb9d50bd1$__CMP2LCU for cells of type $__CMP2LCU.
Using template $paramod$1ca700f56654682268050c8ab6733dff28f9b2a5$__CMP2LCU for cells of type $__CMP2LCU.
Using template $paramod$94cda45a04705f83a6e7b7a966d2cbcd39ec8c26$__CMP2LCU for cells of type $__CMP2LCU.
Using template $paramod$686e7902c0bb73ab4ee57ada26ce8851342c73af$__CMP2LCU for cells of type $__CMP2LCU.
Using template $paramod$e480769f5d3ef623ff56c3d36800340fb75643ea$__CMP2LCU for cells of type $__CMP2LCU.
Using template $paramod$be320ef6745d9eeeb33444d43da2a288ef0f44d5$__CMP2LCU for cells of type $__CMP2LCU.
Using template $paramod$71110619de8135fa234c90ca2447467db547669d$__CMP2LCU for cells of type $__CMP2LCU.
Using template $paramod$54b223acb87382da9e21d725275b34aa5e4c52d1$__CMP2LCU for cells of type $__CMP2LCU.
Using template $paramod$38471edb7e30bdc6941190928d73c31f8cb982e5$__CMP2LCU for cells of type $__CMP2LCU.
Using template $paramod$efa446ef96a12a9e243554fe24eef4fdcede1df2$__CMP2LCU for cells of type $__CMP2LCU.
Using template $paramod$a6781ebb7c56c586e2d8d947dcb7aca1ee56d927$__CMP2LCU for cells of type $__CMP2LCU.
Using template $paramod$a402a57fb4f8635f34f639590edc3af926716964$__CMP2LCU for cells of type $__CMP2LCU.
Using template $paramod$54e2971e53f479d5081c818457fbe5faf0d4152b$__CMP2LCU for cells of type $__CMP2LCU.
Using template $paramod$6e395552c29a4cc17a53ca4a0c9888b692696692$__CMP2LCU for cells of type $__CMP2LCU.
Using template $paramod$9510b4ae2d2e1a5822e02239cb6f533a771aeddb$__CMP2LCU for cells of type $__CMP2LCU.
Using template $paramod$9bf1cfecaccd5accd8939bf444a2be7c77effa2e$__CMP2LCU for cells of type $__CMP2LCU.
Using template $paramod$a5a8361ebacb29a09a46635083622c4d035708f3$__CMP2LCU for cells of type $__CMP2LCU.
No more expansions possible.
<suppressed ~1169 debug messages>

7.24. Executing ALUMACC pass (create $alu and $macc cells).
Extracting $alu and $macc cells in module datapath_pipelined:
  creating $macc model for $20 ($add).
  creating $macc model for $376 ($add).
  creating $macc model for $377 ($sub).
  creating $macc model for $395 ($add).
  creating $alu model for $macc $395.
  creating $alu model for $macc $377.
  creating $alu model for $macc $376.
  creating $alu model for $macc $20.
  creating $alu cell for $20: $auto$alumacc.cc:548:replace_alu$144531
  creating $alu cell for $376: $auto$alumacc.cc:548:replace_alu$144534
  creating $alu cell for $377: $auto$alumacc.cc:548:replace_alu$144537
  creating $alu cell for $395: $auto$alumacc.cc:548:replace_alu$144540
  created 4 $alu and 0 $macc cells.

7.25. Executing SHARE pass (SAT-based resource sharing).
Found 3 cells in module datapath_pipelined that may be considered for resource sharing.
  Analyzing resource sharing options for $385 ($sshr):
    Found 1 activation_patterns using ctrl signal 1'1.
    No candidates found.
  Analyzing resource sharing options for $384 ($shr):
    Found 1 activation_patterns using ctrl signal 1'1.
    No candidates found.
  Analyzing resource sharing options for $383 ($shl):
    Found 1 activation_patterns using ctrl signal 1'1.
    No candidates found.

7.26. Executing OPT pass (performing simple optimizations).

7.26.1. Executing OPT_EXPR pass (perform const folding).
Optimizing module datapath_pipelined.
<suppressed ~32 debug messages>

7.26.2. Executing OPT_MERGE pass (detect identical cells).
Finding identical cells in module `\datapath_pipelined'.
Computing hashes of 426 cells of `\datapath_pipelined'.
Finding duplicate cells in `\datapath_pipelined'.
Removed a total of 0 cells.

7.26.3. Executing OPT_MUXTREE pass (detect dead branches in mux trees).
Running muxtree optimizer on module \datapath_pipelined..
  Creating internal representation of mux trees.
  Evaluating internal representation of mux trees.
  Analyzing evaluation results.
    dead port 1/11 on $pmux $procmux$142570.
    dead port 2/11 on $pmux $procmux$142570.
    dead port 3/11 on $pmux $procmux$142570.
    dead port 4/11 on $pmux $procmux$142570.
    dead port 5/11 on $pmux $procmux$142570.
    dead port 6/11 on $pmux $procmux$142570.
    dead port 7/11 on $pmux $procmux$142570.
    dead port 8/11 on $pmux $procmux$142570.
    dead port 9/11 on $pmux $procmux$142570.
    dead port 11/11 on $pmux $procmux$142570.
    dead port 1/9 on $pmux $procmux$142606.
    dead port 2/9 on $pmux $procmux$142606.
    dead port 3/9 on $pmux $procmux$142606.
    dead port 4/9 on $pmux $procmux$142606.
    dead port 5/9 on $pmux $procmux$142606.
    dead port 6/9 on $pmux $procmux$142606.
    dead port 7/9 on $pmux $procmux$142606.
    dead port 9/9 on $pmux $procmux$142606.
    dead port 1/6 on $pmux $procmux$142714.
    dead port 2/6 on $pmux $procmux$142714.
    dead port 3/6 on $pmux $procmux$142714.
    dead port 4/6 on $pmux $procmux$142714.
    dead port 6/6 on $pmux $procmux$142714.
    dead port 1/6 on $pmux $procmux$143009.
    dead port 2/6 on $pmux $procmux$143009.
    dead port 3/6 on $pmux $procmux$143009.
    dead port 4/6 on $pmux $procmux$143009.
    dead port 6/6 on $pmux $procmux$143009.
Removed 28 multiplexer ports.
<suppressed ~84 debug messages>

7.26.4. Executing OPT_REDUCE pass (consolidate $*mux and $reduce_* inputs).
  Optimizing cells in module \datapath_pipelined.
Performed a total of 0 changes.

7.26.5. Executing OPT_MERGE pass (detect identical cells).
Finding identical cells in module `\datapath_pipelined'.
Computing hashes of 422 cells of `\datapath_pipelined'.
Finding duplicate cells in `\datapath_pipelined'.
Removed a total of 0 cells.

7.26.6. Executing OPT_DFF pass (perform DFF optimizations).

7.26.7. Executing OPT_CLEAN pass (remove unused cells and wires).
Finding unused cells or wires in module \datapath_pipelined..
Removed 9 unused cells and 494 unused wires.
<suppressed ~13 debug messages>

7.26.8. Executing OPT_EXPR pass (perform const folding).
Optimizing module datapath_pipelined.

7.26.9. Rerunning OPT passes. (Maybe there is more to do..)

7.26.10. Executing OPT_MUXTREE pass (detect dead branches in mux trees).
Running muxtree optimizer on module \datapath_pipelined..
  Creating internal representation of mux trees.
  Evaluating internal representation of mux trees.
  Analyzing evaluation results.
Removed 0 multiplexer ports.
<suppressed ~70 debug messages>

7.26.11. Executing OPT_REDUCE pass (consolidate $*mux and $reduce_* inputs).
  Optimizing cells in module \datapath_pipelined.
Performed a total of 0 changes.

7.26.12. Executing OPT_MERGE pass (detect identical cells).
Finding identical cells in module `\datapath_pipelined'.
Computing hashes of 413 cells of `\datapath_pipelined'.
Finding duplicate cells in `\datapath_pipelined'.
Removed a total of 0 cells.

7.26.13. Executing OPT_DFF pass (perform DFF optimizations).

7.26.14. Executing OPT_CLEAN pass (remove unused cells and wires).
Finding unused cells or wires in module \datapath_pipelined..

7.26.15. Executing OPT_EXPR pass (perform const folding).
Optimizing module datapath_pipelined.

7.26.16. Finished fast OPT passes. (There is nothing left to do.)

7.27. Executing MEMORY pass.

7.27.1. Executing OPT_MEM pass (optimize memories).
datapath_pipelined.imem.instructions: removing const-1 lane 0
datapath_pipelined.imem.instructions: removing const-1 lane 1
Performed a total of 1 transformations.

7.27.2. Executing OPT_MEM_PRIORITY pass (removing unnecessary memory write priority relations).
Performed a total of 2608 transformations.

7.27.3. Executing OPT_MEM_FEEDBACK pass (finding memory read-to-write feedback paths).

7.27.4. Executing MEMORY_BMUX2ROM pass (converting muxes to ROMs).

7.27.5. Executing MEMORY_DFF pass (merging $dff cells to $memrd).

7.27.6. Executing OPT_CLEAN pass (remove unused cells and wires).
Finding unused cells or wires in module \datapath_pipelined..

7.27.7. Executing MEMORY_SHARE pass (consolidating $memrd/$memwr cells).
Consolidating write ports of memory datapath_pipelined.dmem.datas by address:
  Merging ports 0, 1 (address 6'000000).
  Merging ports 0, 2 (address 6'000000).
  Merging ports 0, 3 (address 6'000000).
  Merging ports 0, 4 (address 6'000000).
  Merging ports 0, 5 (address 6'000000).
  Merging ports 0, 6 (address 6'000000).
  Merging ports 0, 7 (address 6'000000).
  Merging ports 0, 8 (address 6'000000).
  Merging ports 0, 9 (address 6'000000).
  Merging ports 0, 10 (address 6'000000).
  Merging ports 0, 11 (address 6'000000).
  Merging ports 0, 12 (address 6'000000).
  Merging ports 0, 13 (address 6'000000).
  Merging ports 0, 14 (address 6'000000).
  Merging ports 0, 15 (address 6'000000).
  Merging ports 0, 16 (address 6'000000).
  Merging ports 0, 17 (address 6'000000).
  Merging ports 0, 18 (address 6'000000).
  Merging ports 0, 19 (address 6'000000).
  Merging ports 0, 20 (address 6'000000).
  Merging ports 0, 21 (address 6'000000).
  Merging ports 0, 22 (address 6'000000).
  Merging ports 0, 23 (address 6'000000).
  Merging ports 0, 24 (address 6'000000).
  Merging ports 0, 25 (address 6'000000).
  Merging ports 0, 26 (address 6'000000).
  Merging ports 0, 27 (address 6'000000).
  Merging ports 0, 28 (address 6'000000).
  Merging ports 0, 29 (address 6'000000).
  Merging ports 0, 30 (address 6'000000).
  Merging ports 0, 31 (address 6'000000).
  Merging ports 0, 32 (address 6'000000).
  Merging ports 34, 35 (address 6'100010).
  Merging ports 36, 37 (address 6'100100).
  Merging ports 36, 38 (address 6'100100).
  Merging ports 36, 39 (address 6'100100).
  Merging ports 40, 41 (address 6'101000).
  Merging ports 40, 42 (address 6'101000).
  Merging ports 40, 43 (address 6'101000).
  Merging ports 40, 44 (address 6'101000).
  Merging ports 40, 45 (address 6'101000).
  Merging ports 40, 46 (address 6'101000).
  Merging ports 40, 47 (address 6'101000).
  Merging ports 48, 49 (address 6'110000).
  Merging ports 48, 50 (address 6'110000).
  Merging ports 48, 51 (address 6'110000).
  Merging ports 48, 52 (address 6'110000).
  Merging ports 48, 53 (address 6'110000).
  Merging ports 48, 54 (address 6'110000).
  Merging ports 48, 55 (address 6'110000).
  Merging ports 48, 56 (address 6'110000).
  Merging ports 48, 57 (address 6'110000).
  Merging ports 48, 58 (address 6'110000).
  Merging ports 48, 59 (address 6'110000).
  Merging ports 48, 60 (address 6'110000).
  Merging ports 48, 61 (address 6'110000).
  Merging ports 48, 62 (address 6'110000).
  Merging ports 48, 63 (address 6'110000).
Consolidating write ports of memory datapath_pipelined.dmem.datas by address:
  Merging ports 1, 2 (address 6'100001).
  Merging ports 1, 3 (address 6'100000).
  Merging ports 1, 4 (address 6'100000).
  Merging ports 1, 5 (address 6'100000).
Consolidating write ports of memory datapath_pipelined.dmem.datas by address:
Consolidating read ports of memory datapath_pipelined.regfile.registers by address:
Consolidating write ports of memory datapath_pipelined.regfile.registers by address:
  Merging ports 0, 1 (address 5'00000).
  Merging ports 0, 2 (address 5'00000).
  Merging ports 0, 3 (address 5'00000).
  Merging ports 0, 4 (address 5'00000).
  Merging ports 0, 5 (address 5'00000).
  Merging ports 0, 6 (address 5'00000).
  Merging ports 0, 7 (address 5'00000).
  Merging ports 0, 8 (address 5'00000).
  Merging ports 0, 9 (address 5'00000).
  Merging ports 0, 10 (address 5'00000).
  Merging ports 0, 11 (address 5'00000).
  Merging ports 0, 12 (address 5'00000).
  Merging ports 0, 13 (address 5'00000).
  Merging ports 0, 14 (address 5'00000).
  Merging ports 0, 15 (address 5'00000).
  Merging ports 0, 16 (address 5'00000).
  Merging ports 18, 19 (address 5'10010).
  Merging ports 20, 21 (address 5'10100).
  Merging ports 20, 22 (address 5'10100).
  Merging ports 20, 23 (address 5'10100).
  Merging ports 24, 25 (address 5'11000).
  Merging ports 24, 26 (address 5'11000).
  Merging ports 24, 27 (address 5'11000).
  Merging ports 24, 28 (address 5'11000).
  Merging ports 24, 29 (address 5'11000).
  Merging ports 24, 30 (address 5'11000).
  Merging ports 24, 31 (address 5'11000).
Consolidating write ports of memory datapath_pipelined.regfile.registers by address:
  Merging ports 1, 2 (address 5'10001).
  Merging ports 1, 3 (address 5'10000).
  Merging ports 1, 4 (address 5'10000).
Consolidating write ports of memory datapath_pipelined.regfile.registers by address:
Consolidating write ports of memory datapath_pipelined.dmem.datas using sat-based resource sharing:
Consolidating write ports of memory datapath_pipelined.regfile.registers using sat-based resource sharing:

7.27.8. Executing OPT_MEM_WIDEN pass (optimize memories where all ports are wide).
Performed a total of 0 transformations.

7.27.9. Executing OPT_CLEAN pass (remove unused cells and wires).
Finding unused cells or wires in module \datapath_pipelined..

7.27.10. Executing MEMORY_COLLECT pass (generating $mem cells).

7.28. Executing OPT_CLEAN pass (remove unused cells and wires).
Finding unused cells or wires in module \datapath_pipelined..

7.29. Executing MEMORY_LIBMAP pass (mapping memories to cells).
using FF mapping for memory datapath_pipelined.regfile.registers
using FF mapping for memory datapath_pipelined.imem.instructions
using FF mapping for memory datapath_pipelined.dmem.datas
<suppressed ~610 debug messages>

7.30. Executing TECHMAP pass (map to technology primitives).

7.30.1. Executing Verilog-2005 frontend: /home/shady_wsl/tools/oss-cad-suite/lib/../share/yosys/xilinx/lutrams_xc5v_map.v
Parsing Verilog input from `/home/shady_wsl/tools/oss-cad-suite/lib/../share/yosys/xilinx/lutrams_xc5v_map.v' to AST representation.
Generating RTLIL representation for module `$__XILINX_LUTRAM_SP_'.
Generating RTLIL representation for module `$__XILINX_LUTRAM_DP_'.
Generating RTLIL representation for module `$__XILINX_LUTRAM_QP_'.
Generating RTLIL representation for module `$__XILINX_LUTRAM_OP_'.
Generating RTLIL representation for module `$__XILINX_LUTRAM_SDP_'.
Generating RTLIL representation for module `$__XILINX_LUTRAM_64X8SW_'.
Generating RTLIL representation for module `$__XILINX_LUTRAM_32X16DR8_'.
Successfully finished Verilog frontend.

7.30.2. Continuing TECHMAP pass.
No more expansions possible.
<suppressed ~9 debug messages>

7.31. Executing TECHMAP pass (map to technology primitives).

7.31.1. Executing Verilog-2005 frontend: /home/shady_wsl/tools/oss-cad-suite/lib/../share/yosys/xilinx/brams_xc6v_map.v
Parsing Verilog input from `/home/shady_wsl/tools/oss-cad-suite/lib/../share/yosys/xilinx/brams_xc6v_map.v' to AST representation.
Generating RTLIL representation for module `$__XILINX_BLOCKRAM_TDP_'.
Generating RTLIL representation for module `$__XILINX_BLOCKRAM_SDP_'.
Successfully finished Verilog frontend.

7.31.2. Continuing TECHMAP pass.
No more expansions possible.
<suppressed ~4 debug messages>

7.32. Executing OPT pass (performing simple optimizations).

7.32.1. Executing OPT_EXPR pass (perform const folding).
Optimizing module datapath_pipelined.
<suppressed ~22 debug messages>

7.32.2. Executing OPT_MERGE pass (detect identical cells).
Finding identical cells in module `\datapath_pipelined'.
Computing hashes of 298 cells of `\datapath_pipelined'.
Finding duplicate cells in `\datapath_pipelined'.
Computing hashes of 297 cells of `\datapath_pipelined'.
Finding duplicate cells in `\datapath_pipelined'.
<suppressed ~3 debug messages>
Removed a total of 1 cells.

7.32.3. Executing OPT_DFF pass (perform DFF optimizations).
Adding EN signal on $auto$ff.cc:337:slice$144132 ($sdffe) from module datapath_pipelined (D = \pc_reg.nextaddr [1:0], Q = \pc_reg.currentaddr [1:0]).

7.32.4. Executing OPT_CLEAN pass (remove unused cells and wires).
Finding unused cells or wires in module \datapath_pipelined..
Removed 0 unused cells and 16 unused wires.
<suppressed ~1 debug messages>

7.32.5. Rerunning OPT passes. (Removed registers in this run.)

7.32.6. Executing OPT_EXPR pass (perform const folding).
Optimizing module datapath_pipelined.
<suppressed ~10 debug messages>

7.32.7. Executing OPT_MERGE pass (detect identical cells).
Finding identical cells in module `\datapath_pipelined'.
Computing hashes of 300 cells of `\datapath_pipelined'.
Finding duplicate cells in `\datapath_pipelined'.
Removed a total of 0 cells.

7.32.8. Executing OPT_DFF pass (perform DFF optimizations).

7.32.9. Executing OPT_CLEAN pass (remove unused cells and wires).
Finding unused cells or wires in module \datapath_pipelined..
Removed 0 unused cells and 1 unused wires.
<suppressed ~1 debug messages>

7.32.10. Finished fast OPT passes.

7.33. Executing MEMORY_MAP pass (converting memories to logic and flip-flops).
Mapping memory \regfile.registers in module \datapath_pipelined:
  created 32 $dff cells and 0 static cells of width 32.
Extracted data FF from read port 0 of datapath_pipelined.regfile.registers: $\regfile.registers$rdreg[0]
Extracted data FF from read port 1 of datapath_pipelined.regfile.registers: $\regfile.registers$rdreg[1]
  read interface: 2 $dff and 62 $mux cells.
  write interface: 96 write mux blocks.
Mapping memory \imem.instructions in module \datapath_pipelined:
  created 64 $dff cells and 0 static cells of width 30.
Extracted data FF from read port 0 of datapath_pipelined.imem.instructions: $\imem.instructions$rdreg[0]
  read interface: 1 $dff and 63 $mux cells.
  write interface: 0 write mux blocks.
Mapping memory \dmem.datas in module \datapath_pipelined:
  created 64 $dff cells and 0 static cells of width 32.
Extracted addr FF from read port 0 of datapath_pipelined.dmem.datas: $\dmem.datas$rdreg[0]
  read interface: 1 $dff and 63 $mux cells.
  write interface: 192 write mux blocks.

7.34. Executing OPT pass (performing simple optimizations).

7.34.1. Executing OPT_EXPR pass (perform const folding).
Optimizing module datapath_pipelined.
<suppressed ~469 debug messages>

7.34.2. Executing OPT_MERGE pass (detect identical cells).
Finding identical cells in module `\datapath_pipelined'.
Computing hashes of 1161 cells of `\datapath_pipelined'.
Finding duplicate cells in `\datapath_pipelined'.
Computing hashes of 1127 cells of `\datapath_pipelined'.
Finding duplicate cells in `\datapath_pipelined'.
<suppressed ~102 debug messages>
Removed a total of 34 cells.

7.34.3. Executing OPT_MUXTREE pass (detect dead branches in mux trees).
Running muxtree optimizer on module \datapath_pipelined..
  Creating internal representation of mux trees.
  Evaluating internal representation of mux trees.
  Analyzing evaluation results.
Removed 0 multiplexer ports.
<suppressed ~495 debug messages>

7.34.4. Executing OPT_REDUCE pass (consolidate $*mux and $reduce_* inputs).
  Optimizing cells in module \datapath_pipelined.
    Consolidated identical input bits for $mux cell $memory\imem.instructions$rdmux[0][5][17]$146082:
      Old ports: A=30'001100001001111100001111000100, B=30'001101111000111110001111100100, Y=$memory\imem.instructions$rdmux[0][4][8]$b$146009
      New ports: A=2'10, B=2'01, Y={ $memory\imem.instructions$rdmux[0][4][8]$b$146009 [18] $memory\imem.instructions$rdmux[0][4][8]$b$146009 [5] }
      New connections: { $memory\imem.instructions$rdmux[0][4][8]$b$146009 [29:19] $memory\imem.instructions$rdmux[0][4][8]$b$146009 [17:6] $memory\imem.instructions$rdmux[0][4][8]$b$146009 [4:0] } = { 5'00110 $memory\imem.instructions$rdmux[0][4][8]$b$146009 [5] $memory\imem.instructions$rdmux[0][4][8]$b$146009 [5] $memory\imem.instructions$rdmux[0][4][8]$b$146009 [5] 7'1001111 $memory\imem.instructions$rdmux[0][4][8]$b$146009 [5] 12'000111100100 }
    Consolidated identical input bits for $mux cell $memory\imem.instructions$rdmux[0][5][16]$146079:
      Old ports: A=30'000110111100111110001111100100, B=30'000010001100000000001101011001, Y=$memory\imem.instructions$rdmux[0][4][8]$a$146008
      New ports: A=2'10, B=2'01, Y={ $memory\imem.instructions$rdmux[0][4][8]$a$146008 [2] $memory\imem.instructions$rdmux[0][4][8]$a$146008 [0] }
      New connections: { $memory\imem.instructions$rdmux[0][4][8]$a$146008 [29:3] $memory\imem.instructions$rdmux[0][4][8]$a$146008 [1] } = { 3'000 $memory\imem.instructions$rdmux[0][4][8]$a$146008 [2] 2'10 $memory\imem.instructions$rdmux[0][4][8]$a$146008 [2] $memory\imem.instructions$rdmux[0][4][8]$a$146008 [2] 4'1100 $memory\imem.instructions$rdmux[0][4][8]$a$146008 [2] $memory\imem.instructions$rdmux[0][4][8]$a$146008 [2] $memory\imem.instructions$rdmux[0][4][8]$a$146008 [2] $memory\imem.instructions$rdmux[0][4][8]$a$146008 [2] $memory\imem.instructions$rdmux[0][4][8]$a$146008 [2] 5'00011 $memory\imem.instructions$rdmux[0][4][8]$a$146008 [2] 1'1 $memory\imem.instructions$rdmux[0][4][8]$a$146008 [2] $memory\imem.instructions$rdmux[0][4][8]$a$146008 [0] $memory\imem.instructions$rdmux[0][4][8]$a$146008 [0] 1'0 }
    Consolidated identical input bits for $mux cell $memory\imem.instructions$rdmux[0][5][15]$146076:
      Old ports: A=30'000000001000000000001100111011, B=30'000101001101111100001111000100, Y=$memory\imem.instructions$rdmux[0][4][7]$b$146006
      New ports: A=2'01, B=2'10, Y={ $memory\imem.instructions$rdmux[0][4][7]$b$146006 [2] $memory\imem.instructions$rdmux[0][4][7]$b$146006 [0] }
      New connections: { $memory\imem.instructions$rdmux[0][4][7]$b$146006 [29:3] $memory\imem.instructions$rdmux[0][4][7]$b$146006 [1] } = { 3'000 $memory\imem.instructions$rdmux[0][4][7]$b$146006 [2] 1'0 $memory\imem.instructions$rdmux[0][4][7]$b$146006 [2] 3'001 $memory\imem.instructions$rdmux[0][4][7]$b$146006 [2] 1'0 $memory\imem.instructions$rdmux[0][4][7]$b$146006 [2] $memory\imem.instructions$rdmux[0][4][7]$b$146006 [2] $memory\imem.instructions$rdmux[0][4][7]$b$146006 [2] $memory\imem.instructions$rdmux[0][4][7]$b$146006 [2] $memory\imem.instructions$rdmux[0][4][7]$b$146006 [2] 6'000011 $memory\imem.instructions$rdmux[0][4][7]$b$146006 [2] $memory\imem.instructions$rdmux[0][4][7]$b$146006 [2] $memory\imem.instructions$rdmux[0][4][7]$b$146006 [0] $memory\imem.instructions$rdmux[0][4][7]$b$146006 [0] $memory\imem.instructions$rdmux[0][4][7]$b$146006 [0] $memory\imem.instructions$rdmux[0][4][7]$b$146006 [0] }
    Consolidated identical input bits for $mux cell $memory\imem.instructions$rdmux[0][5][14]$146073:
      Old ports: A=30'000100100011010001011011101101, B=30'000000000000000000011100000101, Y=$memory\imem.instructions$rdmux[0][4][7]$a$146005
      New ports: A=2'01, B=2'10, Y={ $memory\imem.instructions$rdmux[0][4][7]$a$146005 [8] $memory\imem.instructions$rdmux[0][4][7]$a$146005 [3] }
      New connections: { $memory\imem.instructions$rdmux[0][4][7]$a$146005 [29:9] $memory\imem.instructions$rdmux[0][4][7]$a$146005 [7:4] $memory\imem.instructions$rdmux[0][4][7]$a$146005 [2:0] } = { 3'000 $memory\imem.instructions$rdmux[0][4][7]$a$146005 [3] 2'00 $memory\imem.instructions$rdmux[0][4][7]$a$146005 [3] 3'000 $memory\imem.instructions$rdmux[0][4][7]$a$146005 [3] $memory\imem.instructions$rdmux[0][4][7]$a$146005 [3] 1'0 $memory\imem.instructions$rdmux[0][4][7]$a$146005 [3] 3'000 $memory\imem.instructions$rdmux[0][4][7]$a$146005 [3] 3'011 $memory\imem.instructions$rdmux[0][4][7]$a$146005 [3] $memory\imem.instructions$rdmux[0][4][7]$a$146005 [3] $memory\imem.instructions$rdmux[0][4][7]$a$146005 [3] 4'0101 }
    Consolidated identical input bits for $mux cell $memory\imem.instructions$rdmux[0][5][13]$146070:
      Old ports: A=30'001111100111111000001110000100, B=30'000011011110000000001110100100, Y=$memory\imem.instructions$rdmux[0][4][6]$b$146003
      New ports: A=2'10, B=2'01, Y={ $memory\imem.instructions$rdmux[0][4][6]$b$146003 [15] $memory\imem.instructions$rdmux[0][4][6]$b$146003 [5] }
      New connections: { $memory\imem.instructions$rdmux[0][4][6]$b$146003 [29:16] $memory\imem.instructions$rdmux[0][4][6]$b$146003 [14:6] $memory\imem.instructions$rdmux[0][4][6]$b$146003 [4:0] } = { 2'00 $memory\imem.instructions$rdmux[0][4][6]$b$146003 [15] $memory\imem.instructions$rdmux[0][4][6]$b$146003 [15] 2'11 $memory\imem.instructions$rdmux[0][4][6]$b$146003 [15] $memory\imem.instructions$rdmux[0][4][6]$b$146003 [5] $memory\imem.instructions$rdmux[0][4][6]$b$146003 [5] 2'11 $memory\imem.instructions$rdmux[0][4][6]$b$146003 [15] $memory\imem.instructions$rdmux[0][4][6]$b$146003 [15] $memory\imem.instructions$rdmux[0][4][6]$b$146003 [15] 14'00000111000100 }
    Consolidated identical input bits for $mux cell $memory\imem.instructions$rdmux[0][5][12]$146067:
      Old ports: A=30'000001101111000000001101100100, B=30'000000000001000010000100011000, Y=$memory\imem.instructions$rdmux[0][4][6]$a$146002
      New ports: A=2'01, B=2'10, Y=$memory\imem.instructions$rdmux[0][4][6]$a$146002 [3:2]
      New connections: { $memory\imem.instructions$rdmux[0][4][6]$a$146002 [29:4] $memory\imem.instructions$rdmux[0][4][6]$a$146002 [1:0] } = { 5'00000 $memory\imem.instructions$rdmux[0][4][6]$a$146002 [2] $memory\imem.instructions$rdmux[0][4][6]$a$146002 [2] 1'0 $memory\imem.instructions$rdmux[0][4][6]$a$146002 [2] $memory\imem.instructions$rdmux[0][4][6]$a$146002 [2] $memory\imem.instructions$rdmux[0][4][6]$a$146002 [2] 5'10000 $memory\imem.instructions$rdmux[0][4][6]$a$146002 [3] 3'000 $memory\imem.instructions$rdmux[0][4][6]$a$146002 [2] 2'10 $memory\imem.instructions$rdmux[0][4][6]$a$146002 [2] $memory\imem.instructions$rdmux[0][4][6]$a$146002 [2] $memory\imem.instructions$rdmux[0][4][6]$a$146002 [3] 2'00 }
    Consolidated identical input bits for $mux cell $memory\imem.instructions$rdmux[0][5][11]$146064:
      Old ports: A=30'000000000000000000101011000000, B=30'000000000010000010000100011000, Y=$memory\imem.instructions$rdmux[0][4][5]$b$146000
      New ports: A=2'10, B=2'01, Y={ $memory\imem.instructions$rdmux[0][4][5]$b$146000 [6] $memory\imem.instructions$rdmux[0][4][5]$b$146000 [3] }
      New connections: { $memory\imem.instructions$rdmux[0][4][5]$b$146000 [29:7] $memory\imem.instructions$rdmux[0][4][5]$b$146000 [5:4] $memory\imem.instructions$rdmux[0][4][5]$b$146000 [2:0] } = { 10'0000000000 $memory\imem.instructions$rdmux[0][4][5]$b$146000 [3] 5'00000 $memory\imem.instructions$rdmux[0][4][5]$b$146000 [3] 1'0 $memory\imem.instructions$rdmux[0][4][5]$b$146000 [6] 1'0 $memory\imem.instructions$rdmux[0][4][5]$b$146000 [6] $memory\imem.instructions$rdmux[0][4][5]$b$146000 [3] $memory\imem.instructions$rdmux[0][4][5]$b$146000 [6] 1'0 $memory\imem.instructions$rdmux[0][4][5]$b$146000 [3] 3'000 }
    Consolidated identical input bits for $mux cell $memory\imem.instructions$rdmux[0][5][10]$146061:
      Old ports: A=30'010000000001011011011010100100, B=30'000000000001000000100000001000, Y=$memory\imem.instructions$rdmux[0][4][5]$a$145999
      New ports: A=2'01, B=2'10, Y=$memory\imem.instructions$rdmux[0][4][5]$a$145999 [3:2]
      New connections: { $memory\imem.instructions$rdmux[0][4][5]$a$145999 [29:4] $memory\imem.instructions$rdmux[0][4][5]$a$145999 [1:0] } = { 1'0 $memory\imem.instructions$rdmux[0][4][5]$a$145999 [2] 11'00000000010 $memory\imem.instructions$rdmux[0][4][5]$a$145999 [2] $memory\imem.instructions$rdmux[0][4][5]$a$145999 [2] 1'0 $memory\imem.instructions$rdmux[0][4][5]$a$145999 [2] $memory\imem.instructions$rdmux[0][4][5]$a$145999 [2] $memory\imem.instructions$rdmux[0][4][5]$a$145999 [3:2] $memory\imem.instructions$rdmux[0][4][5]$a$145999 [2] 1'0 $memory\imem.instructions$rdmux[0][4][5]$a$145999 [2] 1'0 $memory\imem.instructions$rdmux[0][4][5]$a$145999 [2] 3'000 }
    Consolidated identical input bits for $mux cell $memory\imem.instructions$rdmux[0][5][9]$146058:
      Old ports: A=30'000000000010000010011001100100, B=30'000000000001000011011010000100, Y=$memory\imem.instructions$rdmux[0][4][4]$b$145997
      New ports: A=2'01, B=2'10, Y={ $memory\imem.instructions$rdmux[0][4][4]$b$145997 [7] $memory\imem.instructions$rdmux[0][4][4]$b$145997 [5] }
      New connections: { $memory\imem.instructions$rdmux[0][4][4]$b$145997 [29:8] $memory\imem.instructions$rdmux[0][4][4]$b$145997 [6] $memory\imem.instructions$rdmux[0][4][4]$b$145997 [4:0] } = { 10'0000000000 $memory\imem.instructions$rdmux[0][4][4]$b$145997 [5] $memory\imem.instructions$rdmux[0][4][4]$b$145997 [7] 5'00001 $memory\imem.instructions$rdmux[0][4][4]$b$145997 [7] 4'0110 $memory\imem.instructions$rdmux[0][4][4]$b$145997 [5] 5'00100 }
    Consolidated identical input bits for $mux cell $memory\imem.instructions$rdmux[0][5][8]$146055:
      Old ports: A=30'000000000011000011001000100100, B=30'000000000101000100101001000100, Y=$memory\imem.instructions$rdmux[0][4][4]$a$145996
      New ports: A=2'01, B=2'10, Y=$memory\imem.instructions$rdmux[0][4][4]$a$145996 [6:5]
      New connections: { $memory\imem.instructions$rdmux[0][4][4]$a$145996 [29:7] $memory\imem.instructions$rdmux[0][4][4]$a$145996 [4:0] } = { 9'000000000 $memory\imem.instructions$rdmux[0][4][4]$a$145996 [6:5] 4'1000 $memory\imem.instructions$rdmux[0][4][4]$a$145996 [6:5] $memory\imem.instructions$rdmux[0][4][4]$a$145996 [5] $memory\imem.instructions$rdmux[0][4][4]$a$145996 [6] 9'010000100 }
    Consolidated identical input bits for $mux cell $memory\imem.instructions$rdmux[0][5][7]$146052:
      Old ports: A=30'000000000011000011110111100100, B=30'000000000010000011101000000100, Y=$memory\imem.instructions$rdmux[0][4][3]$b$145994
      New ports: A=2'01, B=2'10, Y={ $memory\imem.instructions$rdmux[0][4][3]$b$145994 [9] $memory\imem.instructions$rdmux[0][4][3]$b$145994 [5] }
      New connections: { $memory\imem.instructions$rdmux[0][4][3]$b$145994 [29:10] $memory\imem.instructions$rdmux[0][4][3]$b$145994 [8:6] $memory\imem.instructions$rdmux[0][4][3]$b$145994 [4:0] } = { 11'00000000001 $memory\imem.instructions$rdmux[0][4][3]$b$145994 [5] 7'0000111 $memory\imem.instructions$rdmux[0][4][3]$b$145994 [5] $memory\imem.instructions$rdmux[0][4][3]$b$145994 [5] $memory\imem.instructions$rdmux[0][4][3]$b$145994 [5] $memory\imem.instructions$rdmux[0][4][3]$b$145994 [5] 5'00100 }
    Consolidated identical input bits for $mux cell $memory\imem.instructions$rdmux[0][5][6]$146049:
      Old ports: A=30'111111111000000000000110100100, B=30'010000001010011011010111001100, Y=$memory\imem.instructions$rdmux[0][4][3]$a$145993
      New ports: A=2'10, B=2'01, Y={ $memory\imem.instructions$rdmux[0][4][3]$a$145993 [5] $memory\imem.instructions$rdmux[0][4][3]$a$145993 [3] }
      New connections: { $memory\imem.instructions$rdmux[0][4][3]$a$145993 [29:6] $memory\imem.instructions$rdmux[0][4][3]$a$145993 [4] $memory\imem.instructions$rdmux[0][4][3]$a$145993 [2:0] } = { $memory\imem.instructions$rdmux[0][4][3]$a$145993 [5] 1'1 $memory\imem.instructions$rdmux[0][4][3]$a$145993 [5] $memory\imem.instructions$rdmux[0][4][3]$a$145993 [5] $memory\imem.instructions$rdmux[0][4][3]$a$145993 [5] $memory\imem.instructions$rdmux[0][4][3]$a$145993 [5] $memory\imem.instructions$rdmux[0][4][3]$a$145993 [5] $memory\imem.instructions$rdmux[0][4][3]$a$145993 [5] 2'10 $memory\imem.instructions$rdmux[0][4][3]$a$145993 [3] 2'00 $memory\imem.instructions$rdmux[0][4][3]$a$145993 [3] $memory\imem.instructions$rdmux[0][4][3]$a$145993 [3] 1'0 $memory\imem.instructions$rdmux[0][4][3]$a$145993 [3] $memory\imem.instructions$rdmux[0][4][3]$a$145993 [3] 1'0 $memory\imem.instructions$rdmux[0][4][3]$a$145993 [3] 3'011 $memory\imem.instructions$rdmux[0][4][3]$a$145993 [3] 4'0100 }
    Consolidated identical input bits for $mux cell $memory\imem.instructions$rdmux[0][5][5]$146046:
      Old ports: A=30'000000001010000010010101101100, B=30'000000001010000011010110001100, Y=$memory\imem.instructions$rdmux[0][4][2]$b$145991
      New ports: A=2'01, B=2'10, Y={ $memory\imem.instructions$rdmux[0][4][2]$b$145991 [7] $memory\imem.instructions$rdmux[0][4][2]$b$145991 [5] }
      New connections: { $memory\imem.instructions$rdmux[0][4][2]$b$145991 [29:8] $memory\imem.instructions$rdmux[0][4][2]$b$145991 [6] $memory\imem.instructions$rdmux[0][4][2]$b$145991 [4:0] } = { 17'00000000101000001 $memory\imem.instructions$rdmux[0][4][2]$b$145991 [7] 4'0101 $memory\imem.instructions$rdmux[0][4][2]$b$145991 [5] 5'01100 }
    Consolidated identical input bits for $mux cell $memory\imem.instructions$rdmux[0][5][4]$146043:
      Old ports: A=30'000000000010000010100100101100, B=30'000000000010000000000101000100, Y=$memory\imem.instructions$rdmux[0][4][2]$a$145990
      New ports: A=2'01, B=2'10, Y={ $memory\imem.instructions$rdmux[0][4][2]$a$145990 [6] $memory\imem.instructions$rdmux[0][4][2]$a$145990 [3] }
      New connections: { $memory\imem.instructions$rdmux[0][4][2]$a$145990 [29:7] $memory\imem.instructions$rdmux[0][4][2]$a$145990 [5:4] $memory\imem.instructions$rdmux[0][4][2]$a$145990 [2:0] } = { 16'0000000000100000 $memory\imem.instructions$rdmux[0][4][2]$a$145990 [3] 1'0 $memory\imem.instructions$rdmux[0][4][2]$a$145990 [3] 4'0010 $memory\imem.instructions$rdmux[0][4][2]$a$145990 [3] 4'0100 }
    Consolidated identical input bits for $mux cell $memory\imem.instructions$rdmux[0][5][3]$146040:
      Old ports: A=30'000000000010000011000011101100, B=30'000000000001000100100100001100, Y=$memory\imem.instructions$rdmux[0][4][1]$b$145988
      New ports: A=2'01, B=2'10, Y={ $memory\imem.instructions$rdmux[0][4][1]$b$145988 [8] $memory\imem.instructions$rdmux[0][4][1]$b$145988 [5] }
      New connections: { $memory\imem.instructions$rdmux[0][4][1]$b$145988 [29:9] $memory\imem.instructions$rdmux[0][4][1]$b$145988 [7:6] $memory\imem.instructions$rdmux[0][4][1]$b$145988 [4:0] } = { 10'0000000000 $memory\imem.instructions$rdmux[0][4][1]$b$145988 [5] $memory\imem.instructions$rdmux[0][4][1]$b$145988 [8] 3'000 $memory\imem.instructions$rdmux[0][4][1]$b$145988 [8] $memory\imem.instructions$rdmux[0][4][1]$b$145988 [5] $memory\imem.instructions$rdmux[0][4][1]$b$145988 [5] $memory\imem.instructions$rdmux[0][4][1]$b$145988 [8] 2'00 $memory\imem.instructions$rdmux[0][4][1]$b$145988 [5] $memory\imem.instructions$rdmux[0][4][1]$b$145988 [5] 5'01100 }
    Consolidated identical input bits for $mux cell $memory\imem.instructions$rdmux[0][5][2]$146037:
      Old ports: A=30'000000000010000011110010101100, B=30'000000000010000011100011001100, Y=$memory\imem.instructions$rdmux[0][4][1]$a$145987
      New ports: A=2'01, B=2'10, Y=$memory\imem.instructions$rdmux[0][4][1]$a$145987 [6:5]
      New connections: { $memory\imem.instructions$rdmux[0][4][1]$a$145987 [29:7] $memory\imem.instructions$rdmux[0][4][1]$a$145987 [4:0] } = { 19'0000000000100000111 $memory\imem.instructions$rdmux[0][4][1]$a$145987 [5] 8'00101100 }
    Consolidated identical input bits for $mux cell $memory\imem.instructions$rdmux[0][5][1]$146034:
      Old ports: A=30'000000000010000010000001101100, B=30'010000000010000010000010001100, Y=$memory\imem.instructions$rdmux[0][4][0]$b$145985
      New ports: A=2'01, B=2'10, Y={ $memory\imem.instructions$rdmux[0][4][0]$b$145985 [7] $memory\imem.instructions$rdmux[0][4][0]$b$145985 [5] }
      New connections: { $memory\imem.instructions$rdmux[0][4][0]$b$145985 [29:8] $memory\imem.instructions$rdmux[0][4][0]$b$145985 [6] $memory\imem.instructions$rdmux[0][4][0]$b$145985 [4:0] } = { 1'0 $memory\imem.instructions$rdmux[0][4][0]$b$145985 [7] 20'00000000100000100000 $memory\imem.instructions$rdmux[0][4][0]$b$145985 [5] 5'01100 }
    Consolidated identical input bits for $mux cell $memory\imem.instructions$rdmux[0][5][0]$146031:
      Old ports: A=30'000000000101000000000000100100, B=30'000000000011000000000001000100, Y=$memory\imem.instructions$rdmux[0][4][0]$a$145984
      New ports: A=2'01, B=2'10, Y=$memory\imem.instructions$rdmux[0][4][0]$a$145984 [6:5]
      New connections: { $memory\imem.instructions$rdmux[0][4][0]$a$145984 [29:7] $memory\imem.instructions$rdmux[0][4][0]$a$145984 [4:0] } = { 9'000000000 $memory\imem.instructions$rdmux[0][4][0]$a$145984 [5] $memory\imem.instructions$rdmux[0][4][0]$a$145984 [6] 17'10000000000000100 }
    Consolidated identical input bits for $mux cell $procmux$142595:
      Old ports: A=4'0111, B=4'1000, Y=$aluctrl.op$363
      New ports: A=2'01, B=2'10, Y={ $aluctrl.op$363 [3] $aluctrl.op$363 [0] }
      New connections: $aluctrl.op$363 [2:1] = { $aluctrl.op$363 [0] $aluctrl.op$363 [0] }
    Consolidated identical input bits for $mux cell $procmux$142652:
      Old ports: A={ 3'000 \id_ex.funct7_out [5] }, B=4'0000, Y=$aluctrl.op$362
      New ports: A=\id_ex.funct7_out [5], B=1'0, Y=$aluctrl.op$362 [0]
      New connections: $aluctrl.op$362 [3:1] = 3'000
    Consolidated identical input bits for $mux cell $procmux$142685:
      Old ports: A=2'00, B=2'10, Y=$fw_sel.fw_r2$327
      New ports: A=1'0, B=1'1, Y=$fw_sel.fw_r2$327 [1]
      New connections: $fw_sel.fw_r2$327 [0] = 1'0
    Consolidated identical input bits for $mux cell $procmux$142695:
      Old ports: A=2'00, B=2'10, Y=$fw_sel.fw_b$317
      New ports: A=1'0, B=1'1, Y=$fw_sel.fw_b$317 [1]
      New connections: $fw_sel.fw_b$317 [0] = 1'0
    Consolidated identical input bits for $mux cell $procmux$142705:
      Old ports: A=2'00, B=2'10, Y=$fw_sel.fw_a$303
      New ports: A=1'0, B=1'1, Y=$fw_sel.fw_a$303 [1]
      New connections: $fw_sel.fw_a$303 [0] = 1'0
    Consolidated identical input bits for $mux cell $procmux$142782:
      Old ports: A=\if_id.instr_out [30:20], B={ \if_id.instr_out [31] \if_id.instr_out [31] \if_id.instr_out [31] \if_id.instr_out [31] \if_id.instr_out [31] \if_id.instr_out [31] \if_id.instr_out [24:20] }, Y=$immgen.imm$200 [10:0]
      New ports: A=\if_id.instr_out [30:25], B={ \if_id.instr_out [31] \if_id.instr_out [31] \if_id.instr_out [31] \if_id.instr_out [31] \if_id.instr_out [31] \if_id.instr_out [31] }, Y=$immgen.imm$200 [10:5]
      New connections: $immgen.imm$200 [4:0] = \if_id.instr_out [24:20]
  Optimizing cells in module \datapath_pipelined.
    Consolidated identical input bits for $mux cell $memory\imem.instructions$rdmux[0][4][8]$146007:
      Old ports: A=$memory\imem.instructions$rdmux[0][4][8]$a$146008, B=$memory\imem.instructions$rdmux[0][4][8]$b$146009, Y=$memory\imem.instructions$rdmux[0][3][4]$a$145972
      New ports: A={ 4'0010 $memory\imem.instructions$rdmux[0][4][8]$a$146008 [2] $memory\imem.instructions$rdmux[0][4][8]$a$146008 [2] $memory\imem.instructions$rdmux[0][4][8]$a$146008 [0] }, B={ 1'1 $memory\imem.instructions$rdmux[0][4][8]$b$146009 [5] 1'0 $memory\imem.instructions$rdmux[0][4][8]$b$146009 [18] $memory\imem.instructions$rdmux[0][4][8]$b$146009 [5] 2'10 }, Y={ $memory\imem.instructions$rdmux[0][3][4]$a$145972 [27] $memory\imem.instructions$rdmux[0][3][4]$a$145972 [24] $memory\imem.instructions$rdmux[0][3][4]$a$145972 [20] $memory\imem.instructions$rdmux[0][3][4]$a$145972 [18] $memory\imem.instructions$rdmux[0][3][4]$a$145972 [5] $memory\imem.instructions$rdmux[0][3][4]$a$145972 [2] $memory\imem.instructions$rdmux[0][3][4]$a$145972 [0] }
      New connections: { $memory\imem.instructions$rdmux[0][3][4]$a$145972 [29:28] $memory\imem.instructions$rdmux[0][3][4]$a$145972 [26:25] $memory\imem.instructions$rdmux[0][3][4]$a$145972 [23:21] $memory\imem.instructions$rdmux[0][3][4]$a$145972 [19] $memory\imem.instructions$rdmux[0][3][4]$a$145972 [17:6] $memory\imem.instructions$rdmux[0][3][4]$a$145972 [4:3] $memory\imem.instructions$rdmux[0][3][4]$a$145972 [1] } = { 2'00 $memory\imem.instructions$rdmux[0][3][4]$a$145972 [2] $memory\imem.instructions$rdmux[0][3][4]$a$145972 [20] $memory\imem.instructions$rdmux[0][3][4]$a$145972 [5] $memory\imem.instructions$rdmux[0][3][4]$a$145972 [5] 2'10 $memory\imem.instructions$rdmux[0][3][4]$a$145972 [2] $memory\imem.instructions$rdmux[0][3][4]$a$145972 [2] $memory\imem.instructions$rdmux[0][3][4]$a$145972 [2] $memory\imem.instructions$rdmux[0][3][4]$a$145972 [2] $memory\imem.instructions$rdmux[0][3][4]$a$145972 [5] 5'00011 $memory\imem.instructions$rdmux[0][3][4]$a$145972 [2] 1'1 $memory\imem.instructions$rdmux[0][3][4]$a$145972 [0] $memory\imem.instructions$rdmux[0][3][4]$a$145972 [0] 1'0 }
    Consolidated identical input bits for $mux cell $memory\imem.instructions$rdmux[0][4][7]$146004:
      Old ports: A=$memory\imem.instructions$rdmux[0][4][7]$a$146005, B=$memory\imem.instructions$rdmux[0][4][7]$b$146006, Y=$memory\imem.instructions$rdmux[0][3][3]$b$145970
      New ports: A={ 2'00 $memory\imem.instructions$rdmux[0][4][7]$a$146005 [3] 1'1 $memory\imem.instructions$rdmux[0][4][7]$a$146005 [8] $memory\imem.instructions$rdmux[0][4][7]$a$146005 [3] $memory\imem.instructions$rdmux[0][4][7]$a$146005 [3] 3'101 }, B={ 1'1 $memory\imem.instructions$rdmux[0][4][7]$b$146006 [2] 3'001 $memory\imem.instructions$rdmux[0][4][7]$b$146006 [2] $memory\imem.instructions$rdmux[0][4][7]$b$146006 [0] $memory\imem.instructions$rdmux[0][4][7]$b$146006 [2] $memory\imem.instructions$rdmux[0][4][7]$b$146006 [0] $memory\imem.instructions$rdmux[0][4][7]$b$146006 [0] }, Y={ $memory\imem.instructions$rdmux[0][3][3]$b$145970 [21] $memory\imem.instructions$rdmux[0][3][3]$b$145970 [14] $memory\imem.instructions$rdmux[0][3][3]$b$145970 [12] $memory\imem.instructions$rdmux[0][3][3]$b$145970 [10] $memory\imem.instructions$rdmux[0][3][3]$b$145970 [8] $memory\imem.instructions$rdmux[0][3][3]$b$145970 [6] $memory\imem.instructions$rdmux[0][3][3]$b$145970 [3:0] }
      New connections: { $memory\imem.instructions$rdmux[0][3][3]$b$145970 [29:22] $memory\imem.instructions$rdmux[0][3][3]$b$145970 [20:15] $memory\imem.instructions$rdmux[0][3][3]$b$145970 [13] $memory\imem.instructions$rdmux[0][3][3]$b$145970 [11] $memory\imem.instructions$rdmux[0][3][3]$b$145970 [9] $memory\imem.instructions$rdmux[0][3][3]$b$145970 [7] $memory\imem.instructions$rdmux[0][3][3]$b$145970 [5:4] } = { 3'000 $memory\imem.instructions$rdmux[0][3][3]$b$145970 [6] 1'0 $memory\imem.instructions$rdmux[0][3][3]$b$145970 [14] $memory\imem.instructions$rdmux[0][3][3]$b$145970 [12] 1'0 $memory\imem.instructions$rdmux[0][3][3]$b$145970 [14] $memory\imem.instructions$rdmux[0][3][3]$b$145970 [12] $memory\imem.instructions$rdmux[0][3][3]$b$145970 [6] $memory\imem.instructions$rdmux[0][3][3]$b$145970 [14] $memory\imem.instructions$rdmux[0][3][3]$b$145970 [6] $memory\imem.instructions$rdmux[0][3][3]$b$145970 [14] 3'001 $memory\imem.instructions$rdmux[0][3][3]$b$145970 [6] $memory\imem.instructions$rdmux[0][3][3]$b$145970 [3] $memory\imem.instructions$rdmux[0][3][3]$b$145970 [1] }
    Consolidated identical input bits for $mux cell $memory\imem.instructions$rdmux[0][4][6]$146001:
      Old ports: A=$memory\imem.instructions$rdmux[0][4][6]$a$146002, B=$memory\imem.instructions$rdmux[0][4][6]$b$146003, Y=$memory\imem.instructions$rdmux[0][3][3]$a$145969
      New ports: A={ $memory\imem.instructions$rdmux[0][4][6]$a$146002 [2] 4'0100 $memory\imem.instructions$rdmux[0][4][6]$a$146002 [2] $memory\imem.instructions$rdmux[0][4][6]$a$146002 [2] $memory\imem.instructions$rdmux[0][4][6]$a$146002 [3:2] }, B={ $memory\imem.instructions$rdmux[0][4][6]$b$146003 [15] $memory\imem.instructions$rdmux[0][4][6]$b$146003 [5] $memory\imem.instructions$rdmux[0][4][6]$b$146003 [15] $memory\imem.instructions$rdmux[0][4][6]$b$146003 [15] 2'10 $memory\imem.instructions$rdmux[0][4][6]$b$146003 [5] 2'01 }, Y={ $memory\imem.instructions$rdmux[0][3][3]$a$145969 [23:22] $memory\imem.instructions$rdmux[0][3][3]$a$145969 [18] $memory\imem.instructions$rdmux[0][3][3]$a$145969 [15] $memory\imem.instructions$rdmux[0][3][3]$a$145969 [7:5] $memory\imem.instructions$rdmux[0][3][3]$a$145969 [3:2] }
      New connections: { $memory\imem.instructions$rdmux[0][3][3]$a$145969 [29:24] $memory\imem.instructions$rdmux[0][3][3]$a$145969 [21:19] $memory\imem.instructions$rdmux[0][3][3]$a$145969 [17:16] $memory\imem.instructions$rdmux[0][3][3]$a$145969 [14:8] $memory\imem.instructions$rdmux[0][3][3]$a$145969 [4] $memory\imem.instructions$rdmux[0][3][3]$a$145969 [1:0] } = { 2'00 $memory\imem.instructions$rdmux[0][3][3]$a$145969 [15] $memory\imem.instructions$rdmux[0][3][3]$a$145969 [15] $memory\imem.instructions$rdmux[0][3][3]$a$145969 [7] $memory\imem.instructions$rdmux[0][3][3]$a$145969 [2] $memory\imem.instructions$rdmux[0][3][3]$a$145969 [5] $memory\imem.instructions$rdmux[0][3][3]$a$145969 [2] $memory\imem.instructions$rdmux[0][3][3]$a$145969 [2] $memory\imem.instructions$rdmux[0][3][3]$a$145969 [15] $memory\imem.instructions$rdmux[0][3][3]$a$145969 [15] 1'0 $memory\imem.instructions$rdmux[0][3][3]$a$145969 [3] 3'000 $memory\imem.instructions$rdmux[0][3][3]$a$145969 [2] 1'1 $memory\imem.instructions$rdmux[0][3][3]$a$145969 [3] 2'00 }
    Consolidated identical input bits for $mux cell $memory\imem.instructions$rdmux[0][4][5]$145998:
      Old ports: A=$memory\imem.instructions$rdmux[0][4][5]$a$145999, B=$memory\imem.instructions$rdmux[0][4][5]$b$146000, Y=$memory\imem.instructions$rdmux[0][3][2]$b$145967
      New ports: A={ 1'1 $memory\imem.instructions$rdmux[0][4][5]$a$145999 [2] $memory\imem.instructions$rdmux[0][4][5]$a$145999 [3:2] 2'00 $memory\imem.instructions$rdmux[0][4][5]$a$145999 [3:2] }, B={ 1'0 $memory\imem.instructions$rdmux[0][4][5]$b$146000 [3] $memory\imem.instructions$rdmux[0][4][5]$b$146000 [6] $memory\imem.instructions$rdmux[0][4][5]$b$146000 [6] $memory\imem.instructions$rdmux[0][4][5]$b$146000 [6] $memory\imem.instructions$rdmux[0][4][5]$b$146000 [3] $memory\imem.instructions$rdmux[0][4][5]$b$146000 [3] 1'0 }, Y={ $memory\imem.instructions$rdmux[0][3][2]$b$145967 [18] $memory\imem.instructions$rdmux[0][3][2]$b$145967 [13] $memory\imem.instructions$rdmux[0][3][2]$b$145967 [11] $memory\imem.instructions$rdmux[0][3][2]$b$145967 [7:6] $memory\imem.instructions$rdmux[0][3][2]$b$145967 [4:2] }
      New connections: { $memory\imem.instructions$rdmux[0][3][2]$b$145967 [29:19] $memory\imem.instructions$rdmux[0][3][2]$b$145967 [17:14] $memory\imem.instructions$rdmux[0][3][2]$b$145967 [12] $memory\imem.instructions$rdmux[0][3][2]$b$145967 [10:8] $memory\imem.instructions$rdmux[0][3][2]$b$145967 [5] $memory\imem.instructions$rdmux[0][3][2]$b$145967 [1:0] } = { 1'0 $memory\imem.instructions$rdmux[0][3][2]$b$145967 [2] 8'00000000 $memory\imem.instructions$rdmux[0][3][2]$b$145967 [4] 1'0 $memory\imem.instructions$rdmux[0][3][2]$b$145967 [2] $memory\imem.instructions$rdmux[0][3][2]$b$145967 [2] 1'0 $memory\imem.instructions$rdmux[0][3][2]$b$145967 [2] $memory\imem.instructions$rdmux[0][3][2]$b$145967 [2] $memory\imem.instructions$rdmux[0][3][2]$b$145967 [7] $memory\imem.instructions$rdmux[0][3][2]$b$145967 [4] $memory\imem.instructions$rdmux[0][3][2]$b$145967 [2] 2'00 }
    Consolidated identical input bits for $mux cell $memory\imem.instructions$rdmux[0][4][4]$145995:
      Old ports: A=$memory\imem.instructions$rdmux[0][4][4]$a$145996, B=$memory\imem.instructions$rdmux[0][4][4]$b$145997, Y=$memory\imem.instructions$rdmux[0][3][2]$a$145966
      New ports: A={ 1'1 $memory\imem.instructions$rdmux[0][4][4]$a$145996 [5] $memory\imem.instructions$rdmux[0][4][4]$a$145996 [5] $memory\imem.instructions$rdmux[0][4][4]$a$145996 [6] 2'00 $memory\imem.instructions$rdmux[0][4][4]$a$145996 [6:5] }, B={ $memory\imem.instructions$rdmux[0][4][4]$b$145997 [7] 1'1 $memory\imem.instructions$rdmux[0][4][4]$b$145997 [7] 2'01 $memory\imem.instructions$rdmux[0][4][4]$b$145997 [7] $memory\imem.instructions$rdmux[0][4][4]$b$145997 [5] $memory\imem.instructions$rdmux[0][4][4]$b$145997 [5] }, Y={ $memory\imem.instructions$rdmux[0][3][2]$a$145966 [18] $memory\imem.instructions$rdmux[0][3][2]$a$145966 [13:10] $memory\imem.instructions$rdmux[0][3][2]$a$145966 [7:5] }
      New connections: { $memory\imem.instructions$rdmux[0][3][2]$a$145966 [29:19] $memory\imem.instructions$rdmux[0][3][2]$a$145966 [17:14] $memory\imem.instructions$rdmux[0][3][2]$a$145966 [9:8] $memory\imem.instructions$rdmux[0][3][2]$a$145966 [4:0] } = { 9'000000000 $memory\imem.instructions$rdmux[0][3][2]$a$145966 [11] $memory\imem.instructions$rdmux[0][3][2]$a$145966 [5] 3'000 $memory\imem.instructions$rdmux[0][3][2]$a$145966 [11] 7'1000100 }
    Consolidated identical input bits for $mux cell $memory\imem.instructions$rdmux[0][4][3]$145992:
      Old ports: A=$memory\imem.instructions$rdmux[0][4][3]$a$145993, B=$memory\imem.instructions$rdmux[0][4][3]$b$145994, Y=$memory\imem.instructions$rdmux[0][3][1]$b$145964
      New ports: A={ $memory\imem.instructions$rdmux[0][4][3]$a$145993 [5] 2'10 $memory\imem.instructions$rdmux[0][4][3]$a$145993 [3] 3'001 $memory\imem.instructions$rdmux[0][4][3]$a$145993 [3] $memory\imem.instructions$rdmux[0][4][3]$a$145993 [5] $memory\imem.instructions$rdmux[0][4][3]$a$145993 [3] }, B={ 2'00 $memory\imem.instructions$rdmux[0][4][3]$b$145994 [5] 2'11 $memory\imem.instructions$rdmux[0][4][3]$b$145994 [9] $memory\imem.instructions$rdmux[0][4][3]$b$145994 [5] $memory\imem.instructions$rdmux[0][4][3]$b$145994 [5] $memory\imem.instructions$rdmux[0][4][3]$b$145994 [5] 1'0 }, Y={ $memory\imem.instructions$rdmux[0][3][1]$b$145964 [22:21] $memory\imem.instructions$rdmux[0][3][1]$b$145964 [18] $memory\imem.instructions$rdmux[0][3][1]$b$145964 [12:11] $memory\imem.instructions$rdmux[0][3][1]$b$145964 [9] $memory\imem.instructions$rdmux[0][3][1]$b$145964 [7:5] $memory\imem.instructions$rdmux[0][3][1]$b$145964 [3] }
      New connections: { $memory\imem.instructions$rdmux[0][3][1]$b$145964 [29:23] $memory\imem.instructions$rdmux[0][3][1]$b$145964 [20:19] $memory\imem.instructions$rdmux[0][3][1]$b$145964 [17:13] $memory\imem.instructions$rdmux[0][3][1]$b$145964 [10] $memory\imem.instructions$rdmux[0][3][1]$b$145964 [8] $memory\imem.instructions$rdmux[0][3][1]$b$145964 [4] $memory\imem.instructions$rdmux[0][3][1]$b$145964 [2:0] } = { $memory\imem.instructions$rdmux[0][3][1]$b$145964 [22:21] $memory\imem.instructions$rdmux[0][3][1]$b$145964 [22] $memory\imem.instructions$rdmux[0][3][1]$b$145964 [22] $memory\imem.instructions$rdmux[0][3][1]$b$145964 [22] $memory\imem.instructions$rdmux[0][3][1]$b$145964 [22] $memory\imem.instructions$rdmux[0][3][1]$b$145964 [22] 1'0 $memory\imem.instructions$rdmux[0][3][1]$b$145964 [12] 1'0 $memory\imem.instructions$rdmux[0][3][1]$b$145964 [3] $memory\imem.instructions$rdmux[0][3][1]$b$145964 [3] 1'0 $memory\imem.instructions$rdmux[0][3][1]$b$145964 [12] $memory\imem.instructions$rdmux[0][3][1]$b$145964 [6] $memory\imem.instructions$rdmux[0][3][1]$b$145964 [7] 4'0100 }
    Consolidated identical input bits for $mux cell $memory\imem.instructions$rdmux[0][4][2]$145989:
      Old ports: A=$memory\imem.instructions$rdmux[0][4][2]$a$145990, B=$memory\imem.instructions$rdmux[0][4][2]$b$145991, Y=$memory\imem.instructions$rdmux[0][3][1]$a$145963
      New ports: A={ $memory\imem.instructions$rdmux[0][4][2]$a$145990 [3] 2'00 $memory\imem.instructions$rdmux[0][4][2]$a$145990 [6] $memory\imem.instructions$rdmux[0][4][2]$a$145990 [3] $memory\imem.instructions$rdmux[0][4][2]$a$145990 [3] }, B={ 2'01 $memory\imem.instructions$rdmux[0][4][2]$b$145991 [7] $memory\imem.instructions$rdmux[0][4][2]$b$145991 [5] $memory\imem.instructions$rdmux[0][4][2]$b$145991 [5] 1'1 }, Y={ $memory\imem.instructions$rdmux[0][3][1]$a$145963 [11:10] $memory\imem.instructions$rdmux[0][3][1]$a$145963 [7:5] $memory\imem.instructions$rdmux[0][3][1]$a$145963 [3] }
      New connections: { $memory\imem.instructions$rdmux[0][3][1]$a$145963 [29:12] $memory\imem.instructions$rdmux[0][3][1]$a$145963 [9:8] $memory\imem.instructions$rdmux[0][3][1]$a$145963 [4] $memory\imem.instructions$rdmux[0][3][1]$a$145963 [2:0] } = { 8'00000000 $memory\imem.instructions$rdmux[0][3][1]$a$145963 [10] 7'0100000 $memory\imem.instructions$rdmux[0][3][1]$a$145963 [3] $memory\imem.instructions$rdmux[0][3][1]$a$145963 [7] 6'010100 }
    Consolidated identical input bits for $mux cell $memory\imem.instructions$rdmux[0][4][1]$145986:
      Old ports: A=$memory\imem.instructions$rdmux[0][4][1]$a$145987, B=$memory\imem.instructions$rdmux[0][4][1]$b$145988, Y=$memory\imem.instructions$rdmux[0][3][0]$b$145961
      New ports: A={ 1'1 $memory\imem.instructions$rdmux[0][4][1]$a$145987 [5] 2'01 $memory\imem.instructions$rdmux[0][4][1]$a$145987 [6:5] }, B={ $memory\imem.instructions$rdmux[0][4][1]$b$145988 [8] 1'0 $memory\imem.instructions$rdmux[0][4][1]$b$145988 [8] $memory\imem.instructions$rdmux[0][4][1]$b$145988 [5] $memory\imem.instructions$rdmux[0][4][1]$b$145988 [5] $memory\imem.instructions$rdmux[0][4][1]$b$145988 [5] }, Y={ $memory\imem.instructions$rdmux[0][3][0]$b$145961 [11:10] $memory\imem.instructions$rdmux[0][3][0]$b$145961 [8:5] }
      New connections: { $memory\imem.instructions$rdmux[0][3][0]$b$145961 [29:12] $memory\imem.instructions$rdmux[0][3][0]$b$145961 [9] $memory\imem.instructions$rdmux[0][3][0]$b$145961 [4:0] } = { 10'0000000000 $memory\imem.instructions$rdmux[0][3][0]$b$145961 [7] $memory\imem.instructions$rdmux[0][3][0]$b$145961 [8] 3'000 $memory\imem.instructions$rdmux[0][3][0]$b$145961 [8:7] $memory\imem.instructions$rdmux[0][3][0]$b$145961 [7] 6'001100 }
    Consolidated identical input bits for $mux cell $memory\imem.instructions$rdmux[0][4][0]$145983:
      Old ports: A=$memory\imem.instructions$rdmux[0][4][0]$a$145984, B=$memory\imem.instructions$rdmux[0][4][0]$b$145985, Y=$memory\imem.instructions$rdmux[0][3][0]$a$145960
      New ports: A={ $memory\imem.instructions$rdmux[0][4][0]$a$145984 [5] $memory\imem.instructions$rdmux[0][4][0]$a$145984 [6] 2'10 $memory\imem.instructions$rdmux[0][4][0]$a$145984 [6:5] 1'0 }, B={ 3'010 $memory\imem.instructions$rdmux[0][4][0]$b$145985 [7] $memory\imem.instructions$rdmux[0][4][0]$b$145985 [5] $memory\imem.instructions$rdmux[0][4][0]$b$145985 [5] 1'1 }, Y={ $memory\imem.instructions$rdmux[0][3][0]$a$145960 [20:18] $memory\imem.instructions$rdmux[0][3][0]$a$145960 [7:5] $memory\imem.instructions$rdmux[0][3][0]$a$145960 [3] }
      New connections: { $memory\imem.instructions$rdmux[0][3][0]$a$145960 [29:21] $memory\imem.instructions$rdmux[0][3][0]$a$145960 [17:8] $memory\imem.instructions$rdmux[0][3][0]$a$145960 [4] $memory\imem.instructions$rdmux[0][3][0]$a$145960 [2:0] } = { 1'0 $memory\imem.instructions$rdmux[0][3][0]$a$145960 [7] 11'00000000000 $memory\imem.instructions$rdmux[0][3][0]$a$145960 [3] 9'000000100 }
  Optimizing cells in module \datapath_pipelined.
    Consolidated identical input bits for $mux cell $memory\imem.instructions$rdmux[0][3][4]$145971:
      Old ports: A=$memory\imem.instructions$rdmux[0][3][4]$a$145972, B=30'x, Y=$memory\imem.instructions$rdmux[0][2][2]$a$145954
      New ports: A={ $memory\imem.instructions$rdmux[0][3][4]$a$145972 [27] $memory\imem.instructions$rdmux[0][3][4]$a$145972 [24] $memory\imem.instructions$rdmux[0][3][4]$a$145972 [20] $memory\imem.instructions$rdmux[0][3][4]$a$145972 [18] 1'1 $memory\imem.instructions$rdmux[0][3][4]$a$145972 [5] $memory\imem.instructions$rdmux[0][3][4]$a$145972 [2] 1'0 $memory\imem.instructions$rdmux[0][3][4]$a$145972 [0] }, B=9'x, Y={ $memory\imem.instructions$rdmux[0][2][2]$a$145954 [27] $memory\imem.instructions$rdmux[0][2][2]$a$145954 [24] $memory\imem.instructions$rdmux[0][2][2]$a$145954 [20] $memory\imem.instructions$rdmux[0][2][2]$a$145954 [18] $memory\imem.instructions$rdmux[0][2][2]$a$145954 [6:5] $memory\imem.instructions$rdmux[0][2][2]$a$145954 [2:0] }
      New connections: { $memory\imem.instructions$rdmux[0][2][2]$a$145954 [29:28] $memory\imem.instructions$rdmux[0][2][2]$a$145954 [26:25] $memory\imem.instructions$rdmux[0][2][2]$a$145954 [23:21] $memory\imem.instructions$rdmux[0][2][2]$a$145954 [19] $memory\imem.instructions$rdmux[0][2][2]$a$145954 [17:7] $memory\imem.instructions$rdmux[0][2][2]$a$145954 [4:3] } = { $memory\imem.instructions$rdmux[0][2][2]$a$145954 [1] $memory\imem.instructions$rdmux[0][2][2]$a$145954 [1] $memory\imem.instructions$rdmux[0][2][2]$a$145954 [2] $memory\imem.instructions$rdmux[0][2][2]$a$145954 [20] $memory\imem.instructions$rdmux[0][2][2]$a$145954 [5] $memory\imem.instructions$rdmux[0][2][2]$a$145954 [5] $memory\imem.instructions$rdmux[0][2][2]$a$145954 [6] $memory\imem.instructions$rdmux[0][2][2]$a$145954 [1] $memory\imem.instructions$rdmux[0][2][2]$a$145954 [2] $memory\imem.instructions$rdmux[0][2][2]$a$145954 [2] $memory\imem.instructions$rdmux[0][2][2]$a$145954 [2] $memory\imem.instructions$rdmux[0][2][2]$a$145954 [2] $memory\imem.instructions$rdmux[0][2][2]$a$145954 [5] $memory\imem.instructions$rdmux[0][2][2]$a$145954 [1] $memory\imem.instructions$rdmux[0][2][2]$a$145954 [1] $memory\imem.instructions$rdmux[0][2][2]$a$145954 [1] $memory\imem.instructions$rdmux[0][2][2]$a$145954 [6] $memory\imem.instructions$rdmux[0][2][2]$a$145954 [6] $memory\imem.instructions$rdmux[0][2][2]$a$145954 [2] $memory\imem.instructions$rdmux[0][2][2]$a$145954 [0] $memory\imem.instructions$rdmux[0][2][2]$a$145954 [0] }
    Consolidated identical input bits for $mux cell $memory\imem.instructions$rdmux[0][3][3]$145968:
      Old ports: A=$memory\imem.instructions$rdmux[0][3][3]$a$145969, B=$memory\imem.instructions$rdmux[0][3][3]$b$145970, Y=$memory\imem.instructions$rdmux[0][2][1]$b$145952
      New ports: A={ $memory\imem.instructions$rdmux[0][3][3]$a$145969 [15] $memory\imem.instructions$rdmux[0][3][3]$a$145969 [7] $memory\imem.instructions$rdmux[0][3][3]$a$145969 [23:22] $memory\imem.instructions$rdmux[0][3][3]$a$145969 [5] $memory\imem.instructions$rdmux[0][3][3]$a$145969 [2] $memory\imem.instructions$rdmux[0][3][3]$a$145969 [2] $memory\imem.instructions$rdmux[0][3][3]$a$145969 [18] $memory\imem.instructions$rdmux[0][3][3]$a$145969 [15] $memory\imem.instructions$rdmux[0][3][3]$a$145969 [15] 1'0 $memory\imem.instructions$rdmux[0][3][3]$a$145969 [3] 2'00 $memory\imem.instructions$rdmux[0][3][3]$a$145969 [2] 1'1 $memory\imem.instructions$rdmux[0][3][3]$a$145969 [7:5] $memory\imem.instructions$rdmux[0][3][3]$a$145969 [3] $memory\imem.instructions$rdmux[0][3][3]$a$145969 [3:2] 2'00 }, B={ 2'00 $memory\imem.instructions$rdmux[0][3][3]$b$145970 [12] 1'0 $memory\imem.instructions$rdmux[0][3][3]$b$145970 [21] $memory\imem.instructions$rdmux[0][3][3]$b$145970 [14] $memory\imem.instructions$rdmux[0][3][3]$b$145970 [12] $memory\imem.instructions$rdmux[0][3][3]$b$145970 [6] $memory\imem.instructions$rdmux[0][3][3]$b$145970 [6] $memory\imem.instructions$rdmux[0][3][3]$b$145970 [14] $memory\imem.instructions$rdmux[0][3][3]$b$145970 [14] 1'0 $memory\imem.instructions$rdmux[0][3][3]$b$145970 [12] $memory\imem.instructions$rdmux[0][3][3]$b$145970 [10] 1'1 $memory\imem.instructions$rdmux[0][3][3]$b$145970 [8] $memory\imem.instructions$rdmux[0][3][3]$b$145970 [6] $memory\imem.instructions$rdmux[0][3][3]$b$145970 [6] $memory\imem.instructions$rdmux[0][3][3]$b$145970 [3] $memory\imem.instructions$rdmux[0][3][3]$b$145970 [1] $memory\imem.instructions$rdmux[0][3][3]$b$145970 [3:0] }, Y={ $memory\imem.instructions$rdmux[0][2][1]$b$145952 [27] $memory\imem.instructions$rdmux[0][2][1]$b$145952 [25] $memory\imem.instructions$rdmux[0][2][1]$b$145952 [23:18] $memory\imem.instructions$rdmux[0][2][1]$b$145952 [16:12] $memory\imem.instructions$rdmux[0][2][1]$b$145952 [10:0] }
      New connections: { $memory\imem.instructions$rdmux[0][2][1]$b$145952 [29:28] $memory\imem.instructions$rdmux[0][2][1]$b$145952 [26] $memory\imem.instructions$rdmux[0][2][1]$b$145952 [24] $memory\imem.instructions$rdmux[0][2][1]$b$145952 [17] $memory\imem.instructions$rdmux[0][2][1]$b$145952 [11] } = { 2'00 $memory\imem.instructions$rdmux[0][2][1]$b$145952 [16] $memory\imem.instructions$rdmux[0][2][1]$b$145952 [20] $memory\imem.instructions$rdmux[0][2][1]$b$145952 [15] 1'0 }
    Consolidated identical input bits for $mux cell $memory\imem.instructions$rdmux[0][3][2]$145965:
      Old ports: A=$memory\imem.instructions$rdmux[0][3][2]$a$145966, B=$memory\imem.instructions$rdmux[0][3][2]$b$145967, Y=$memory\imem.instructions$rdmux[0][2][1]$a$145951
      New ports: A={ $memory\imem.instructions$rdmux[0][3][2]$a$145966 [5] $memory\imem.instructions$rdmux[0][3][2]$a$145966 [18] 1'0 $memory\imem.instructions$rdmux[0][3][2]$a$145966 [11] $memory\imem.instructions$rdmux[0][3][2]$a$145966 [13:10] 1'1 $memory\imem.instructions$rdmux[0][3][2]$a$145966 [7:5] 3'001 }, B={ $memory\imem.instructions$rdmux[0][3][2]$b$145967 [4] $memory\imem.instructions$rdmux[0][3][2]$b$145967 [18] $memory\imem.instructions$rdmux[0][3][2]$b$145967 [2] 1'0 $memory\imem.instructions$rdmux[0][3][2]$b$145967 [13] $memory\imem.instructions$rdmux[0][3][2]$b$145967 [2] $memory\imem.instructions$rdmux[0][3][2]$b$145967 [11] $memory\imem.instructions$rdmux[0][3][2]$b$145967 [2] $memory\imem.instructions$rdmux[0][3][2]$b$145967 [7] $memory\imem.instructions$rdmux[0][3][2]$b$145967 [7:6] $memory\imem.instructions$rdmux[0][3][2]$b$145967 [2] $memory\imem.instructions$rdmux[0][3][2]$b$145967 [4:2] }, Y={ $memory\imem.instructions$rdmux[0][2][1]$a$145951 [19:18] $memory\imem.instructions$rdmux[0][2][1]$a$145951 [15:9] $memory\imem.instructions$rdmux[0][2][1]$a$145951 [7:2] }
      New connections: { $memory\imem.instructions$rdmux[0][2][1]$a$145951 [29:20] $memory\imem.instructions$rdmux[0][2][1]$a$145951 [17:16] $memory\imem.instructions$rdmux[0][2][1]$a$145951 [8] $memory\imem.instructions$rdmux[0][2][1]$a$145951 [1:0] } = { 1'0 $memory\imem.instructions$rdmux[0][2][1]$a$145951 [15] 7'0000000 $memory\imem.instructions$rdmux[0][2][1]$a$145951 [14] 1'0 $memory\imem.instructions$rdmux[0][2][1]$a$145951 [15] $memory\imem.instructions$rdmux[0][2][1]$a$145951 [4] 2'00 }
    Consolidated identical input bits for $mux cell $memory\imem.instructions$rdmux[0][3][1]$145962:
      Old ports: A=$memory\imem.instructions$rdmux[0][3][1]$a$145963, B=$memory\imem.instructions$rdmux[0][3][1]$b$145964, Y=$memory\imem.instructions$rdmux[0][2][0]$b$145949
      New ports: A={ 2'00 $memory\imem.instructions$rdmux[0][3][1]$a$145963 [10] 3'100 $memory\imem.instructions$rdmux[0][3][1]$a$145963 [3] $memory\imem.instructions$rdmux[0][3][1]$a$145963 [7] $memory\imem.instructions$rdmux[0][3][1]$a$145963 [11:10] 2'01 $memory\imem.instructions$rdmux[0][3][1]$a$145963 [7:5] $memory\imem.instructions$rdmux[0][3][1]$a$145963 [3] }, B={ $memory\imem.instructions$rdmux[0][3][1]$b$145964 [21] $memory\imem.instructions$rdmux[0][3][1]$b$145964 [22:21] $memory\imem.instructions$rdmux[0][3][1]$b$145964 [12] $memory\imem.instructions$rdmux[0][3][1]$b$145964 [18] $memory\imem.instructions$rdmux[0][3][1]$b$145964 [3] $memory\imem.instructions$rdmux[0][3][1]$b$145964 [12] $memory\imem.instructions$rdmux[0][3][1]$b$145964 [12:11] $memory\imem.instructions$rdmux[0][3][1]$b$145964 [6] $memory\imem.instructions$rdmux[0][3][1]$b$145964 [9] $memory\imem.instructions$rdmux[0][3][1]$b$145964 [7] $memory\imem.instructions$rdmux[0][3][1]$b$145964 [7:5] $memory\imem.instructions$rdmux[0][3][1]$b$145964 [3] }, Y={ $memory\imem.instructions$rdmux[0][2][0]$b$145949 [28] $memory\imem.instructions$rdmux[0][2][0]$b$145949 [22:21] $memory\imem.instructions$rdmux[0][2][0]$b$145949 [19:18] $memory\imem.instructions$rdmux[0][2][0]$b$145949 [15] $memory\imem.instructions$rdmux[0][2][0]$b$145949 [13:5] $memory\imem.instructions$rdmux[0][2][0]$b$145949 [3] }
      New connections: { $memory\imem.instructions$rdmux[0][2][0]$b$145949 [29] $memory\imem.instructions$rdmux[0][2][0]$b$145949 [27:23] $memory\imem.instructions$rdmux[0][2][0]$b$145949 [20] $memory\imem.instructions$rdmux[0][2][0]$b$145949 [17:16] $memory\imem.instructions$rdmux[0][2][0]$b$145949 [14] $memory\imem.instructions$rdmux[0][2][0]$b$145949 [4] $memory\imem.instructions$rdmux[0][2][0]$b$145949 [2:0] } = { $memory\imem.instructions$rdmux[0][2][0]$b$145949 [22] $memory\imem.instructions$rdmux[0][2][0]$b$145949 [22] $memory\imem.instructions$rdmux[0][2][0]$b$145949 [22] $memory\imem.instructions$rdmux[0][2][0]$b$145949 [22] $memory\imem.instructions$rdmux[0][2][0]$b$145949 [22] $memory\imem.instructions$rdmux[0][2][0]$b$145949 [22] 2'00 $memory\imem.instructions$rdmux[0][2][0]$b$145949 [15] 5'00100 }
    Consolidated identical input bits for $mux cell $memory\imem.instructions$rdmux[0][3][0]$145959:
      Old ports: A=$memory\imem.instructions$rdmux[0][3][0]$a$145960, B=$memory\imem.instructions$rdmux[0][3][0]$b$145961, Y=$memory\imem.instructions$rdmux[0][2][0]$a$145948
      New ports: A={ $memory\imem.instructions$rdmux[0][3][0]$a$145960 [7] $memory\imem.instructions$rdmux[0][3][0]$a$145960 [20:18] $memory\imem.instructions$rdmux[0][3][0]$a$145960 [3] 4'0000 $memory\imem.instructions$rdmux[0][3][0]$a$145960 [7:5] $memory\imem.instructions$rdmux[0][3][0]$a$145960 [3] }, B={ 2'00 $memory\imem.instructions$rdmux[0][3][0]$b$145961 [7] $memory\imem.instructions$rdmux[0][3][0]$b$145961 [8:7] $memory\imem.instructions$rdmux[0][3][0]$b$145961 [7] $memory\imem.instructions$rdmux[0][3][0]$b$145961 [11:10] $memory\imem.instructions$rdmux[0][3][0]$b$145961 [8:5] 1'1 }, Y={ $memory\imem.instructions$rdmux[0][2][0]$a$145948 [28] $memory\imem.instructions$rdmux[0][2][0]$a$145948 [20:18] $memory\imem.instructions$rdmux[0][2][0]$a$145948 [13:10] $memory\imem.instructions$rdmux[0][2][0]$a$145948 [8:5] $memory\imem.instructions$rdmux[0][2][0]$a$145948 [3] }
      New connections: { $memory\imem.instructions$rdmux[0][2][0]$a$145948 [29] $memory\imem.instructions$rdmux[0][2][0]$a$145948 [27:21] $memory\imem.instructions$rdmux[0][2][0]$a$145948 [17:14] $memory\imem.instructions$rdmux[0][2][0]$a$145948 [9] $memory\imem.instructions$rdmux[0][2][0]$a$145948 [4] $memory\imem.instructions$rdmux[0][2][0]$a$145948 [2:0] } = { 11'00000000000 $memory\imem.instructions$rdmux[0][2][0]$a$145948 [8] 5'00100 }
  Optimizing cells in module \datapath_pipelined.
    Consolidated identical input bits for $mux cell $memory\imem.instructions$rdmux[0][2][2]$145953:
      Old ports: A=$memory\imem.instructions$rdmux[0][2][2]$a$145954, B=30'x, Y=$memory\imem.instructions$rdmux[0][1][1]$a$145945
      New ports: A={ $memory\imem.instructions$rdmux[0][2][2]$a$145954 [27] $memory\imem.instructions$rdmux[0][2][2]$a$145954 [24] $memory\imem.instructions$rdmux[0][2][2]$a$145954 [20] $memory\imem.instructions$rdmux[0][2][2]$a$145954 [18] $memory\imem.instructions$rdmux[0][2][2]$a$145954 [6:5] $memory\imem.instructions$rdmux[0][2][2]$a$145954 [2:0] }, B=9'x, Y={ $memory\imem.instructions$rdmux[0][1][1]$a$145945 [27] $memory\imem.instructions$rdmux[0][1][1]$a$145945 [24] $memory\imem.instructions$rdmux[0][1][1]$a$145945 [20] $memory\imem.instructions$rdmux[0][1][1]$a$145945 [18] $memory\imem.instructions$rdmux[0][1][1]$a$145945 [6:5] $memory\imem.instructions$rdmux[0][1][1]$a$145945 [2:0] }
      New connections: { $memory\imem.instructions$rdmux[0][1][1]$a$145945 [29:28] $memory\imem.instructions$rdmux[0][1][1]$a$145945 [26:25] $memory\imem.instructions$rdmux[0][1][1]$a$145945 [23:21] $memory\imem.instructions$rdmux[0][1][1]$a$145945 [19] $memory\imem.instructions$rdmux[0][1][1]$a$145945 [17:7] $memory\imem.instructions$rdmux[0][1][1]$a$145945 [4:3] } = { $memory\imem.instructions$rdmux[0][1][1]$a$145945 [1] $memory\imem.instructions$rdmux[0][1][1]$a$145945 [1] $memory\imem.instructions$rdmux[0][1][1]$a$145945 [2] $memory\imem.instructions$rdmux[0][1][1]$a$145945 [20] $memory\imem.instructions$rdmux[0][1][1]$a$145945 [5] $memory\imem.instructions$rdmux[0][1][1]$a$145945 [5] $memory\imem.instructions$rdmux[0][1][1]$a$145945 [6] $memory\imem.instructions$rdmux[0][1][1]$a$145945 [1] $memory\imem.instructions$rdmux[0][1][1]$a$145945 [2] $memory\imem.instructions$rdmux[0][1][1]$a$145945 [2] $memory\imem.instructions$rdmux[0][1][1]$a$145945 [2] $memory\imem.instructions$rdmux[0][1][1]$a$145945 [2] $memory\imem.instructions$rdmux[0][1][1]$a$145945 [5] $memory\imem.instructions$rdmux[0][1][1]$a$145945 [1] $memory\imem.instructions$rdmux[0][1][1]$a$145945 [1] $memory\imem.instructions$rdmux[0][1][1]$a$145945 [1] $memory\imem.instructions$rdmux[0][1][1]$a$145945 [6] $memory\imem.instructions$rdmux[0][1][1]$a$145945 [6] $memory\imem.instructions$rdmux[0][1][1]$a$145945 [2] $memory\imem.instructions$rdmux[0][1][1]$a$145945 [0] $memory\imem.instructions$rdmux[0][1][1]$a$145945 [0] }
    Consolidated identical input bits for $mux cell $memory\imem.instructions$rdmux[0][2][1]$145950:
      Old ports: A=$memory\imem.instructions$rdmux[0][2][1]$a$145951, B=$memory\imem.instructions$rdmux[0][2][1]$b$145952, Y=$memory\imem.instructions$rdmux[0][1][0]$b$145943
      New ports: A={ $memory\imem.instructions$rdmux[0][2][1]$a$145951 [15] 7'0000000 $memory\imem.instructions$rdmux[0][2][1]$a$145951 [14] $memory\imem.instructions$rdmux[0][2][1]$a$145951 [19:18] 1'0 $memory\imem.instructions$rdmux[0][2][1]$a$145951 [15] $memory\imem.instructions$rdmux[0][2][1]$a$145951 [15:9] $memory\imem.instructions$rdmux[0][2][1]$a$145951 [4] $memory\imem.instructions$rdmux[0][2][1]$a$145951 [7:2] 2'00 }, B={ 1'0 $memory\imem.instructions$rdmux[0][2][1]$b$145952 [27] $memory\imem.instructions$rdmux[0][2][1]$b$145952 [16] $memory\imem.instructions$rdmux[0][2][1]$b$145952 [25] $memory\imem.instructions$rdmux[0][2][1]$b$145952 [20] $memory\imem.instructions$rdmux[0][2][1]$b$145952 [23:18] $memory\imem.instructions$rdmux[0][2][1]$b$145952 [15] $memory\imem.instructions$rdmux[0][2][1]$b$145952 [16:12] 1'0 $memory\imem.instructions$rdmux[0][2][1]$b$145952 [10:0] }, Y=$memory\imem.instructions$rdmux[0][1][0]$b$145943 [28:0]
      New connections: $memory\imem.instructions$rdmux[0][1][0]$b$145943 [29] = 1'0
    Consolidated identical input bits for $mux cell $memory\imem.instructions$rdmux[0][2][0]$145947:
      Old ports: A=$memory\imem.instructions$rdmux[0][2][0]$a$145948, B=$memory\imem.instructions$rdmux[0][2][0]$b$145949, Y=$memory\imem.instructions$rdmux[0][1][0]$a$145942
      New ports: A={ $memory\imem.instructions$rdmux[0][2][0]$a$145948 [28] 2'00 $memory\imem.instructions$rdmux[0][2][0]$a$145948 [20:18] 1'0 $memory\imem.instructions$rdmux[0][2][0]$a$145948 [8] $memory\imem.instructions$rdmux[0][2][0]$a$145948 [13:10] 1'0 $memory\imem.instructions$rdmux[0][2][0]$a$145948 [8:5] $memory\imem.instructions$rdmux[0][2][0]$a$145948 [3] }, B={ $memory\imem.instructions$rdmux[0][2][0]$b$145949 [28] $memory\imem.instructions$rdmux[0][2][0]$b$145949 [22:21] 1'0 $memory\imem.instructions$rdmux[0][2][0]$b$145949 [19:18] $memory\imem.instructions$rdmux[0][2][0]$b$145949 [15] 1'0 $memory\imem.instructions$rdmux[0][2][0]$b$145949 [13:5] $memory\imem.instructions$rdmux[0][2][0]$b$145949 [3] }, Y={ $memory\imem.instructions$rdmux[0][1][0]$a$145942 [28] $memory\imem.instructions$rdmux[0][1][0]$a$145942 [22:18] $memory\imem.instructions$rdmux[0][1][0]$a$145942 [15:5] $memory\imem.instructions$rdmux[0][1][0]$a$145942 [3] }
      New connections: { $memory\imem.instructions$rdmux[0][1][0]$a$145942 [29] $memory\imem.instructions$rdmux[0][1][0]$a$145942 [27:23] $memory\imem.instructions$rdmux[0][1][0]$a$145942 [17:16] $memory\imem.instructions$rdmux[0][1][0]$a$145942 [4] $memory\imem.instructions$rdmux[0][1][0]$a$145942 [2:0] } = { $memory\imem.instructions$rdmux[0][1][0]$a$145942 [22] $memory\imem.instructions$rdmux[0][1][0]$a$145942 [22] $memory\imem.instructions$rdmux[0][1][0]$a$145942 [22] $memory\imem.instructions$rdmux[0][1][0]$a$145942 [22] $memory\imem.instructions$rdmux[0][1][0]$a$145942 [22] $memory\imem.instructions$rdmux[0][1][0]$a$145942 [22] 1'0 $memory\imem.instructions$rdmux[0][1][0]$a$145942 [15] 4'0100 }
  Optimizing cells in module \datapath_pipelined.
    Consolidated identical input bits for $mux cell $memory\imem.instructions$rdmux[0][1][1]$145944:
      Old ports: A=$memory\imem.instructions$rdmux[0][1][1]$a$145945, B=30'x, Y=$memory\imem.instructions$rdmux[0][0][0]$b$145940
      New ports: A={ $memory\imem.instructions$rdmux[0][1][1]$a$145945 [27] $memory\imem.instructions$rdmux[0][1][1]$a$145945 [24] $memory\imem.instructions$rdmux[0][1][1]$a$145945 [20] $memory\imem.instructions$rdmux[0][1][1]$a$145945 [18] $memory\imem.instructions$rdmux[0][1][1]$a$145945 [6:5] $memory\imem.instructions$rdmux[0][1][1]$a$145945 [2:0] }, B=9'x, Y={ $memory\imem.instructions$rdmux[0][0][0]$b$145940 [27] $memory\imem.instructions$rdmux[0][0][0]$b$145940 [24] $memory\imem.instructions$rdmux[0][0][0]$b$145940 [20] $memory\imem.instructions$rdmux[0][0][0]$b$145940 [18] $memory\imem.instructions$rdmux[0][0][0]$b$145940 [6:5] $memory\imem.instructions$rdmux[0][0][0]$b$145940 [2:0] }
      New connections: { $memory\imem.instructions$rdmux[0][0][0]$b$145940 [29:28] $memory\imem.instructions$rdmux[0][0][0]$b$145940 [26:25] $memory\imem.instructions$rdmux[0][0][0]$b$145940 [23:21] $memory\imem.instructions$rdmux[0][0][0]$b$145940 [19] $memory\imem.instructions$rdmux[0][0][0]$b$145940 [17:7] $memory\imem.instructions$rdmux[0][0][0]$b$145940 [4:3] } = { $memory\imem.instructions$rdmux[0][0][0]$b$145940 [1] $memory\imem.instructions$rdmux[0][0][0]$b$145940 [1] $memory\imem.instructions$rdmux[0][0][0]$b$145940 [2] $memory\imem.instructions$rdmux[0][0][0]$b$145940 [20] $memory\imem.instructions$rdmux[0][0][0]$b$145940 [5] $memory\imem.instructions$rdmux[0][0][0]$b$145940 [5] $memory\imem.instructions$rdmux[0][0][0]$b$145940 [6] $memory\imem.instructions$rdmux[0][0][0]$b$145940 [1] $memory\imem.instructions$rdmux[0][0][0]$b$145940 [2] $memory\imem.instructions$rdmux[0][0][0]$b$145940 [2] $memory\imem.instructions$rdmux[0][0][0]$b$145940 [2] $memory\imem.instructions$rdmux[0][0][0]$b$145940 [2] $memory\imem.instructions$rdmux[0][0][0]$b$145940 [5] $memory\imem.instructions$rdmux[0][0][0]$b$145940 [1] $memory\imem.instructions$rdmux[0][0][0]$b$145940 [1] $memory\imem.instructions$rdmux[0][0][0]$b$145940 [1] $memory\imem.instructions$rdmux[0][0][0]$b$145940 [6] $memory\imem.instructions$rdmux[0][0][0]$b$145940 [6] $memory\imem.instructions$rdmux[0][0][0]$b$145940 [2] $memory\imem.instructions$rdmux[0][0][0]$b$145940 [0] $memory\imem.instructions$rdmux[0][0][0]$b$145940 [0] }
  Optimizing cells in module \datapath_pipelined.
Performed a total of 42 changes.

7.34.5. Executing OPT_MERGE pass (detect identical cells).
Finding identical cells in module `\datapath_pipelined'.
Computing hashes of 1127 cells of `\datapath_pipelined'.
Finding duplicate cells in `\datapath_pipelined'.
Computing hashes of 1111 cells of `\datapath_pipelined'.
Finding duplicate cells in `\datapath_pipelined'.
<suppressed ~48 debug messages>
Removed a total of 16 cells.

7.34.6. Executing OPT_SHARE pass.

7.34.7. Executing OPT_DFF pass (perform DFF optimizations).
Adding SRST signal on $\dmem.datas$rdreg[0] ($dff) from module datapath_pipelined (D = \ex_mem.alu_result_in [7:2], Q = $\dmem.datas$rdreg[0]$q, rval = 6'000000).

7.34.8. Executing OPT_CLEAN pass (remove unused cells and wires).
Finding unused cells or wires in module \datapath_pipelined..
Removed 128 unused cells and 921 unused wires.
<suppressed ~129 debug messages>

7.34.9. Executing OPT_EXPR pass (perform const folding).
Optimizing module datapath_pipelined.
<suppressed ~6 debug messages>

7.34.10. Rerunning OPT passes. (Maybe there is more to do..)

7.34.11. Executing OPT_MUXTREE pass (detect dead branches in mux trees).
Running muxtree optimizer on module \datapath_pipelined..
  Creating internal representation of mux trees.
  Evaluating internal representation of mux trees.
  Analyzing evaluation results.
Removed 0 multiplexer ports.
<suppressed ~491 debug messages>

7.34.12. Executing OPT_REDUCE pass (consolidate $*mux and $reduce_* inputs).
  Optimizing cells in module \datapath_pipelined.
    Consolidated identical input bits for $mux cell $memory\imem.instructions$rdmux[0][4][7]$146004:
      Old ports: A={ 2'00 $memory\imem.instructions$rdmux[0][4][0]$a$145984 [5] 1'1 $memory\imem.instructions$rdmux[0][4][0]$a$145984 [6:5] $memory\imem.instructions$rdmux[0][4][0]$a$145984 [5] 3'101 }, B={ 1'1 $memory\imem.instructions$rdmux[0][4][0]$a$145984 [6] 3'001 $memory\imem.instructions$rdmux[0][4][0]$a$145984 [6:5] $memory\imem.instructions$rdmux[0][4][0]$a$145984 [6:5] $memory\imem.instructions$rdmux[0][4][0]$a$145984 [5] }, Y={ $memory\imem.instructions$rdmux[0][3][3]$b$145970 [21] $memory\imem.instructions$rdmux[0][3][3]$b$145970 [14] $memory\imem.instructions$rdmux[0][3][3]$b$145970 [12] $memory\imem.instructions$rdmux[0][3][3]$b$145970 [10] $memory\imem.instructions$rdmux[0][3][3]$b$145970 [8] $memory\imem.instructions$rdmux[0][3][3]$b$145970 [6] $memory\imem.instructions$rdmux[0][3][3]$b$145970 [3:0] }
      New ports: A={ 2'00 $memory\imem.instructions$rdmux[0][4][0]$a$145984 [5] 1'1 $memory\imem.instructions$rdmux[0][4][0]$a$145984 [6:5] 3'101 }, B={ 1'1 $memory\imem.instructions$rdmux[0][4][0]$a$145984 [6] 3'001 $memory\imem.instructions$rdmux[0][4][0]$a$145984 [6] $memory\imem.instructions$rdmux[0][4][0]$a$145984 [6:5] $memory\imem.instructions$rdmux[0][4][0]$a$145984 [5] }, Y={ $memory\imem.instructions$rdmux[0][3][3]$b$145970 [21] $memory\imem.instructions$rdmux[0][3][3]$b$145970 [14] $memory\imem.instructions$rdmux[0][3][3]$b$145970 [12] $memory\imem.instructions$rdmux[0][3][3]$b$145970 [10] $memory\imem.instructions$rdmux[0][3][3]$b$145970 [8] $memory\imem.instructions$rdmux[0][3][3]$b$145970 [6] $memory\imem.instructions$rdmux[0][3][3]$b$145970 [2:0] }
      New connections: $memory\imem.instructions$rdmux[0][3][3]$b$145970 [3] = $memory\imem.instructions$rdmux[0][4][0]$a$145984 [5]
    Consolidated identical input bits for $mux cell $memory\imem.instructions$rdmux[0][4][4]$145995:
      Old ports: A={ 1'1 $memory\imem.instructions$rdmux[0][4][0]$a$145984 [5] $memory\imem.instructions$rdmux[0][4][0]$a$145984 [5] $memory\imem.instructions$rdmux[0][4][0]$a$145984 [6] 2'00 $memory\imem.instructions$rdmux[0][4][0]$a$145984 [6:5] }, B={ $memory\imem.instructions$rdmux[0][4][0]$a$145984 [6] 1'1 $memory\imem.instructions$rdmux[0][4][0]$a$145984 [6] 2'01 $memory\imem.instructions$rdmux[0][4][0]$a$145984 [6:5] $memory\imem.instructions$rdmux[0][4][0]$a$145984 [5] }, Y={ $memory\imem.instructions$rdmux[0][3][2]$a$145966 [18] $memory\imem.instructions$rdmux[0][3][2]$a$145966 [13:10] $memory\imem.instructions$rdmux[0][3][2]$a$145966 [7:5] }
      New ports: A={ 1'1 $memory\imem.instructions$rdmux[0][4][0]$a$145984 [5] $memory\imem.instructions$rdmux[0][4][0]$a$145984 [5] $memory\imem.instructions$rdmux[0][4][0]$a$145984 [6] 2'00 $memory\imem.instructions$rdmux[0][4][0]$a$145984 [6] }, B={ $memory\imem.instructions$rdmux[0][4][0]$a$145984 [6] 1'1 $memory\imem.instructions$rdmux[0][4][0]$a$145984 [6] 2'01 $memory\imem.instructions$rdmux[0][4][0]$a$145984 [6:5] }, Y={ $memory\imem.instructions$rdmux[0][3][2]$a$145966 [18] $memory\imem.instructions$rdmux[0][3][2]$a$145966 [13:10] $memory\imem.instructions$rdmux[0][3][2]$a$145966 [7:6] }
      New connections: $memory\imem.instructions$rdmux[0][3][2]$a$145966 [5] = $memory\imem.instructions$rdmux[0][4][0]$a$145984 [5]
    Consolidated identical input bits for $mux cell $memory\imem.instructions$rdmux[0][4][2]$145989:
      Old ports: A={ $memory\imem.instructions$rdmux[0][4][0]$a$145984 [5] 2'00 $memory\imem.instructions$rdmux[0][4][0]$a$145984 [6:5] $memory\imem.instructions$rdmux[0][4][0]$a$145984 [5] }, B={ 2'01 $memory\imem.instructions$rdmux[0][4][0]$a$145984 [6:5] $memory\imem.instructions$rdmux[0][4][0]$a$145984 [5] 1'1 }, Y={ $memory\imem.instructions$rdmux[0][3][1]$a$145963 [11:10] $memory\imem.instructions$rdmux[0][3][1]$a$145963 [7:5] $memory\imem.instructions$rdmux[0][3][1]$a$145963 [3] }
      New ports: A={ $memory\imem.instructions$rdmux[0][4][0]$a$145984 [5] 2'00 $memory\imem.instructions$rdmux[0][4][0]$a$145984 [6:5] }, B={ 2'01 $memory\imem.instructions$rdmux[0][4][0]$a$145984 [6:5] 1'1 }, Y={ $memory\imem.instructions$rdmux[0][3][1]$a$145963 [11:10] $memory\imem.instructions$rdmux[0][3][1]$a$145963 [7:6] $memory\imem.instructions$rdmux[0][3][1]$a$145963 [3] }
      New connections: $memory\imem.instructions$rdmux[0][3][1]$a$145963 [5] = $memory\imem.instructions$rdmux[0][4][0]$a$145984 [5]
    Consolidated identical input bits for $mux cell $memory\imem.instructions$rdmux[0][4][1]$145986:
      Old ports: A={ 1'1 $memory\imem.instructions$rdmux[0][4][0]$a$145984 [5] 2'01 $memory\imem.instructions$rdmux[0][4][0]$a$145984 [6:5] }, B={ $memory\imem.instructions$rdmux[0][4][0]$a$145984 [6] 1'0 $memory\imem.instructions$rdmux[0][4][0]$a$145984 [6:5] $memory\imem.instructions$rdmux[0][4][0]$a$145984 [5] $memory\imem.instructions$rdmux[0][4][0]$a$145984 [5] }, Y={ $memory\imem.instructions$rdmux[0][3][0]$b$145961 [11:10] $memory\imem.instructions$rdmux[0][3][0]$b$145961 [8:5] }
      New ports: A={ 1'1 $memory\imem.instructions$rdmux[0][4][0]$a$145984 [5] 2'01 $memory\imem.instructions$rdmux[0][4][0]$a$145984 [6] }, B={ $memory\imem.instructions$rdmux[0][4][0]$a$145984 [6] 1'0 $memory\imem.instructions$rdmux[0][4][0]$a$145984 [6:5] $memory\imem.instructions$rdmux[0][4][0]$a$145984 [5] }, Y={ $memory\imem.instructions$rdmux[0][3][0]$b$145961 [11:10] $memory\imem.instructions$rdmux[0][3][0]$b$145961 [8:6] }
      New connections: $memory\imem.instructions$rdmux[0][3][0]$b$145961 [5] = $memory\imem.instructions$rdmux[0][4][0]$a$145984 [5]
    Consolidated identical input bits for $mux cell $memory\imem.instructions$rdmux[0][4][0]$145983:
      Old ports: A={ $memory\imem.instructions$rdmux[0][4][0]$a$145984 [5] $memory\imem.instructions$rdmux[0][4][0]$a$145984 [6] 2'10 $memory\imem.instructions$rdmux[0][4][0]$a$145984 [6:5] 1'0 }, B={ 3'010 $memory\imem.instructions$rdmux[0][4][0]$a$145984 [6:5] $memory\imem.instructions$rdmux[0][4][0]$a$145984 [5] 1'1 }, Y={ $memory\imem.instructions$rdmux[0][3][0]$a$145960 [20:18] $memory\imem.instructions$rdmux[0][3][0]$a$145960 [7:5] $memory\imem.instructions$rdmux[0][3][0]$a$145960 [3] }
      New ports: A={ $memory\imem.instructions$rdmux[0][4][0]$a$145984 [5] $memory\imem.instructions$rdmux[0][4][0]$a$145984 [6] 2'10 $memory\imem.instructions$rdmux[0][4][0]$a$145984 [6] 1'0 }, B={ 3'010 $memory\imem.instructions$rdmux[0][4][0]$a$145984 [6:5] 1'1 }, Y={ $memory\imem.instructions$rdmux[0][3][0]$a$145960 [20:18] $memory\imem.instructions$rdmux[0][3][0]$a$145960 [7:6] $memory\imem.instructions$rdmux[0][3][0]$a$145960 [3] }
      New connections: $memory\imem.instructions$rdmux[0][3][0]$a$145960 [5] = $memory\imem.instructions$rdmux[0][4][0]$a$145984 [5]
  Optimizing cells in module \datapath_pipelined.
    Consolidated identical input bits for $mux cell $memory\imem.instructions$rdmux[0][3][0]$145959:
      Old ports: A={ $memory\imem.instructions$rdmux[0][3][0]$a$145960 [7] $memory\imem.instructions$rdmux[0][3][0]$a$145960 [20:18] $memory\imem.instructions$rdmux[0][3][0]$a$145960 [3] 4'0000 $memory\imem.instructions$rdmux[0][3][0]$a$145960 [7:5] $memory\imem.instructions$rdmux[0][3][0]$a$145960 [3] }, B={ 2'00 $memory\imem.instructions$rdmux[0][3][0]$b$145961 [7] $memory\imem.instructions$rdmux[0][3][0]$b$145961 [8:7] $memory\imem.instructions$rdmux[0][3][0]$b$145961 [7] $memory\imem.instructions$rdmux[0][3][0]$b$145961 [11:10] $memory\imem.instructions$rdmux[0][3][0]$b$145961 [8:5] 1'1 }, Y={ $memory\imem.instructions$rdmux[0][2][0]$a$145948 [28] $memory\imem.instructions$rdmux[0][2][0]$a$145948 [20:18] $memory\imem.instructions$rdmux[0][2][0]$a$145948 [13:10] $memory\imem.instructions$rdmux[0][2][0]$a$145948 [8:5] $memory\imem.instructions$rdmux[0][2][0]$a$145948 [3] }
      New ports: A={ $memory\imem.instructions$rdmux[0][3][0]$a$145960 [7] $memory\imem.instructions$rdmux[0][3][0]$a$145960 [20:18] $memory\imem.instructions$rdmux[0][3][0]$a$145960 [3] 4'0000 $memory\imem.instructions$rdmux[0][3][0]$a$145960 [7:6] $memory\imem.instructions$rdmux[0][3][0]$a$145960 [3] }, B={ 2'00 $memory\imem.instructions$rdmux[0][3][0]$b$145961 [7] $memory\imem.instructions$rdmux[0][3][0]$b$145961 [8:7] $memory\imem.instructions$rdmux[0][3][0]$b$145961 [7] $memory\imem.instructions$rdmux[0][3][0]$b$145961 [11:10] $memory\imem.instructions$rdmux[0][3][0]$b$145961 [8:6] 1'1 }, Y={ $memory\imem.instructions$rdmux[0][2][0]$a$145948 [28] $memory\imem.instructions$rdmux[0][2][0]$a$145948 [20:18] $memory\imem.instructions$rdmux[0][2][0]$a$145948 [13:10] $memory\imem.instructions$rdmux[0][2][0]$a$145948 [8:6] $memory\imem.instructions$rdmux[0][2][0]$a$145948 [3] }
      New connections: $memory\imem.instructions$rdmux[0][2][0]$a$145948 [5] = $memory\imem.instructions$rdmux[0][4][0]$a$145984 [5]
  Optimizing cells in module \datapath_pipelined.
Performed a total of 6 changes.

7.34.13. Executing OPT_MERGE pass (detect identical cells).
Finding identical cells in module `\datapath_pipelined'.
Computing hashes of 977 cells of `\datapath_pipelined'.
Finding duplicate cells in `\datapath_pipelined'.
Removed a total of 0 cells.

7.34.14. Executing OPT_SHARE pass.

7.34.15. Executing OPT_DFF pass (perform DFF optimizations).
Adding EN signal on $memory\regfile.registers[0]$144888 ($dff) from module datapath_pipelined (D = $memory\regfile.registers$wrmux[0][2][0]$y$145465, Q = \regfile.registers[0]).
Adding EN signal on $memory\regfile.registers[1]$144890 ($dff) from module datapath_pipelined (D = $memory\regfile.registers$wrmux[1][2][0]$y$145483, Q = \regfile.registers[1]).
Adding EN signal on $memory\regfile.registers[2]$144892 ($dff) from module datapath_pipelined (D = $memory\regfile.registers$wrmux[2][2][0]$y$145501, Q = \regfile.registers[2]).
Adding EN signal on $memory\regfile.registers[3]$144894 ($dff) from module datapath_pipelined (D = $memory\regfile.registers$wrmux[3][2][0]$y$145517, Q = \regfile.registers[3]).
Adding EN signal on $memory\regfile.registers[4]$144896 ($dff) from module datapath_pipelined (D = $memory\regfile.registers$wrmux[4][2][0]$y$145535, Q = \regfile.registers[4]).
Adding EN signal on $memory\regfile.registers[5]$144898 ($dff) from module datapath_pipelined (D = $memory\regfile.registers$wrmux[5][2][0]$y$145549, Q = \regfile.registers[5]).
Adding EN signal on $memory\regfile.registers[6]$144900 ($dff) from module datapath_pipelined (D = $memory\regfile.registers$wrmux[6][2][0]$y$145563, Q = \regfile.registers[6]).
Adding EN signal on $memory\regfile.registers[7]$144902 ($dff) from module datapath_pipelined (D = $memory\regfile.registers$wrmux[7][2][0]$y$145577, Q = \regfile.registers[7]).
Adding EN signal on $memory\regfile.registers[8]$144904 ($dff) from module datapath_pipelined (D = $memory\regfile.registers$wrmux[8][2][0]$y$145597, Q = \regfile.registers[8]).
Adding EN signal on $memory\regfile.registers[9]$144906 ($dff) from module datapath_pipelined (D = $memory\regfile.registers$wrmux[9][2][0]$y$145611, Q = \regfile.registers[9]).
Adding EN signal on $memory\regfile.registers[10]$144908 ($dff) from module datapath_pipelined (D = $memory\regfile.registers$wrmux[10][2][0]$y$145625, Q = \regfile.registers[10]).
Adding EN signal on $memory\regfile.registers[11]$144910 ($dff) from module datapath_pipelined (D = $memory\regfile.registers$wrmux[11][2][0]$y$145639, Q = \regfile.registers[11]).
Adding EN signal on $memory\regfile.registers[12]$144912 ($dff) from module datapath_pipelined (D = $memory\regfile.registers$wrmux[12][2][0]$y$145655, Q = \regfile.registers[12]).
Adding EN signal on $memory\regfile.registers[13]$144914 ($dff) from module datapath_pipelined (D = $memory\regfile.registers$wrmux[13][2][0]$y$145669, Q = \regfile.registers[13]).
Adding EN signal on $memory\regfile.registers[14]$144916 ($dff) from module datapath_pipelined (D = $memory\regfile.registers$wrmux[14][2][0]$y$145683, Q = \regfile.registers[14]).
Adding EN signal on $memory\regfile.registers[15]$144918 ($dff) from module datapath_pipelined (D = $memory\regfile.registers$wrmux[15][2][0]$y$145697, Q = \regfile.registers[15]).
Adding EN signal on $memory\regfile.registers[16]$144920 ($dff) from module datapath_pipelined (D = $memory\regfile.registers$wrmux[16][2][0]$y$145719, Q = \regfile.registers[16]).
Adding EN signal on $memory\regfile.registers[17]$144922 ($dff) from module datapath_pipelined (D = $memory\regfile.registers$wrmux[17][2][0]$y$145733, Q = \regfile.registers[17]).
Adding EN signal on $memory\regfile.registers[18]$144924 ($dff) from module datapath_pipelined (D = $memory\regfile.registers$wrmux[18][2][0]$y$145747, Q = \regfile.registers[18]).
Adding EN signal on $memory\regfile.registers[19]$144926 ($dff) from module datapath_pipelined (D = $memory\regfile.registers$wrmux[19][2][0]$y$145761, Q = \regfile.registers[19]).
Adding EN signal on $memory\regfile.registers[20]$144928 ($dff) from module datapath_pipelined (D = $memory\regfile.registers$wrmux[20][2][0]$y$145777, Q = \regfile.registers[20]).
Adding EN signal on $memory\regfile.registers[21]$144930 ($dff) from module datapath_pipelined (D = $memory\regfile.registers$wrmux[21][2][0]$y$145791, Q = \regfile.registers[21]).
Adding EN signal on $memory\regfile.registers[22]$144932 ($dff) from module datapath_pipelined (D = $memory\regfile.registers$wrmux[22][2][0]$y$145805, Q = \regfile.registers[22]).
Adding EN signal on $memory\regfile.registers[23]$144934 ($dff) from module datapath_pipelined (D = $memory\regfile.registers$wrmux[23][2][0]$y$145819, Q = \regfile.registers[23]).
Adding EN signal on $memory\regfile.registers[24]$144936 ($dff) from module datapath_pipelined (D = $memory\regfile.registers$wrmux[24][2][0]$y$145837, Q = \regfile.registers[24]).
Adding EN signal on $memory\regfile.registers[25]$144938 ($dff) from module datapath_pipelined (D = $memory\regfile.registers$wrmux[25][2][0]$y$145851, Q = \regfile.registers[25]).
Adding EN signal on $memory\regfile.registers[26]$144940 ($dff) from module datapath_pipelined (D = $memory\regfile.registers$wrmux[26][2][0]$y$145865, Q = \regfile.registers[26]).
Adding EN signal on $memory\regfile.registers[27]$144942 ($dff) from module datapath_pipelined (D = $memory\regfile.registers$wrmux[27][2][0]$y$145879, Q = \regfile.registers[27]).
Adding EN signal on $memory\regfile.registers[28]$144944 ($dff) from module datapath_pipelined (D = $memory\regfile.registers$wrmux[28][2][0]$y$145895, Q = \regfile.registers[28]).
Adding EN signal on $memory\regfile.registers[29]$144946 ($dff) from module datapath_pipelined (D = $memory\regfile.registers$wrmux[29][2][0]$y$145909, Q = \regfile.registers[29]).
Adding EN signal on $memory\regfile.registers[30]$144948 ($dff) from module datapath_pipelined (D = $memory\regfile.registers$wrmux[30][2][0]$y$145923, Q = \regfile.registers[30]).
Adding EN signal on $memory\regfile.registers[31]$144950 ($dff) from module datapath_pipelined (D = $memory\regfile.registers$wrmux[31][2][0]$y$145937, Q = \regfile.registers[31]).
Adding EN signal on $memory\dmem.datas[0]$146127 ($dff) from module datapath_pipelined (D = $memory\dmem.datas$wrmux[0][2][0]$y$146477, Q = \dmem.datas[0]).
Adding EN signal on $memory\dmem.datas[1]$146129 ($dff) from module datapath_pipelined (D = $memory\dmem.datas$wrmux[1][2][0]$y$146495, Q = \dmem.datas[1]).
Adding EN signal on $memory\dmem.datas[2]$146131 ($dff) from module datapath_pipelined (D = $memory\dmem.datas$wrmux[2][2][0]$y$146515, Q = \dmem.datas[2]).
Adding EN signal on $memory\dmem.datas[3]$146133 ($dff) from module datapath_pipelined (D = $memory\dmem.datas$wrmux[3][2][0]$y$146531, Q = \dmem.datas[3]).
Adding EN signal on $memory\dmem.datas[4]$146135 ($dff) from module datapath_pipelined (D = $memory\dmem.datas$wrmux[4][2][0]$y$146551, Q = \dmem.datas[4]).
Adding EN signal on $memory\dmem.datas[5]$146137 ($dff) from module datapath_pipelined (D = $memory\dmem.datas$wrmux[5][2][0]$y$146567, Q = \dmem.datas[5]).
Adding EN signal on $memory\dmem.datas[6]$146139 ($dff) from module datapath_pipelined (D = $memory\dmem.datas$wrmux[6][2][0]$y$146585, Q = \dmem.datas[6]).
Adding EN signal on $memory\dmem.datas[7]$146141 ($dff) from module datapath_pipelined (D = $memory\dmem.datas$wrmux[7][2][0]$y$146601, Q = \dmem.datas[7]).
Adding EN signal on $memory\dmem.datas[8]$146143 ($dff) from module datapath_pipelined (D = $memory\dmem.datas$wrmux[8][2][0]$y$146619, Q = \dmem.datas[8]).
Adding EN signal on $memory\dmem.datas[9]$146145 ($dff) from module datapath_pipelined (D = $memory\dmem.datas$wrmux[9][2][0]$y$146633, Q = \dmem.datas[9]).
Adding EN signal on $memory\dmem.datas[10]$146147 ($dff) from module datapath_pipelined (D = $memory\dmem.datas$wrmux[10][2][0]$y$146647, Q = \dmem.datas[10]).
Adding EN signal on $memory\dmem.datas[11]$146149 ($dff) from module datapath_pipelined (D = $memory\dmem.datas$wrmux[11][2][0]$y$146661, Q = \dmem.datas[11]).
Adding EN signal on $memory\dmem.datas[12]$146151 ($dff) from module datapath_pipelined (D = $memory\dmem.datas$wrmux[12][2][0]$y$146675, Q = \dmem.datas[12]).
Adding EN signal on $memory\dmem.datas[13]$146153 ($dff) from module datapath_pipelined (D = $memory\dmem.datas$wrmux[13][2][0]$y$146689, Q = \dmem.datas[13]).
Adding EN signal on $memory\dmem.datas[14]$146155 ($dff) from module datapath_pipelined (D = $memory\dmem.datas$wrmux[14][2][0]$y$146703, Q = \dmem.datas[14]).
Adding EN signal on $memory\dmem.datas[15]$146157 ($dff) from module datapath_pipelined (D = $memory\dmem.datas$wrmux[15][2][0]$y$146717, Q = \dmem.datas[15]).
Adding EN signal on $memory\dmem.datas[16]$146159 ($dff) from module datapath_pipelined (D = $memory\dmem.datas$wrmux[16][2][0]$y$146737, Q = \dmem.datas[16]).
Adding EN signal on $memory\dmem.datas[17]$146161 ($dff) from module datapath_pipelined (D = $memory\dmem.datas$wrmux[17][2][0]$y$146751, Q = \dmem.datas[17]).
Adding EN signal on $memory\dmem.datas[18]$146163 ($dff) from module datapath_pipelined (D = $memory\dmem.datas$wrmux[18][2][0]$y$146765, Q = \dmem.datas[18]).
Adding EN signal on $memory\dmem.datas[19]$146165 ($dff) from module datapath_pipelined (D = $memory\dmem.datas$wrmux[19][2][0]$y$146779, Q = \dmem.datas[19]).
Adding EN signal on $memory\dmem.datas[20]$146167 ($dff) from module datapath_pipelined (D = $memory\dmem.datas$wrmux[20][2][0]$y$146793, Q = \dmem.datas[20]).
Adding EN signal on $memory\dmem.datas[21]$146169 ($dff) from module datapath_pipelined (D = $memory\dmem.datas$wrmux[21][2][0]$y$146807, Q = \dmem.datas[21]).
Adding EN signal on $memory\dmem.datas[22]$146171 ($dff) from module datapath_pipelined (D = $memory\dmem.datas$wrmux[22][2][0]$y$146821, Q = \dmem.datas[22]).
Adding EN signal on $memory\dmem.datas[23]$146173 ($dff) from module datapath_pipelined (D = $memory\dmem.datas$wrmux[23][2][0]$y$146835, Q = \dmem.datas[23]).
Adding EN signal on $memory\dmem.datas[24]$146175 ($dff) from module datapath_pipelined (D = $memory\dmem.datas$wrmux[24][2][0]$y$146851, Q = \dmem.datas[24]).
Adding EN signal on $memory\dmem.datas[25]$146177 ($dff) from module datapath_pipelined (D = $memory\dmem.datas$wrmux[25][2][0]$y$146865, Q = \dmem.datas[25]).
Adding EN signal on $memory\dmem.datas[26]$146179 ($dff) from module datapath_pipelined (D = $memory\dmem.datas$wrmux[26][2][0]$y$146879, Q = \dmem.datas[26]).
Adding EN signal on $memory\dmem.datas[27]$146181 ($dff) from module datapath_pipelined (D = $memory\dmem.datas$wrmux[27][2][0]$y$146893, Q = \dmem.datas[27]).
Adding EN signal on $memory\dmem.datas[28]$146183 ($dff) from module datapath_pipelined (D = $memory\dmem.datas$wrmux[28][2][0]$y$146907, Q = \dmem.datas[28]).
Adding EN signal on $memory\dmem.datas[29]$146185 ($dff) from module datapath_pipelined (D = $memory\dmem.datas$wrmux[29][2][0]$y$146921, Q = \dmem.datas[29]).
Adding EN signal on $memory\dmem.datas[30]$146187 ($dff) from module datapath_pipelined (D = $memory\dmem.datas$wrmux[30][2][0]$y$146935, Q = \dmem.datas[30]).
Adding EN signal on $memory\dmem.datas[31]$146189 ($dff) from module datapath_pipelined (D = $memory\dmem.datas$wrmux[31][2][0]$y$146949, Q = \dmem.datas[31]).
Adding EN signal on $memory\dmem.datas[32]$146191 ($dff) from module datapath_pipelined (D = $memory\dmem.datas$wrmux[32][2][0]$y$146969, Q = \dmem.datas[32]).
Adding EN signal on $memory\dmem.datas[33]$146193 ($dff) from module datapath_pipelined (D = $memory\dmem.datas$wrmux[33][2][0]$y$146983, Q = \dmem.datas[33]).
Adding EN signal on $memory\dmem.datas[34]$146195 ($dff) from module datapath_pipelined (D = $memory\dmem.datas$wrmux[34][2][0]$y$146997, Q = \dmem.datas[34]).
Adding EN signal on $memory\dmem.datas[35]$146197 ($dff) from module datapath_pipelined (D = $memory\dmem.datas$wrmux[35][2][0]$y$147011, Q = \dmem.datas[35]).
Adding EN signal on $memory\dmem.datas[36]$146199 ($dff) from module datapath_pipelined (D = $memory\dmem.datas$wrmux[36][2][0]$y$147025, Q = \dmem.datas[36]).
Adding EN signal on $memory\dmem.datas[37]$146201 ($dff) from module datapath_pipelined (D = $memory\dmem.datas$wrmux[37][2][0]$y$147039, Q = \dmem.datas[37]).
Adding EN signal on $memory\dmem.datas[38]$146203 ($dff) from module datapath_pipelined (D = $memory\dmem.datas$wrmux[38][2][0]$y$147053, Q = \dmem.datas[38]).
Adding EN signal on $memory\dmem.datas[39]$146205 ($dff) from module datapath_pipelined (D = $memory\dmem.datas$wrmux[39][2][0]$y$147067, Q = \dmem.datas[39]).
Adding EN signal on $memory\dmem.datas[40]$146207 ($dff) from module datapath_pipelined (D = $memory\dmem.datas$wrmux[40][2][0]$y$147083, Q = \dmem.datas[40]).
Adding EN signal on $memory\dmem.datas[41]$146209 ($dff) from module datapath_pipelined (D = $memory\dmem.datas$wrmux[41][2][0]$y$147097, Q = \dmem.datas[41]).
Adding EN signal on $memory\dmem.datas[42]$146211 ($dff) from module datapath_pipelined (D = $memory\dmem.datas$wrmux[42][2][0]$y$147111, Q = \dmem.datas[42]).
Adding EN signal on $memory\dmem.datas[43]$146213 ($dff) from module datapath_pipelined (D = $memory\dmem.datas$wrmux[43][2][0]$y$147125, Q = \dmem.datas[43]).
Adding EN signal on $memory\dmem.datas[44]$146215 ($dff) from module datapath_pipelined (D = $memory\dmem.datas$wrmux[44][2][0]$y$147139, Q = \dmem.datas[44]).
Adding EN signal on $memory\dmem.datas[45]$146217 ($dff) from module datapath_pipelined (D = $memory\dmem.datas$wrmux[45][2][0]$y$147153, Q = \dmem.datas[45]).
Adding EN signal on $memory\dmem.datas[46]$146219 ($dff) from module datapath_pipelined (D = $memory\dmem.datas$wrmux[46][2][0]$y$147167, Q = \dmem.datas[46]).
Adding EN signal on $memory\dmem.datas[47]$146221 ($dff) from module datapath_pipelined (D = $memory\dmem.datas$wrmux[47][2][0]$y$147181, Q = \dmem.datas[47]).
Adding EN signal on $memory\dmem.datas[48]$146223 ($dff) from module datapath_pipelined (D = $memory\dmem.datas$wrmux[48][2][0]$y$147199, Q = \dmem.datas[48]).
Adding EN signal on $memory\dmem.datas[49]$146225 ($dff) from module datapath_pipelined (D = $memory\dmem.datas$wrmux[49][2][0]$y$147213, Q = \dmem.datas[49]).
Adding EN signal on $memory\dmem.datas[50]$146227 ($dff) from module datapath_pipelined (D = $memory\dmem.datas$wrmux[50][2][0]$y$147227, Q = \dmem.datas[50]).
Adding EN signal on $memory\dmem.datas[51]$146229 ($dff) from module datapath_pipelined (D = $memory\dmem.datas$wrmux[51][2][0]$y$147241, Q = \dmem.datas[51]).
Adding EN signal on $memory\dmem.datas[52]$146231 ($dff) from module datapath_pipelined (D = $memory\dmem.datas$wrmux[52][2][0]$y$147255, Q = \dmem.datas[52]).
Adding EN signal on $memory\dmem.datas[53]$146233 ($dff) from module datapath_pipelined (D = $memory\dmem.datas$wrmux[53][2][0]$y$147269, Q = \dmem.datas[53]).
Adding EN signal on $memory\dmem.datas[54]$146235 ($dff) from module datapath_pipelined (D = $memory\dmem.datas$wrmux[54][2][0]$y$147283, Q = \dmem.datas[54]).
Adding EN signal on $memory\dmem.datas[55]$146237 ($dff) from module datapath_pipelined (D = $memory\dmem.datas$wrmux[55][2][0]$y$147297, Q = \dmem.datas[55]).
Adding EN signal on $memory\dmem.datas[56]$146239 ($dff) from module datapath_pipelined (D = $memory\dmem.datas$wrmux[56][2][0]$y$147313, Q = \dmem.datas[56]).
Adding EN signal on $memory\dmem.datas[57]$146241 ($dff) from module datapath_pipelined (D = $memory\dmem.datas$wrmux[57][2][0]$y$147327, Q = \dmem.datas[57]).
Adding EN signal on $memory\dmem.datas[58]$146243 ($dff) from module datapath_pipelined (D = $memory\dmem.datas$wrmux[58][2][0]$y$147341, Q = \dmem.datas[58]).
Adding EN signal on $memory\dmem.datas[59]$146245 ($dff) from module datapath_pipelined (D = $memory\dmem.datas$wrmux[59][2][0]$y$147355, Q = \dmem.datas[59]).
Adding EN signal on $memory\dmem.datas[60]$146247 ($dff) from module datapath_pipelined (D = $memory\dmem.datas$wrmux[60][2][0]$y$147369, Q = \dmem.datas[60]).
Adding EN signal on $memory\dmem.datas[61]$146249 ($dff) from module datapath_pipelined (D = $memory\dmem.datas$wrmux[61][2][0]$y$147383, Q = \dmem.datas[61]).
Adding EN signal on $memory\dmem.datas[62]$146251 ($dff) from module datapath_pipelined (D = $memory\dmem.datas$wrmux[62][2][0]$y$147397, Q = \dmem.datas[62]).
Adding EN signal on $memory\dmem.datas[63]$146253 ($dff) from module datapath_pipelined (D = $memory\dmem.datas$wrmux[63][2][0]$y$147411, Q = \dmem.datas[63]).

7.34.16. Executing OPT_CLEAN pass (remove unused cells and wires).
Finding unused cells or wires in module \datapath_pipelined..
Removed 0 unused cells and 6 unused wires.
<suppressed ~1 debug messages>

7.34.17. Executing OPT_EXPR pass (perform const folding).
Optimizing module datapath_pipelined.
<suppressed ~192 debug messages>

7.34.18. Rerunning OPT passes. (Maybe there is more to do..)

7.34.19. Executing OPT_MUXTREE pass (detect dead branches in mux trees).
Running muxtree optimizer on module \datapath_pipelined..
  Creating internal representation of mux trees.
  Evaluating internal representation of mux trees.
  Analyzing evaluation results.
Removed 0 multiplexer ports.
<suppressed ~389 debug messages>

7.34.20. Executing OPT_REDUCE pass (consolidate $*mux and $reduce_* inputs).
  Optimizing cells in module \datapath_pipelined.
Performed a total of 0 changes.

7.34.21. Executing OPT_MERGE pass (detect identical cells).
Finding identical cells in module `\datapath_pipelined'.
Computing hashes of 977 cells of `\datapath_pipelined'.
Finding duplicate cells in `\datapath_pipelined'.
Removed a total of 0 cells.

7.34.22. Executing OPT_SHARE pass.

7.34.23. Executing OPT_DFF pass (perform DFF optimizations).
Adding SRST signal on $auto$ff.cc:337:slice$147413 ($dffe) from module datapath_pipelined (D = \fw_mux.wdata, Q = \regfile.registers[0], rval = 0).
Adding SRST signal on $auto$ff.cc:337:slice$147416 ($dffe) from module datapath_pipelined (D = \fw_mux.wdata, Q = \regfile.registers[1], rval = 0).
Adding SRST signal on $auto$ff.cc:337:slice$147419 ($dffe) from module datapath_pipelined (D = \fw_mux.wdata, Q = \regfile.registers[2], rval = 0).
Adding SRST signal on $auto$ff.cc:337:slice$147422 ($dffe) from module datapath_pipelined (D = \fw_mux.wdata, Q = \regfile.registers[3], rval = 0).
Adding SRST signal on $auto$ff.cc:337:slice$147425 ($dffe) from module datapath_pipelined (D = \fw_mux.wdata, Q = \regfile.registers[4], rval = 0).
Adding SRST signal on $auto$ff.cc:337:slice$147428 ($dffe) from module datapath_pipelined (D = \fw_mux.wdata, Q = \regfile.registers[5], rval = 0).
Adding SRST signal on $auto$ff.cc:337:slice$147431 ($dffe) from module datapath_pipelined (D = \fw_mux.wdata, Q = \regfile.registers[6], rval = 0).
Adding SRST signal on $auto$ff.cc:337:slice$147434 ($dffe) from module datapath_pipelined (D = \fw_mux.wdata, Q = \regfile.registers[7], rval = 0).
Adding SRST signal on $auto$ff.cc:337:slice$147437 ($dffe) from module datapath_pipelined (D = \fw_mux.wdata, Q = \regfile.registers[8], rval = 0).
Adding SRST signal on $auto$ff.cc:337:slice$147440 ($dffe) from module datapath_pipelined (D = \fw_mux.wdata, Q = \regfile.registers[9], rval = 0).
Adding SRST signal on $auto$ff.cc:337:slice$147443 ($dffe) from module datapath_pipelined (D = \fw_mux.wdata, Q = \regfile.registers[10], rval = 0).
Adding SRST signal on $auto$ff.cc:337:slice$147446 ($dffe) from module datapath_pipelined (D = \fw_mux.wdata, Q = \regfile.registers[11], rval = 0).
Adding SRST signal on $auto$ff.cc:337:slice$147449 ($dffe) from module datapath_pipelined (D = \fw_mux.wdata, Q = \regfile.registers[12], rval = 0).
Adding SRST signal on $auto$ff.cc:337:slice$147452 ($dffe) from module datapath_pipelined (D = \fw_mux.wdata, Q = \regfile.registers[13], rval = 0).
Adding SRST signal on $auto$ff.cc:337:slice$147455 ($dffe) from module datapath_pipelined (D = \fw_mux.wdata, Q = \regfile.registers[14], rval = 0).
Adding SRST signal on $auto$ff.cc:337:slice$147458 ($dffe) from module datapath_pipelined (D = \fw_mux.wdata, Q = \regfile.registers[15], rval = 0).
Adding SRST signal on $auto$ff.cc:337:slice$147461 ($dffe) from module datapath_pipelined (D = \fw_mux.wdata, Q = \regfile.registers[16], rval = 0).
Adding SRST signal on $auto$ff.cc:337:slice$147464 ($dffe) from module datapath_pipelined (D = \fw_mux.wdata, Q = \regfile.registers[17], rval = 0).
Adding SRST signal on $auto$ff.cc:337:slice$147467 ($dffe) from module datapath_pipelined (D = \fw_mux.wdata, Q = \regfile.registers[18], rval = 0).
Adding SRST signal on $auto$ff.cc:337:slice$147470 ($dffe) from module datapath_pipelined (D = \fw_mux.wdata, Q = \regfile.registers[19], rval = 0).
Adding SRST signal on $auto$ff.cc:337:slice$147473 ($dffe) from module datapath_pipelined (D = \fw_mux.wdata, Q = \regfile.registers[20], rval = 0).
Adding SRST signal on $auto$ff.cc:337:slice$147476 ($dffe) from module datapath_pipelined (D = \fw_mux.wdata, Q = \regfile.registers[21], rval = 0).
Adding SRST signal on $auto$ff.cc:337:slice$147479 ($dffe) from module datapath_pipelined (D = \fw_mux.wdata, Q = \regfile.registers[22], rval = 0).
Adding SRST signal on $auto$ff.cc:337:slice$147482 ($dffe) from module datapath_pipelined (D = \fw_mux.wdata, Q = \regfile.registers[23], rval = 0).
Adding SRST signal on $auto$ff.cc:337:slice$147485 ($dffe) from module datapath_pipelined (D = \fw_mux.wdata, Q = \regfile.registers[24], rval = 0).
Adding SRST signal on $auto$ff.cc:337:slice$147488 ($dffe) from module datapath_pipelined (D = \fw_mux.wdata, Q = \regfile.registers[25], rval = 0).
Adding SRST signal on $auto$ff.cc:337:slice$147491 ($dffe) from module datapath_pipelined (D = \fw_mux.wdata, Q = \regfile.registers[26], rval = 0).
Adding SRST signal on $auto$ff.cc:337:slice$147494 ($dffe) from module datapath_pipelined (D = \fw_mux.wdata, Q = \regfile.registers[27], rval = 0).
Adding SRST signal on $auto$ff.cc:337:slice$147497 ($dffe) from module datapath_pipelined (D = \fw_mux.wdata, Q = \regfile.registers[28], rval = 0).
Adding SRST signal on $auto$ff.cc:337:slice$147500 ($dffe) from module datapath_pipelined (D = \fw_mux.wdata, Q = \regfile.registers[29], rval = 0).
Adding SRST signal on $auto$ff.cc:337:slice$147503 ($dffe) from module datapath_pipelined (D = \fw_mux.wdata, Q = \regfile.registers[30], rval = 0).
Adding SRST signal on $auto$ff.cc:337:slice$147506 ($dffe) from module datapath_pipelined (D = \fw_mux.wdata, Q = \regfile.registers[31], rval = 0).
Adding SRST signal on $auto$ff.cc:337:slice$147509 ($dffe) from module datapath_pipelined (D = \ex_mem.rdata2_out, Q = \dmem.datas[0], rval = 0).
Adding SRST signal on $auto$ff.cc:337:slice$147512 ($dffe) from module datapath_pipelined (D = \ex_mem.rdata2_out, Q = \dmem.datas[1], rval = 0).
Adding SRST signal on $auto$ff.cc:337:slice$147515 ($dffe) from module datapath_pipelined (D = \ex_mem.rdata2_out, Q = \dmem.datas[2], rval = 0).
Adding SRST signal on $auto$ff.cc:337:slice$147518 ($dffe) from module datapath_pipelined (D = \ex_mem.rdata2_out, Q = \dmem.datas[3], rval = 0).
Adding SRST signal on $auto$ff.cc:337:slice$147521 ($dffe) from module datapath_pipelined (D = \ex_mem.rdata2_out, Q = \dmem.datas[4], rval = 0).
Adding SRST signal on $auto$ff.cc:337:slice$147524 ($dffe) from module datapath_pipelined (D = \ex_mem.rdata2_out, Q = \dmem.datas[5], rval = 0).
Adding SRST signal on $auto$ff.cc:337:slice$147527 ($dffe) from module datapath_pipelined (D = \ex_mem.rdata2_out, Q = \dmem.datas[6], rval = 0).
Adding SRST signal on $auto$ff.cc:337:slice$147530 ($dffe) from module datapath_pipelined (D = \ex_mem.rdata2_out, Q = \dmem.datas[7], rval = 0).
Adding SRST signal on $auto$ff.cc:337:slice$147533 ($dffe) from module datapath_pipelined (D = \ex_mem.rdata2_out, Q = \dmem.datas[8], rval = 0).
Adding SRST signal on $auto$ff.cc:337:slice$147536 ($dffe) from module datapath_pipelined (D = \ex_mem.rdata2_out, Q = \dmem.datas[9], rval = 0).
Adding SRST signal on $auto$ff.cc:337:slice$147539 ($dffe) from module datapath_pipelined (D = \ex_mem.rdata2_out, Q = \dmem.datas[10], rval = 0).
Adding SRST signal on $auto$ff.cc:337:slice$147542 ($dffe) from module datapath_pipelined (D = \ex_mem.rdata2_out, Q = \dmem.datas[11], rval = 0).
Adding SRST signal on $auto$ff.cc:337:slice$147545 ($dffe) from module datapath_pipelined (D = \ex_mem.rdata2_out, Q = \dmem.datas[12], rval = 0).
Adding SRST signal on $auto$ff.cc:337:slice$147548 ($dffe) from module datapath_pipelined (D = \ex_mem.rdata2_out, Q = \dmem.datas[13], rval = 0).
Adding SRST signal on $auto$ff.cc:337:slice$147551 ($dffe) from module datapath_pipelined (D = \ex_mem.rdata2_out, Q = \dmem.datas[14], rval = 0).
Adding SRST signal on $auto$ff.cc:337:slice$147554 ($dffe) from module datapath_pipelined (D = \ex_mem.rdata2_out, Q = \dmem.datas[15], rval = 0).
Adding SRST signal on $auto$ff.cc:337:slice$147557 ($dffe) from module datapath_pipelined (D = \ex_mem.rdata2_out, Q = \dmem.datas[16], rval = 0).
Adding SRST signal on $auto$ff.cc:337:slice$147560 ($dffe) from module datapath_pipelined (D = \ex_mem.rdata2_out, Q = \dmem.datas[17], rval = 0).
Adding SRST signal on $auto$ff.cc:337:slice$147563 ($dffe) from module datapath_pipelined (D = \ex_mem.rdata2_out, Q = \dmem.datas[18], rval = 0).
Adding SRST signal on $auto$ff.cc:337:slice$147566 ($dffe) from module datapath_pipelined (D = \ex_mem.rdata2_out, Q = \dmem.datas[19], rval = 0).
Adding SRST signal on $auto$ff.cc:337:slice$147569 ($dffe) from module datapath_pipelined (D = \ex_mem.rdata2_out, Q = \dmem.datas[20], rval = 0).
Adding SRST signal on $auto$ff.cc:337:slice$147572 ($dffe) from module datapath_pipelined (D = \ex_mem.rdata2_out, Q = \dmem.datas[21], rval = 0).
Adding SRST signal on $auto$ff.cc:337:slice$147575 ($dffe) from module datapath_pipelined (D = \ex_mem.rdata2_out, Q = \dmem.datas[22], rval = 0).
Adding SRST signal on $auto$ff.cc:337:slice$147578 ($dffe) from module datapath_pipelined (D = \ex_mem.rdata2_out, Q = \dmem.datas[23], rval = 0).
Adding SRST signal on $auto$ff.cc:337:slice$147581 ($dffe) from module datapath_pipelined (D = \ex_mem.rdata2_out, Q = \dmem.datas[24], rval = 0).
Adding SRST signal on $auto$ff.cc:337:slice$147584 ($dffe) from module datapath_pipelined (D = \ex_mem.rdata2_out, Q = \dmem.datas[25], rval = 0).
Adding SRST signal on $auto$ff.cc:337:slice$147587 ($dffe) from module datapath_pipelined (D = \ex_mem.rdata2_out, Q = \dmem.datas[26], rval = 0).
Adding SRST signal on $auto$ff.cc:337:slice$147590 ($dffe) from module datapath_pipelined (D = \ex_mem.rdata2_out, Q = \dmem.datas[27], rval = 0).
Adding SRST signal on $auto$ff.cc:337:slice$147593 ($dffe) from module datapath_pipelined (D = \ex_mem.rdata2_out, Q = \dmem.datas[28], rval = 0).
Adding SRST signal on $auto$ff.cc:337:slice$147596 ($dffe) from module datapath_pipelined (D = \ex_mem.rdata2_out, Q = \dmem.datas[29], rval = 0).
Adding SRST signal on $auto$ff.cc:337:slice$147599 ($dffe) from module datapath_pipelined (D = \ex_mem.rdata2_out, Q = \dmem.datas[30], rval = 0).
Adding SRST signal on $auto$ff.cc:337:slice$147602 ($dffe) from module datapath_pipelined (D = \ex_mem.rdata2_out, Q = \dmem.datas[31], rval = 0).
Adding SRST signal on $auto$ff.cc:337:slice$147605 ($dffe) from module datapath_pipelined (D = \ex_mem.rdata2_out, Q = \dmem.datas[32], rval = 0).
Adding SRST signal on $auto$ff.cc:337:slice$147608 ($dffe) from module datapath_pipelined (D = \ex_mem.rdata2_out, Q = \dmem.datas[33], rval = 0).
Adding SRST signal on $auto$ff.cc:337:slice$147611 ($dffe) from module datapath_pipelined (D = \ex_mem.rdata2_out, Q = \dmem.datas[34], rval = 0).
Adding SRST signal on $auto$ff.cc:337:slice$147614 ($dffe) from module datapath_pipelined (D = \ex_mem.rdata2_out, Q = \dmem.datas[35], rval = 0).
Adding SRST signal on $auto$ff.cc:337:slice$147617 ($dffe) from module datapath_pipelined (D = \ex_mem.rdata2_out, Q = \dmem.datas[36], rval = 0).
Adding SRST signal on $auto$ff.cc:337:slice$147620 ($dffe) from module datapath_pipelined (D = \ex_mem.rdata2_out, Q = \dmem.datas[37], rval = 0).
Adding SRST signal on $auto$ff.cc:337:slice$147623 ($dffe) from module datapath_pipelined (D = \ex_mem.rdata2_out, Q = \dmem.datas[38], rval = 0).
Adding SRST signal on $auto$ff.cc:337:slice$147626 ($dffe) from module datapath_pipelined (D = \ex_mem.rdata2_out, Q = \dmem.datas[39], rval = 0).
Adding SRST signal on $auto$ff.cc:337:slice$147629 ($dffe) from module datapath_pipelined (D = \ex_mem.rdata2_out, Q = \dmem.datas[40], rval = 0).
Adding SRST signal on $auto$ff.cc:337:slice$147632 ($dffe) from module datapath_pipelined (D = \ex_mem.rdata2_out, Q = \dmem.datas[41], rval = 0).
Adding SRST signal on $auto$ff.cc:337:slice$147635 ($dffe) from module datapath_pipelined (D = \ex_mem.rdata2_out, Q = \dmem.datas[42], rval = 0).
Adding SRST signal on $auto$ff.cc:337:slice$147638 ($dffe) from module datapath_pipelined (D = \ex_mem.rdata2_out, Q = \dmem.datas[43], rval = 0).
Adding SRST signal on $auto$ff.cc:337:slice$147641 ($dffe) from module datapath_pipelined (D = \ex_mem.rdata2_out, Q = \dmem.datas[44], rval = 0).
Adding SRST signal on $auto$ff.cc:337:slice$147644 ($dffe) from module datapath_pipelined (D = \ex_mem.rdata2_out, Q = \dmem.datas[45], rval = 0).
Adding SRST signal on $auto$ff.cc:337:slice$147647 ($dffe) from module datapath_pipelined (D = \ex_mem.rdata2_out, Q = \dmem.datas[46], rval = 0).
Adding SRST signal on $auto$ff.cc:337:slice$147650 ($dffe) from module datapath_pipelined (D = \ex_mem.rdata2_out, Q = \dmem.datas[47], rval = 0).
Adding SRST signal on $auto$ff.cc:337:slice$147653 ($dffe) from module datapath_pipelined (D = \ex_mem.rdata2_out, Q = \dmem.datas[48], rval = 0).
Adding SRST signal on $auto$ff.cc:337:slice$147656 ($dffe) from module datapath_pipelined (D = \ex_mem.rdata2_out, Q = \dmem.datas[49], rval = 0).
Adding SRST signal on $auto$ff.cc:337:slice$147659 ($dffe) from module datapath_pipelined (D = \ex_mem.rdata2_out, Q = \dmem.datas[50], rval = 0).
Adding SRST signal on $auto$ff.cc:337:slice$147662 ($dffe) from module datapath_pipelined (D = \ex_mem.rdata2_out, Q = \dmem.datas[51], rval = 0).
Adding SRST signal on $auto$ff.cc:337:slice$147665 ($dffe) from module datapath_pipelined (D = \ex_mem.rdata2_out, Q = \dmem.datas[52], rval = 0).
Adding SRST signal on $auto$ff.cc:337:slice$147668 ($dffe) from module datapath_pipelined (D = \ex_mem.rdata2_out, Q = \dmem.datas[53], rval = 0).
Adding SRST signal on $auto$ff.cc:337:slice$147671 ($dffe) from module datapath_pipelined (D = \ex_mem.rdata2_out, Q = \dmem.datas[54], rval = 0).
Adding SRST signal on $auto$ff.cc:337:slice$147674 ($dffe) from module datapath_pipelined (D = \ex_mem.rdata2_out, Q = \dmem.datas[55], rval = 0).
Adding SRST signal on $auto$ff.cc:337:slice$147677 ($dffe) from module datapath_pipelined (D = \ex_mem.rdata2_out, Q = \dmem.datas[56], rval = 0).
Adding SRST signal on $auto$ff.cc:337:slice$147680 ($dffe) from module datapath_pipelined (D = \ex_mem.rdata2_out, Q = \dmem.datas[57], rval = 0).
Adding SRST signal on $auto$ff.cc:337:slice$147683 ($dffe) from module datapath_pipelined (D = \ex_mem.rdata2_out, Q = \dmem.datas[58], rval = 0).
Adding SRST signal on $auto$ff.cc:337:slice$147686 ($dffe) from module datapath_pipelined (D = \ex_mem.rdata2_out, Q = \dmem.datas[59], rval = 0).
Adding SRST signal on $auto$ff.cc:337:slice$147689 ($dffe) from module datapath_pipelined (D = \ex_mem.rdata2_out, Q = \dmem.datas[60], rval = 0).
Adding SRST signal on $auto$ff.cc:337:slice$147692 ($dffe) from module datapath_pipelined (D = \ex_mem.rdata2_out, Q = \dmem.datas[61], rval = 0).
Adding SRST signal on $auto$ff.cc:337:slice$147695 ($dffe) from module datapath_pipelined (D = \ex_mem.rdata2_out, Q = \dmem.datas[62], rval = 0).
Adding SRST signal on $auto$ff.cc:337:slice$147698 ($dffe) from module datapath_pipelined (D = \ex_mem.rdata2_out, Q = \dmem.datas[63], rval = 0).

7.34.24. Executing OPT_CLEAN pass (remove unused cells and wires).
Finding unused cells or wires in module \datapath_pipelined..
Removed 96 unused cells and 192 unused wires.
<suppressed ~97 debug messages>

7.34.25. Executing OPT_EXPR pass (perform const folding).
Optimizing module datapath_pipelined.

7.34.26. Rerunning OPT passes. (Maybe there is more to do..)

7.34.27. Executing OPT_MUXTREE pass (detect dead branches in mux trees).
Running muxtree optimizer on module \datapath_pipelined..
  Creating internal representation of mux trees.
  Evaluating internal representation of mux trees.
  Analyzing evaluation results.
Removed 0 multiplexer ports.
<suppressed ~197 debug messages>

7.34.28. Executing OPT_REDUCE pass (consolidate $*mux and $reduce_* inputs).
  Optimizing cells in module \datapath_pipelined.
Performed a total of 0 changes.

7.34.29. Executing OPT_MERGE pass (detect identical cells).
Finding identical cells in module `\datapath_pipelined'.
Computing hashes of 881 cells of `\datapath_pipelined'.
Finding duplicate cells in `\datapath_pipelined'.
Removed a total of 0 cells.

7.34.30. Executing OPT_SHARE pass.

7.34.31. Executing OPT_DFF pass (perform DFF optimizations).

7.34.32. Executing OPT_CLEAN pass (remove unused cells and wires).
Finding unused cells or wires in module \datapath_pipelined..

7.34.33. Executing OPT_EXPR pass (perform const folding).
Optimizing module datapath_pipelined.

7.34.34. Finished fast OPT passes. (There is nothing left to do.)

7.35. Executing XILINX_SRL pass (Xilinx shift register extraction).

7.36. Executing TECHMAP pass (map to technology primitives).

7.36.1. Executing Verilog-2005 frontend: /home/shady_wsl/tools/oss-cad-suite/lib/../share/yosys/techmap.v
Parsing Verilog input from `/home/shady_wsl/tools/oss-cad-suite/lib/../share/yosys/techmap.v' to AST representation.
Generating RTLIL representation for module `\_90_simplemap_bool_ops'.
Generating RTLIL representation for module `\_90_simplemap_reduce_ops'.
Generating RTLIL representation for module `\_90_simplemap_logic_ops'.
Generating RTLIL representation for module `\_90_simplemap_compare_ops'.
Generating RTLIL representation for module `\_90_simplemap_various'.
Generating RTLIL representation for module `\_90_simplemap_registers'.
Generating RTLIL representation for module `\_90_shift_ops_shr_shl_sshl_sshr'.
Generating RTLIL representation for module `\_90_shift_shiftx'.
Generating RTLIL representation for module `\_90_fa'.
Generating RTLIL representation for module `\_90_lcu_brent_kung'.
Generating RTLIL representation for module `\_90_alu'.
Generating RTLIL representation for module `\_90_macc'.
Generating RTLIL representation for module `\_90_alumacc'.
Generating RTLIL representation for module `$__div_mod_u'.
Generating RTLIL representation for module `$__div_mod_trunc'.
Generating RTLIL representation for module `\_90_div'.
Generating RTLIL representation for module `\_90_mod'.
Generating RTLIL representation for module `$__div_mod_floor'.
Generating RTLIL representation for module `\_90_divfloor'.
Generating RTLIL representation for module `\_90_modfloor'.
Generating RTLIL representation for module `\_90_pow'.
Generating RTLIL representation for module `\_90_demux'.
Generating RTLIL representation for module `\_90_lut'.
Generating RTLIL representation for module `$connect'.
Generating RTLIL representation for module `$input_port'.
Successfully finished Verilog frontend.

7.36.2. Executing Verilog-2005 frontend: /home/shady_wsl/tools/oss-cad-suite/lib/../share/yosys/xilinx/arith_map.v
Parsing Verilog input from `/home/shady_wsl/tools/oss-cad-suite/lib/../share/yosys/xilinx/arith_map.v' to AST representation.
Generating RTLIL representation for module `\_80_xilinx_lcu'.
Generating RTLIL representation for module `\_80_xilinx_alu'.
Successfully finished Verilog frontend.

7.36.3. Continuing TECHMAP pass.
Using extmapper simplemap for cells of type $sdffce.
Using extmapper simplemap for cells of type $reduce_bool.
Using extmapper simplemap for cells of type $sdff.
Using extmapper simplemap for cells of type $and.
Using extmapper simplemap for cells of type $not.
Using extmapper simplemap for cells of type $sdffe.
Using extmapper simplemap for cells of type $reduce_and.
Using template $paramod$4fc821520cb3a924f2bc6fa8576a539779b37dc8\_80_xilinx_alu for cells of type $alu.
Using template $paramod$25c4246495a9f56061a0efa92b046161d5d15f2e\_80_xilinx_alu for cells of type $alu.
Using template $paramod$599fc21b257bc9b96c6caef6b35a2ec30d8fdbca\_80_xilinx_alu for cells of type $alu.
Using template $paramod$constmap:4621fcf06a436d1e2a4080e2ed9866a7d07a6e07$paramod$e765c459d3029c22a22a27989e94858fd9ebfa9c\_90_shift_ops_shr_shl_sshl_sshr for cells of type $sshr.
Using template $paramod$constmap:4621fcf06a436d1e2a4080e2ed9866a7d07a6e07$paramod$feecc7a0dbd012970970f2858f15e786e251f677\_90_shift_ops_shr_shl_sshl_sshr for cells of type $shr.
Using template $paramod$constmap:4621fcf06a436d1e2a4080e2ed9866a7d07a6e07$paramod$335cfd09f1afa8139c4aafcbbe5f361887b79c5e\_90_shift_ops_shr_shl_sshl_sshr for cells of type $shl.
Using template $paramod\_80_xilinx_lcu\WIDTH=s32'00000000000000000000000000001011 for cells of type $lcu.
Using template $paramod$constmap:ef92a36aad608dcea49be6f0ee2747b0df639e38$paramod$23cddbd406cf321b741f23b1783b917d9c668aa9\_90_shift_shiftx for cells of type $shiftx.
Using template $paramod$constmap:e75f37f4fd02daa5fc039c760bf4ae7898b8c343$paramod$1767781abb5510778c640b45ef027371b766e589\_90_shift_shiftx for cells of type $shiftx.
Using template $paramod$constmap:2807e8398629ea7b9c56bc56d1f28d5277219066$paramod$32d74cfbaa940f39e561c6a3d936c3201b928992\_90_shift_shiftx for cells of type $shiftx.
Using extmapper simplemap for cells of type $reduce_or.
Using extmapper simplemap for cells of type $xnor.
Using extmapper simplemap for cells of type $eq.
Using extmapper simplemap for cells of type $or.
Using extmapper simplemap for cells of type $pmux.
Using extmapper simplemap for cells of type $logic_not.
Using extmapper simplemap for cells of type $logic_or.
Using extmapper simplemap for cells of type $logic_and.
Using extmapper simplemap for cells of type $xor.
Using extmapper simplemap for cells of type $pos.
No more expansions possible.
<suppressed ~3202 debug messages>

7.37. Executing OPT pass (performing simple optimizations).

7.37.1. Executing OPT_EXPR pass (perform const folding).
Optimizing module datapath_pipelined.
<suppressed ~620 debug messages>

7.37.2. Executing OPT_MERGE pass (detect identical cells).
Finding identical cells in module `\datapath_pipelined'.
Computing hashes of 12828 cells of `\datapath_pipelined'.
Finding duplicate cells in `\datapath_pipelined'.
Computing hashes of 12460 cells of `\datapath_pipelined'.
Finding duplicate cells in `\datapath_pipelined'.
Computing hashes of 12196 cells of `\datapath_pipelined'.
Finding duplicate cells in `\datapath_pipelined'.
Computing hashes of 11978 cells of `\datapath_pipelined'.
Finding duplicate cells in `\datapath_pipelined'.
Computing hashes of 11837 cells of `\datapath_pipelined'.
Finding duplicate cells in `\datapath_pipelined'.
Computing hashes of 11836 cells of `\datapath_pipelined'.
Finding duplicate cells in `\datapath_pipelined'.
<suppressed ~2976 debug messages>
Removed a total of 992 cells.

7.37.3. Executing OPT_DFF pass (perform DFF optimizations).
Adding SRST signal on $auto$ff.cc:337:slice$153016 ($_SDFF_PP0_) from module datapath_pipelined (D = $auto$simplemap.cc:189:logic_reduce$156381, Q = \id_ex.imm_out [31], rval = 1'0).
Adding SRST signal on $auto$ff.cc:337:slice$153021 ($_SDFF_PP0_) from module datapath_pipelined (D = $auto$simplemap.cc:189:logic_reduce$155684, Q = \id_ex.memregpc_out [1], rval = 1'0).
Adding SRST signal on $auto$ff.cc:337:slice$152985 ($_SDFF_PP0_) from module datapath_pipelined (D = $auto$simplemap.cc:189:logic_reduce$155730, Q = \id_ex.imm_out [0], rval = 1'0).
Adding SRST signal on $auto$ff.cc:337:slice$152986 ($_SDFF_PP0_) from module datapath_pipelined (D = $auto$simplemap.cc:189:logic_reduce$155751, Q = \id_ex.imm_out [1], rval = 1'0).
Adding SRST signal on $auto$ff.cc:337:slice$152987 ($_SDFF_PP0_) from module datapath_pipelined (D = $auto$simplemap.cc:189:logic_reduce$155772, Q = \id_ex.imm_out [2], rval = 1'0).
Adding SRST signal on $auto$ff.cc:337:slice$152988 ($_SDFF_PP0_) from module datapath_pipelined (D = $auto$simplemap.cc:189:logic_reduce$155793, Q = \id_ex.imm_out [3], rval = 1'0).
Adding SRST signal on $auto$ff.cc:337:slice$152989 ($_SDFF_PP0_) from module datapath_pipelined (D = $auto$simplemap.cc:189:logic_reduce$155814, Q = \id_ex.imm_out [4], rval = 1'0).
Adding SRST signal on $auto$ff.cc:337:slice$152990 ($_SDFF_PP0_) from module datapath_pipelined (D = $auto$simplemap.cc:189:logic_reduce$155835, Q = \id_ex.imm_out [5], rval = 1'0).
Adding SRST signal on $auto$ff.cc:337:slice$152991 ($_SDFF_PP0_) from module datapath_pipelined (D = $auto$simplemap.cc:189:logic_reduce$155856, Q = \id_ex.imm_out [6], rval = 1'0).
Adding SRST signal on $auto$ff.cc:337:slice$152992 ($_SDFF_PP0_) from module datapath_pipelined (D = $auto$simplemap.cc:189:logic_reduce$155877, Q = \id_ex.imm_out [7], rval = 1'0).
Adding SRST signal on $auto$ff.cc:337:slice$152993 ($_SDFF_PP0_) from module datapath_pipelined (D = $auto$simplemap.cc:189:logic_reduce$155898, Q = \id_ex.imm_out [8], rval = 1'0).
Adding SRST signal on $auto$ff.cc:337:slice$152994 ($_SDFF_PP0_) from module datapath_pipelined (D = $auto$simplemap.cc:189:logic_reduce$155919, Q = \id_ex.imm_out [9], rval = 1'0).
Adding SRST signal on $auto$ff.cc:337:slice$152995 ($_SDFF_PP0_) from module datapath_pipelined (D = $auto$simplemap.cc:189:logic_reduce$155940, Q = \id_ex.imm_out [10], rval = 1'0).
Adding SRST signal on $auto$ff.cc:337:slice$152996 ($_SDFF_PP0_) from module datapath_pipelined (D = $auto$simplemap.cc:189:logic_reduce$155961, Q = \id_ex.imm_out [11], rval = 1'0).
Adding SRST signal on $auto$ff.cc:337:slice$152997 ($_SDFF_PP0_) from module datapath_pipelined (D = $auto$simplemap.cc:189:logic_reduce$155982, Q = \id_ex.imm_out [12], rval = 1'0).
Adding SRST signal on $auto$ff.cc:337:slice$152998 ($_SDFF_PP0_) from module datapath_pipelined (D = $auto$simplemap.cc:189:logic_reduce$156003, Q = \id_ex.imm_out [13], rval = 1'0).
Adding SRST signal on $auto$ff.cc:337:slice$152999 ($_SDFF_PP0_) from module datapath_pipelined (D = $auto$simplemap.cc:189:logic_reduce$156024, Q = \id_ex.imm_out [14], rval = 1'0).
Adding SRST signal on $auto$ff.cc:337:slice$153000 ($_SDFF_PP0_) from module datapath_pipelined (D = $auto$simplemap.cc:189:logic_reduce$156045, Q = \id_ex.imm_out [15], rval = 1'0).
Adding SRST signal on $auto$ff.cc:337:slice$153001 ($_SDFF_PP0_) from module datapath_pipelined (D = $auto$simplemap.cc:189:logic_reduce$156066, Q = \id_ex.imm_out [16], rval = 1'0).
Adding SRST signal on $auto$ff.cc:337:slice$153002 ($_SDFF_PP0_) from module datapath_pipelined (D = $auto$simplemap.cc:189:logic_reduce$156087, Q = \id_ex.imm_out [17], rval = 1'0).
Adding SRST signal on $auto$ff.cc:337:slice$153003 ($_SDFF_PP0_) from module datapath_pipelined (D = $auto$simplemap.cc:189:logic_reduce$156108, Q = \id_ex.imm_out [18], rval = 1'0).
Adding SRST signal on $auto$ff.cc:337:slice$153004 ($_SDFF_PP0_) from module datapath_pipelined (D = $auto$simplemap.cc:189:logic_reduce$156129, Q = \id_ex.imm_out [19], rval = 1'0).
Adding SRST signal on $auto$ff.cc:337:slice$153005 ($_SDFF_PP0_) from module datapath_pipelined (D = $auto$simplemap.cc:189:logic_reduce$156150, Q = \id_ex.imm_out [20], rval = 1'0).
Adding SRST signal on $auto$ff.cc:337:slice$153006 ($_SDFF_PP0_) from module datapath_pipelined (D = $auto$simplemap.cc:189:logic_reduce$156171, Q = \id_ex.imm_out [21], rval = 1'0).
Adding SRST signal on $auto$ff.cc:337:slice$153007 ($_SDFF_PP0_) from module datapath_pipelined (D = $auto$simplemap.cc:189:logic_reduce$156192, Q = \id_ex.imm_out [22], rval = 1'0).
Adding SRST signal on $auto$ff.cc:337:slice$153008 ($_SDFF_PP0_) from module datapath_pipelined (D = $auto$simplemap.cc:189:logic_reduce$156213, Q = \id_ex.imm_out [23], rval = 1'0).
Adding SRST signal on $auto$ff.cc:337:slice$153009 ($_SDFF_PP0_) from module datapath_pipelined (D = $auto$simplemap.cc:189:logic_reduce$156234, Q = \id_ex.imm_out [24], rval = 1'0).
Adding SRST signal on $auto$ff.cc:337:slice$153010 ($_SDFF_PP0_) from module datapath_pipelined (D = $auto$simplemap.cc:189:logic_reduce$156255, Q = \id_ex.imm_out [25], rval = 1'0).
Adding SRST signal on $auto$ff.cc:337:slice$153011 ($_SDFF_PP0_) from module datapath_pipelined (D = $auto$simplemap.cc:189:logic_reduce$156276, Q = \id_ex.imm_out [26], rval = 1'0).
Adding SRST signal on $auto$ff.cc:337:slice$153012 ($_SDFF_PP0_) from module datapath_pipelined (D = $auto$simplemap.cc:189:logic_reduce$156297, Q = \id_ex.imm_out [27], rval = 1'0).
Adding SRST signal on $auto$ff.cc:337:slice$153013 ($_SDFF_PP0_) from module datapath_pipelined (D = $auto$simplemap.cc:189:logic_reduce$156318, Q = \id_ex.imm_out [28], rval = 1'0).
Adding SRST signal on $auto$ff.cc:337:slice$153014 ($_SDFF_PP0_) from module datapath_pipelined (D = $auto$simplemap.cc:189:logic_reduce$156339, Q = \id_ex.imm_out [29], rval = 1'0).
Adding SRST signal on $auto$ff.cc:337:slice$153015 ($_SDFF_PP0_) from module datapath_pipelined (D = $auto$simplemap.cc:189:logic_reduce$156360, Q = \id_ex.imm_out [30], rval = 1'0).
Adding SRST signal on $auto$ff.cc:337:slice$153020 ($_SDFF_PP0_) from module datapath_pipelined (D = $auto$simplemap.cc:189:logic_reduce$155673, Q = \id_ex.memregpc_out [0], rval = 1'0).

7.37.4. Executing OPT_CLEAN pass (remove unused cells and wires).
Finding unused cells or wires in module \datapath_pipelined..
Removed 1287 unused cells and 533 unused wires.
<suppressed ~1294 debug messages>

7.37.5. Rerunning OPT passes. (Removed registers in this run.)

7.37.6. Executing OPT_EXPR pass (perform const folding).
Optimizing module datapath_pipelined.
<suppressed ~6 debug messages>

7.37.7. Executing OPT_MERGE pass (detect identical cells).
Finding identical cells in module `\datapath_pipelined'.
Computing hashes of 10611 cells of `\datapath_pipelined'.
Finding duplicate cells in `\datapath_pipelined'.
Computing hashes of 10578 cells of `\datapath_pipelined'.
Finding duplicate cells in `\datapath_pipelined'.
Computing hashes of 10546 cells of `\datapath_pipelined'.
Finding duplicate cells in `\datapath_pipelined'.
<suppressed ~195 debug messages>
Removed a total of 65 cells.

7.37.8. Executing OPT_DFF pass (perform DFF optimizations).

7.37.9. Executing OPT_CLEAN pass (remove unused cells and wires).
Finding unused cells or wires in module \datapath_pipelined..
Removed 0 unused cells and 65 unused wires.
<suppressed ~1 debug messages>

7.37.10. Finished fast OPT passes.

8. Executing LTP pass (find longest path).

Longest topological path in datapath_pipelined (length=39):
    0: \id_ex.rs2_out [3]
    1: $auto$simplemap.cc:271:simplemap_eqne$158846 [3] (via $auto$simplemap.cc:106:simplemap_bitop$158851)
    2: $auto$simplemap.cc:148:simplemap_reduce$158855 [1] (via $auto$simplemap.cc:157:simplemap_reduce$158857)
    3: $auto$simplemap.cc:148:simplemap_reduce$158858 (via $auto$simplemap.cc:157:simplemap_reduce$158859)
    4: $auto$simplemap.cc:277:simplemap_eqne$158853 (via $auto$simplemap.cc:157:simplemap_reduce$158861)
    5: $313y (via $auto$simplemap.cc:227:simplemap_lognot$158863)
    6: $314y (via $auto$simplemap.cc:256:simplemap_logbin$158845)
    7: $316y (via $auto$simplemap.cc:256:simplemap_logbin$158899)
    8: \fw_mux.fw_b [1] (via $auto$simplemap.cc:298:simplemap_mux$156400)
    9: $auto$rtlil.cc:3488:NotGate$163249 (via $auto$opt_expr.cc:607:replace_const_cells$163248)
   10: $auto$simplemap.cc:277:simplemap_eqne$156895 (via $auto$simplemap.cc:157:simplemap_reduce$156898)
   11: $procmux$142678_CMP (via $auto$simplemap.cc:227:simplemap_lognot$156900)
   12: $auto$simplemap.cc:465:simplemap_pmux$156668 (via $auto$simplemap.cc:460:simplemap_pmux$156667)
   13: $auto$simplemap.cc:189:logic_reduce$156671 (via $auto$simplemap.cc:198:logic_reduce$156672)
   14: \alu_unit.b [0] (via $auto$simplemap.cc:474:simplemap_pmux$156673)
   15: $auto$alumacc.cc:548:replace_alu$144537.BB [0] (via $auto$simplemap.cc:46:simplemap_not$163054)
   16: $auto$alumacc.cc:548:replace_alu$144537.X [0] (via $auto$simplemap.cc:106:simplemap_bitop$163118)
   17: $auto$alumacc.cc:548:replace_alu$144537.CO [3] (via $auto$alumacc.cc:548:replace_alu$144537.genblk1.slice[0].genblk1.carry4)
   18: $auto$alumacc.cc:548:replace_alu$144537.CO [7] (via $auto$alumacc.cc:548:replace_alu$144537.genblk1.slice[1].genblk1.carry4)
   19: $auto$alumacc.cc:548:replace_alu$144537.CO [11] (via $auto$alumacc.cc:548:replace_alu$144537.genblk1.slice[2].genblk1.carry4)
   20: $auto$alumacc.cc:548:replace_alu$144537.CO [15] (via $auto$alumacc.cc:548:replace_alu$144537.genblk1.slice[3].genblk1.carry4)
   21: $auto$alumacc.cc:548:replace_alu$144537.CO [19] (via $auto$alumacc.cc:548:replace_alu$144537.genblk1.slice[4].genblk1.carry4)
   22: $auto$alumacc.cc:548:replace_alu$144537.CO [23] (via $auto$alumacc.cc:548:replace_alu$144537.genblk1.slice[5].genblk1.carry4)
   23: $auto$alumacc.cc:548:replace_alu$144537.CO [27] (via $auto$alumacc.cc:548:replace_alu$144537.genblk1.slice[6].genblk1.carry4)
   24: $auto$alumacc.cc:548:replace_alu$144537.Y [28] (via $auto$alumacc.cc:548:replace_alu$144537.genblk1.slice[7].genblk1.carry4)
   25: $techmap$auto$pmux2shiftx.cc:714:execute$144187.$12\buffer[511:0] [28] (via $auto$simplemap.cc:298:simplemap_mux$161338)
   26: $techmap$auto$pmux2shiftx.cc:714:execute$144187.$14\buffer[511:0] [28] (via $auto$simplemap.cc:298:simplemap_mux$162362)
   27: $techmap$auto$pmux2shiftx.cc:714:execute$144187.$16\buffer[511:0] [28] (via $auto$simplemap.cc:298:simplemap_mux$161850)
   28: \ex_mem.alu_result_in [28] (via $auto$simplemap.cc:298:simplemap_mux$160826)
   29: $auto$simplemap.cc:189:logic_reduce$158492 [14] (via $auto$simplemap.cc:198:logic_reduce$158507)
   30: $auto$simplemap.cc:189:logic_reduce$158509 [7] (via $auto$simplemap.cc:198:logic_reduce$158517)
   31: $auto$simplemap.cc:189:logic_reduce$158518 [3] (via $auto$simplemap.cc:198:logic_reduce$158522)
   32: $auto$simplemap.cc:189:logic_reduce$158523 [1] (via $auto$simplemap.cc:198:logic_reduce$158525)
   33: $auto$simplemap.cc:189:logic_reduce$158526 (via $auto$simplemap.cc:198:logic_reduce$158527)
   34: \zero (via $auto$simplemap.cc:227:simplemap_lognot$158528)
   35: $408y (via $auto$simplemap.cc:256:simplemap_logbin$158254)
   36: \branch_taken (via $auto$simplemap.cc:256:simplemap_logbin$158253)
   37: \id_ex.flush (via $auto$simplemap.cc:256:simplemap_logbin$158188)
   38: $206y (via $auto$simplemap.cc:256:simplemap_logbin$159152)
   39: $auto$opt_dff.cc:391:combine_resets$144170 (via $auto$simplemap.cc:157:simplemap_reduce$152973)
   ff: \id_ex.rdata2_out [31] (via $auto$ff.cc:337:slice$160079)

End of script. Logfile hash: f64d9c70dd, time: 41.77s, user: 32.75s, system: 3.72s, MEM: 265.12 MB peak
Yosys 0.68+136 (git sha1 c30457480-dirty, Release, Clang /usr/bin/clang++ 21.1.8)
Time spent: 27% 37x read_verilog (11 sec), 16% 1x abc9_exe (6 sec), ...
